{"type":"FeatureCollection","features":[{"type":"Feature","id":"Tavok","properties":{"id":"Tavok","tracedAreaKm2":264872},"geometry":{"type":"MultiPolygon","coordinates":[[[[-88.1325,-40.7475],[-87.8175,-40.9725],[-87.7275,-41.1975],[-87.5925,-41.1975],[-87.5475,-41.2425],[-87.5025,-41.4675],[-87.3675,-41.6025],[-87.3675,-41.7825],[-87.1425,-42.0525],[-87.1425,-42.3675],[-87.1875,-42.4125],[-87.0975,-42.4125],[-87.0075,-42.5025],[-87.0075,-42.7275],[-86.9175,-42.7275],[-86.8725,-42.8175],[-86.7375,-42.9075],[-86.4675,-42.9075],[-86.3325,-43.0875],[-86.1525,-43.0875],[-85.6575,-42.6825],[-85.6575,-42.5925],[-85.5675,-42.4575],[-85.3425,-42.3675],[-85.2975,-41.8725],[-85.0725,-41.6025],[-85.0725,-41.5125],[-85.0275,-41.4675],[-85.0275,-41.1525],[-84.8475,-40.7925],[-84.5775,-40.7925],[-84.5325,-40.8375],[-84.5325,-41.0175],[-84.4875,-41.0625],[-84.2175,-41.0175],[-84.1725,-40.9725],[-84.0375,-41.0625],[-83.9025,-41.0625],[-83.6325,-40.9275],[-83.4975,-40.7475],[-83.2725,-40.5675],[-83.0925,-40.6125],[-82.8675,-40.4775],[-82.4175,-40.4775],[-82.2375,-40.6125],[-82.1025,-40.8375],[-81.9225,-40.9275],[-81.7425,-40.9275],[-81.5625,-40.8375],[-81.4275,-40.7025],[-81.3375,-40.5225],[-81.1125,-40.4775],[-80.9775,-40.3875],[-80.8875,-40.1625],[-80.8875,-39.8925],[-80.7075,-39.7125],[-80.5725,-39.6675],[-80.6625,-39.6225],[-80.7975,-39.4875],[-80.7975,-39.3975],[-80.8875,-39.3525],[-80.9325,-39.3975],[-80.9775,-39.3525],[-81.3375,-39.3525],[-81.3825,-39.2625],[-81.4725,-39.2625],[-81.6075,-39.1725],[-81.7425,-39.1725],[-81.8325,-39.0375],[-82.1025,-39.0375],[-82.1475,-38.9925],[-82.2375,-38.9925],[-82.2825,-38.9025],[-82.4625,-38.9025],[-82.6425,-38.7675],[-82.8675,-38.7675],[-83.0025,-38.6775],[-83.0925,-38.8125],[-83.0925,-38.9475],[-83.1375,-38.9925],[-83.3625,-38.9925],[-83.4525,-39.0825],[-83.5425,-39.0825],[-83.5875,-39.1275],[-83.9025,-39.1275],[-83.9925,-39.3075],[-84.1275,-39.3075],[-84.1725,-39.3525],[-84.2625,-39.5775],[-84.4425,-39.5775],[-84.5775,-39.8025],[-84.8475,-39.8025],[-84.9825,-39.6675],[-85.0725,-39.6675],[-85.1175,-39.5775],[-85.3425,-39.4425],[-85.3425,-39.3075],[-85.5675,-39.2175],[-85.6575,-39.1275],[-85.7025,-38.9925],[-85.9725,-38.9925],[-86.1075,-38.8575],[-86.1075,-38.7225],[-86.1975,-38.6325],[-86.2425,-38.7225],[-86.4225,-38.8575],[-86.5575,-39.0375],[-86.6025,-39.0375],[-86.5575,-39.1275],[-86.5575,-39.3975],[-86.6475,-39.4875],[-87.4575,-39.4425],[-87.5925,-39.3525],[-87.7275,-39.4425],[-87.7275,-39.7125],[-87.8175,-39.7575],[-87.8175,-39.9375],[-87.9075,-39.9825],[-87.9075,-40.4775],[-87.9975,-40.6125],[-88.1325,-40.7025],[-88.1325,-40.7475]]],[[[-89.6175,-37.1475],[-89.9775,-37.1475],[-90.0675,-37.1025],[-90.1575,-37.2825],[-90.2475,-37.2825],[-90.3825,-37.3725],[-90.3375,-37.4175],[-90.3375,-37.9575],[-90.3375,-38.4975],[-90.4275,-38.6325],[-90.5625,-38.6325],[-90.7875,-38.8125],[-90.7875,-38.9025],[-90.9225,-38.9925],[-90.9225,-39.3075],[-90.7425,-39.3525],[-90.6075,-39.4425],[-90.6075,-39.7125],[-90.5175,-39.8475],[-90.3825,-39.8475],[-90.2925,-39.8025],[-90.2475,-39.7125],[-90.0675,-39.7125],[-89.9775,-39.6225],[-89.9325,-39.3975],[-90.0225,-39.3075],[-90.0225,-38.9925],[-89.9775,-38.9475],[-89.8875,-38.9475],[-89.7525,-38.7675],[-89.4375,-38.7675],[-89.2575,-38.9475],[-89.0325,-38.8575],[-88.8975,-38.6775],[-88.8975,-37.9125],[-88.9425,-37.9125],[-88.9875,-37.8225],[-89.1225,-37.7325],[-89.2125,-37.5525],[-89.3025,-37.5525],[-89.3475,-37.4625],[-89.4825,-37.3725],[-89.4825,-37.2375],[-89.5725,-37.2375],[-89.6175,-37.1475]]],[[[-93.1725,-37.0125],[-93.2175,-37.1025],[-93.3525,-37.1025],[-93.3975,-37.1475],[-93.3975,-37.2375],[-93.5325,-37.3725],[-93.9825,-37.3725],[-94.0275,-37.3275],[-94.0275,-37.1025],[-94.2525,-37.1025],[-94.2975,-37.1475],[-94.2975,-37.2375],[-94.4775,-37.4175],[-94.5225,-37.4175],[-94.6575,-37.5975],[-94.9275,-37.7775],[-94.9275,-37.9125],[-95.1975,-38.0475],[-95.1975,-38.0925],[-95.3775,-38.2725],[-95.3775,-38.4075],[-95.4225,-38.4525],[-95.3775,-38.4975],[-95.3775,-38.5875],[-95.1975,-38.7225],[-95.1525,-38.9025],[-95.1075,-38.9475],[-94.8825,-38.9475],[-94.7025,-39.0825],[-94.6575,-39.2175],[-94.4775,-39.2175],[-94.1175,-39.5775],[-94.0275,-39.7125],[-94.0275,-39.8025],[-93.8925,-39.9825],[-93.6675,-39.9825],[-93.5325,-39.8925],[-93.5325,-39.7575],[-93.4425,-39.6675],[-93.3075,-39.6675],[-93.2625,-39.6225],[-93.2175,-39.4875],[-92.9925,-39.2625],[-92.9925,-38.9925],[-92.8575,-38.9025],[-92.8125,-38.5425],[-92.6775,-38.3625],[-92.7225,-38.3175],[-92.7225,-38.0925],[-92.7675,-38.0475],[-92.7675,-37.7325],[-92.5875,-37.6425],[-92.6325,-37.5975],[-92.6325,-37.4175],[-92.7225,-37.3275],[-92.8575,-37.3275],[-92.9025,-37.2825],[-92.9025,-37.1925],[-93.1725,-37.0125]]],[[[-97.7625,-36.7425],[-97.8525,-36.8775],[-97.9875,-36.9675],[-97.9875,-37.1025],[-98.0325,-37.1475],[-98.1225,-37.1475],[-98.2125,-37.1925],[-98.3025,-37.3275],[-98.3925,-37.3275],[-98.4375,-37.5525],[-98.5725,-37.6425],[-98.3025,-37.8225],[-98.1675,-37.8225],[-98.1225,-37.8675],[-98.1225,-37.9575],[-97.7625,-37.9575],[-97.6725,-38.0925],[-97.5375,-38.1825],[-97.4925,-38.0925],[-97.4025,-38.0925],[-97.2225,-37.9575],[-97.0875,-37.9125],[-97.0875,-37.7775],[-97.0425,-37.7325],[-97.0425,-37.6425],[-96.9525,-37.5975],[-96.9525,-37.5075],[-97.1775,-37.4175],[-97.3125,-37.4175],[-97.3575,-37.3725],[-97.4025,-36.9675],[-97.4475,-36.9675],[-97.4925,-36.8775],[-97.7175,-36.8325],[-97.7625,-36.7425]]],[[[-100.5525,-33.9075],[-100.6875,-33.9975],[-100.6875,-34.0875],[-100.8675,-34.2675],[-101.0025,-34.2675],[-101.1375,-34.4475],[-101.1375,-34.7625],[-101.1825,-34.8075],[-100.9575,-34.8525],[-100.8225,-35.1225],[-100.5975,-35.1675],[-100.4625,-35.3025],[-100.4625,-35.4375],[-100.4175,-35.4825],[-100.2375,-35.4825],[-99.9225,-35.8425],[-99.7875,-35.7075],[-99.5625,-35.7075],[-99.4725,-35.6625],[-99.3375,-35.3925],[-99.1575,-35.3925],[-99.1125,-35.3475],[-99.2925,-35.0775],[-99.2925,-34.8975],[-99.3375,-34.8525],[-99.4275,-34.8525],[-99.4725,-34.8075],[-99.4725,-34.7175],[-99.6075,-34.5375],[-99.9225,-34.2675],[-99.9225,-34.0875],[-100.0575,-33.9525],[-100.0575,-33.8625],[-100.1925,-33.8625],[-100.2375,-33.9075],[-100.5525,-33.9075]]]]}},{"type":"Feature","id":"Sunseong","properties":{"id":"Sunseong","tracedAreaKm2":191367},"geometry":{"type":"MultiPolygon","coordinates":[[[[145.3725,35.0775],[145.2375,34.9425],[145.1925,34.7175],[145.2825,34.6725],[145.4625,34.4925],[145.4625,34.4475],[145.6875,34.4475],[145.7325,34.4025],[145.8675,34.4475],[145.9575,34.5375],[145.9125,34.6275],[145.7775,34.7175],[145.7325,34.9875],[145.6875,35.0325],[145.4175,35.0325],[145.3725,35.0775]]],[[[140.6475,37.2825],[140.6025,37.2375],[140.2875,37.2375],[140.1525,37.0575],[139.9725,36.9675],[140.0625,36.8325],[140.0625,36.6975],[140.1975,36.5625],[140.3325,36.6975],[140.8725,36.7425],[140.9175,36.7875],[140.8275,36.8775],[140.8275,37.1475],[140.6475,37.2825]]],[[[139.8375,37.6425],[139.7025,37.7325],[139.6575,37.6875],[139.2975,37.6875],[139.1625,37.5525],[139.2975,37.4625],[139.4325,37.2825],[139.5675,37.3275],[139.8375,37.6425]]],[[[139.6125,42.2775],[139.5675,42.3225],[139.2975,42.3225],[139.1175,42.1875],[139.1175,42.0075],[139.2075,41.9175],[139.3425,41.9175],[139.3875,41.9625],[139.3875,42.0525],[139.4775,42.0975],[139.6125,42.2775]]],[[[139.0725,40.9725],[139.2075,40.7925],[139.2975,40.7475],[139.2975,40.6575],[139.4325,40.5675],[139.4325,40.4775],[139.4775,40.4325],[139.6125,40.4325],[139.6575,40.3875],[139.7925,40.3875],[140.0175,40.2975],[140.3325,40.2975],[140.3775,40.2525],[140.4225,39.5325],[140.5125,39.4875],[140.5125,39.1275],[140.4225,39.0375],[140.4225,38.7675],[140.3325,38.6775],[140.4225,38.5425],[140.6025,38.4525],[140.6475,38.4975],[140.7375,38.4975],[140.7375,38.5875],[140.7825,38.6325],[140.8725,38.6325],[141.0975,38.8125],[141.2325,38.8125],[141.2775,38.8575],[141.9075,38.8125],[141.9525,38.7675],[141.9525,38.6775],[142.0425,38.5875],[142.0875,38.6325],[142.3575,38.6325],[142.4925,38.4525],[142.4925,38.2275],[142.5375,38.2275],[142.7175,38.0475],[142.7175,37.9575],[142.8075,37.7775],[143.1225,37.7775],[143.1675,37.8225],[143.2575,37.8225],[143.4375,38.0025],[143.5725,38.0025],[143.6175,38.0475],[143.6625,38.7675],[143.7525,38.9475],[143.7525,39.0825],[143.9325,39.1725],[143.9325,39.2625],[144.0225,39.4425],[144.1575,39.5325],[144.4725,39.5325],[144.6525,39.3975],[144.7425,39.3975],[144.8325,39.4875],[145.0575,39.4875],[145.1475,39.5775],[145.2375,39.5775],[145.3275,39.7125],[145.4625,39.7125],[145.5075,39.7575],[145.5075,39.8925],[145.5525,39.9375],[145.7325,39.9375],[145.8675,40.0275],[145.8675,40.1175],[146.0925,40.3875],[146.0925,40.4775],[146.2275,40.5675],[146.1825,40.6125],[146.1375,40.8375],[146.0025,40.9275],[145.9575,41.0175],[145.8675,41.0175],[145.7775,41.1975],[145.5975,41.2875],[145.4625,41.2875],[145.1925,41.5125],[145.1925,41.6025],[145.0575,41.5125],[144.5625,41.4675],[144.5625,41.3775],[144.5175,41.3325],[144.3825,41.3325],[144.2475,41.1525],[144.1575,41.1525],[144.1125,41.1075],[143.4375,41.1075],[143.3025,41.2425],[143.3025,41.5575],[143.3475,41.6475],[143.2575,41.7825],[143.2575,41.9625],[143.1225,42.0525],[143.1225,42.1875],[143.0325,42.2775],[142.8975,42.2775],[142.6275,42.5925],[142.4925,42.4575],[141.9975,42.4575],[141.8625,42.5925],[141.7725,42.5925],[141.7275,42.6375],[141.5925,42.5025],[141.4575,42.5025],[141.4125,42.2775],[141.2775,42.0975],[140.9175,42.0975],[140.8725,42.1425],[140.8725,42.4125],[140.9175,42.4575],[140.8275,42.5025],[140.8275,42.7275],[140.7825,42.7725],[140.7825,42.8625],[140.6925,42.9075],[140.6025,43.0425],[140.5125,43.0425],[140.4225,43.1325],[140.3325,43.1325],[140.2875,43.2225],[140.0625,43.2225],[139.9725,43.1325],[139.9725,42.9975],[139.8375,42.9075],[139.8375,42.8175],[139.7925,42.7725],[140.0175,42.6825],[140.0175,41.8725],[139.9725,41.8275],[139.9725,41.6025],[139.7475,41.4225],[139.5225,41.3775],[139.2075,41.0175],[139.1175,41.0175],[139.0725,40.9725]]]]}},{"type":"Feature","id":"Orioni","properties":{"id":"Orioni","tracedAreaKm2":1480637},"geometry":{"type":"MultiPolygon","coordinates":[[[[108.6975,-52.1775],[108.5175,-52.0425],[108.5175,-52.0875],[108.2925,-52.2675],[108.2925,-52.3575],[108.2025,-52.4025],[108.1575,-52.4925],[108.4275,-52.5375],[108.4725,-52.5825],[108.6525,-52.5825],[108.7425,-52.5375],[108.6525,-52.4925],[108.6525,-52.2225],[108.6975,-52.1775]]],[[[114.7725,-50.9175],[114.6375,-51.0075],[114.6375,-51.1425],[114.5925,-51.1875],[114.6825,-51.2325],[114.6825,-51.3225],[114.8175,-51.2775],[114.8175,-51.0075],[114.7725,-50.9175]]],[[[115.9425,-50.1075],[115.9425,-50.2425],[115.9875,-50.2425],[116.0775,-50.3775],[116.2575,-50.3775],[116.2575,-50.2875],[116.3025,-50.2425],[116.1675,-50.1525],[116.1675,-50.0625],[116.1225,-50.0175],[115.9425,-50.1075]]],[[[115.5375,-49.5675],[115.3575,-49.4325],[115.2225,-49.4325],[115.1775,-49.3425],[115.0425,-49.2525],[115.0425,-49.2075],[114.8175,-49.1625],[114.6375,-49.4325],[114.3675,-49.4325],[114.1875,-49.6125],[114.1875,-49.8375],[114.1425,-49.8825],[114.1425,-49.9725],[114.1875,-50.0175],[114.4125,-50.0175],[114.4575,-49.9725],[114.4575,-49.8825],[114.5475,-49.7925],[115.1325,-49.8375],[115.1775,-49.7475],[115.4925,-49.7475],[115.4925,-49.6125],[115.5375,-49.5675]]],[[[96.0075,-45.6975],[95.8725,-45.7875],[95.8725,-45.9225],[95.9625,-45.9225],[96.0075,-46.0125],[96.0975,-45.8775],[96.0975,-45.7875],[96.0075,-45.6975]]],[[[131.6475,-45.3825],[131.6475,-45.5625],[131.6925,-45.6075],[131.8275,-45.6075],[131.9625,-45.6975],[132.0525,-45.6975],[132.0075,-45.6525],[132.0075,-45.4275],[131.9625,-45.3375],[131.6925,-45.3375],[131.6475,-45.3825]]],[[[91.7775,-45.4275],[91.7775,-45.6525],[91.8225,-45.6525],[91.8675,-45.7425],[92.0025,-45.6075],[92.3175,-45.6075],[92.3625,-45.5175],[92.2725,-45.3375],[91.9575,-45.3375],[91.9125,-45.2475],[91.7775,-45.4275]]],[[[135.1125,-45.2475],[134.9775,-45.1575],[134.6625,-45.1575],[134.3925,-45.2925],[134.3475,-45.4725],[134.1225,-45.5625],[134.1225,-45.7425],[134.0325,-45.7875],[134.0325,-45.8325],[134.1225,-45.9675],[134.2575,-46.0125],[134.3025,-46.1025],[134.6175,-45.9675],[134.6625,-45.9225],[134.6625,-45.8325],[134.7525,-45.7425],[134.8875,-45.6975],[134.9325,-45.6075],[135.0675,-45.6075],[135.1125,-45.5625],[135.1125,-45.2475]]],[[[135.9675,-44.3025],[135.9675,-44.4825],[135.7875,-44.6175],[135.8325,-44.7075],[135.8325,-44.9775],[135.8775,-45.0225],[136.0125,-44.8425],[136.0125,-44.7525],[136.1025,-44.7075],[136.1925,-44.5725],[136.1925,-44.4375],[135.9675,-44.3025]]],[[[117.1575,-39.3075],[116.8875,-39.5325],[116.8875,-39.6675],[116.9775,-39.7575],[117.2025,-39.7575],[117.2925,-39.8475],[117.4275,-39.8475],[117.4725,-39.8925],[117.4725,-40.2975],[117.2475,-40.3875],[117.0675,-40.3875],[117.0675,-40.4775],[117.0225,-40.5225],[117.0675,-40.5675],[117.0675,-40.8825],[117.2475,-40.9725],[117.2475,-41.1525],[117.5175,-41.1975],[117.5625,-41.1525],[117.6525,-41.1525],[117.8325,-40.9725],[117.8775,-40.9725],[117.8775,-40.8825],[117.9675,-40.8375],[117.9225,-40.7475],[117.9225,-40.3425],[117.9675,-40.2525],[118.0575,-40.2075],[118.0575,-39.8025],[117.7875,-39.6225],[117.6075,-39.6225],[117.4725,-39.5325],[117.4725,-39.4425],[117.2475,-39.3975],[117.1575,-39.3075]]],[[[115.6725,-38.1375],[115.4925,-38.0475],[115.3575,-38.1375],[115.3575,-38.2725],[115.3125,-38.3175],[115.1325,-38.3625],[115.0875,-38.4525],[114.8625,-38.4525],[114.8175,-38.4975],[114.8175,-38.7225],[114.7275,-38.7675],[114.7725,-38.8125],[114.7725,-38.9025],[114.9075,-38.9025],[115.1775,-39.0375],[115.3575,-38.9475],[115.4475,-38.8575],[115.4475,-38.4525],[115.5375,-38.4075],[115.6275,-38.2725],[115.6725,-38.2725],[115.6725,-38.1375]]],[[[100.2825,-36.6975],[100.2375,-37.0125],[100.1025,-37.1025],[100.1025,-37.2375],[100.0125,-37.2825],[100.0125,-37.4175],[100.0575,-37.4625],[100.0575,-37.8675],[100.0125,-37.9125],[100.0575,-37.9575],[100.0575,-38.3175],[100.1025,-38.3175],[100.2375,-38.4975],[100.4175,-38.3625],[100.8675,-38.3625],[101.0475,-38.4975],[101.0475,-38.3175],[101.0925,-38.2725],[101.2275,-38.2725],[101.2725,-38.0475],[101.3175,-38.0025],[101.2725,-38.0025],[101.1825,-37.8675],[100.6875,-37.8225],[100.5975,-37.7325],[100.5975,-37.5075],[100.5075,-37.3725],[100.5075,-37.0575],[100.5525,-37.0125],[100.5525,-36.8325],[100.5975,-36.7875],[100.4175,-36.6975],[100.2825,-36.6975]]],[[[128.2275,-29.9925],[128.2725,-30.2175],[128.4075,-30.2625],[128.4525,-30.3075],[128.4525,-30.3975],[128.5875,-30.3975],[128.8575,-30.5325],[129.2625,-30.5325],[129.3075,-30.6225],[129.3525,-30.6225],[129.3975,-30.5325],[129.5775,-30.5325],[129.7125,-30.4425],[129.7125,-30.2625],[129.5775,-30.0825],[129.5775,-29.9025],[129.3525,-29.7225],[129.2175,-29.7225],[129.1725,-29.6775],[129.1275,-29.7225],[128.8125,-29.7225],[128.7225,-29.6325],[128.7225,-29.5425],[128.5875,-29.6325],[128.4525,-29.6325],[128.4525,-29.9025],[128.2275,-29.9925]]],[[[151.7175,-21.8025],[151.4925,-22.0275],[151.4475,-22.2975],[151.4925,-22.3425],[151.6725,-22.3425],[151.8075,-22.5225],[151.8975,-22.2975],[152.0775,-22.1625],[151.9425,-21.9825],[151.8525,-21.9825],[151.7175,-21.8025]]],[[[144.3825,-18.5175],[144.1125,-18.6975],[144.1125,-18.9225],[144.0675,-18.9675],[144.1125,-19.0575],[144.1125,-19.3725],[144.0675,-19.4175],[144.2925,-19.5525],[144.2925,-19.6425],[144.3825,-19.6425],[144.5175,-19.8225],[144.6525,-19.8225],[144.7875,-19.7325],[144.7875,-19.6425],[144.8775,-19.5525],[145.0575,-19.5075],[145.1025,-19.2825],[145.2375,-19.1925],[145.1925,-19.1025],[145.1925,-18.8325],[145.1025,-18.7425],[145.0125,-18.7425],[144.9225,-18.6525],[144.9225,-18.5625],[144.8775,-18.5175],[144.7875,-18.5625],[144.4275,-18.5625],[144.3825,-18.5175]]],[[[118.7775,-15.8625],[118.6875,-15.9525],[118.3725,-15.9525],[118.2825,-16.0425],[118.2375,-16.2225],[118.1475,-16.3125],[118.0125,-16.3125],[117.9225,-16.4025],[117.9225,-16.4925],[117.8775,-16.5375],[117.8775,-16.8525],[117.9675,-16.8525],[118.0125,-16.9425],[118.1475,-17.0325],[118.1475,-17.1225],[118.4175,-17.1225],[118.4625,-17.1675],[118.7325,-17.0775],[118.7325,-16.8975],[118.9575,-16.8075],[118.9575,-16.3575],[119.0025,-16.3125],[118.9575,-16.2675],[118.9575,-16.1325],[118.8225,-16.0425],[118.8225,-15.9075],[118.7775,-15.8625]]],[[[138.8025,-15.1425],[138.9375,-15.2775],[139.2525,-15.2775],[139.2525,-15.1425],[139.2975,-15.0975],[139.2075,-15.0975],[139.1175,-15.0075],[139.0275,-15.0075],[138.9375,-15.0975],[138.8475,-15.0975],[138.8025,-15.1425]]],[[[115.0875,-13.2975],[115.1775,-13.5225],[115.2225,-13.5675],[115.3125,-13.5675],[115.4025,-13.6575],[115.5825,-13.6125],[115.5825,-13.5225],[115.6275,-13.4775],[115.7175,-13.4775],[115.8525,-13.3875],[115.8525,-13.3425],[115.8075,-13.2975],[115.7175,-13.2975],[115.5825,-13.1175],[115.2675,-13.1175],[115.0875,-13.2975]]],[[[157.4325,-12.8925],[157.1625,-12.8925],[157.0725,-12.9825],[157.0725,-13.1175],[157.0275,-13.1625],[157.0275,-13.2525],[157.0725,-13.2975],[157.0725,-13.5225],[157.1175,-13.5675],[157.1175,-13.6575],[157.2075,-13.7025],[157.2975,-13.7025],[157.3875,-13.6125],[157.4325,-13.2525],[157.5675,-13.0725],[157.4325,-12.8925]]],[[[128.2725,-12.3525],[128.0025,-12.6225],[128.0025,-12.6675],[128.0475,-12.7125],[128.0475,-12.8025],[128.1375,-12.8925],[128.4075,-12.9825],[128.4525,-12.8475],[128.6325,-12.7575],[128.3625,-12.3975],[128.2725,-12.3525]]],[[[112.4325,-9.0675],[112.3425,-9.1575],[112.2525,-9.1575],[112.1175,-9.2475],[112.1175,-9.3825],[112.1625,-9.4275],[112.2975,-9.4275],[112.3875,-9.5175],[112.3875,-9.6075],[112.4775,-9.6075],[112.5225,-9.6525],[112.6125,-9.5625],[112.7025,-9.5625],[112.7475,-9.5175],[112.6575,-9.4275],[112.6575,-9.3375],[112.4775,-9.2025],[112.4775,-9.1125],[112.4325,-9.0675]]],[[[132.7275,-8.3475],[132.3675,-8.0325],[132.3675,-7.9425],[132.3225,-7.8975],[131.9175,-8.2575],[131.9175,-8.3475],[131.8275,-8.4825],[131.8725,-8.5275],[132.4575,-8.5275],[132.5475,-8.6175],[132.7275,-8.3475]]],[[[138.7125,-7.5375],[138.6675,-7.4925],[138.6675,-7.2225],[138.5325,-7.0875],[138.5325,-6.9075],[138.3975,-6.7725],[138.2625,-6.7725],[138.2175,-6.7275],[138.2175,-6.6375],[138.1275,-6.5475],[138.1275,-6.4575],[137.8125,-6.0975],[137.5425,-6.0975],[137.4525,-6.1875],[137.2275,-6.1875],[137.1375,-6.3675],[136.9575,-6.4125],[136.8675,-6.5025],[136.6425,-6.5025],[136.5525,-6.6375],[136.2375,-6.6375],[136.1925,-6.6825],[136.1925,-6.7725],[136.0575,-6.9075],[135.9225,-6.9075],[135.7425,-7.0425],[135.7875,-7.1325],[135.7875,-7.4475],[135.8775,-7.5375],[135.8775,-7.6275],[135.9225,-7.6725],[136.0125,-7.6725],[136.0575,-7.7625],[136.2825,-7.7625],[136.5075,-7.9425],[136.5075,-8.0325],[136.6875,-8.0325],[136.7775,-8.1225],[136.8225,-8.0775],[137.1375,-8.0775],[137.1825,-8.0325],[137.5875,-8.0325],[137.6775,-8.1675],[137.7225,-8.1675],[137.8125,-8.0325],[138.1275,-7.9875],[138.2625,-7.8975],[138.2625,-7.8075],[138.3075,-7.7625],[138.4875,-7.7625],[138.6225,-7.6725],[138.7125,-7.5375]]],[[[131.9175,-6.0075],[131.8725,-6.0075],[131.8275,-5.9175],[131.6925,-5.8275],[131.5125,-6.0975],[131.4675,-6.3225],[131.3325,-6.4125],[131.0625,-6.4125],[130.9725,-6.3225],[130.9275,-6.3675],[130.6575,-6.3675],[130.6125,-6.3225],[130.5675,-6.3675],[130.5675,-6.4575],[130.3425,-6.6375],[130.1625,-6.6375],[130.0725,-6.7275],[129.8475,-6.7275],[129.8475,-6.7725],[129.7125,-6.8625],[129.6675,-6.9975],[129.5325,-7.0875],[129.5325,-7.3575],[129.3975,-7.4475],[129.3525,-7.7175],[129.2625,-7.8075],[129.3975,-7.8975],[129.4875,-7.8975],[129.6225,-8.0775],[129.7125,-8.0775],[129.7575,-8.1675],[129.8475,-8.1675],[130.1175,-8.3925],[130.1625,-8.3475],[130.4325,-8.3475],[130.6575,-8.4375],[130.8825,-8.3925],[130.9275,-8.3475],[130.9275,-8.2125],[131.1525,-8.0775],[131.2425,-7.8975],[131.4225,-7.8975],[131.4225,-7.8525],[131.6025,-7.7175],[131.6475,-7.4475],[131.8725,-7.3575],[131.85,-6.8175],[131.8275,-6.2775],[131.9175,-6.1875],[131.9175,-6.0075]]],[[[134.7525,-4.9275],[134.7075,-4.8375],[134.6175,-4.8375],[134.4825,-4.7025],[134.1675,-4.5675],[134.0775,-4.6575],[133.9425,-4.6575],[133.8525,-4.7475],[133.7175,-4.7475],[133.6275,-4.9275],[133.5375,-4.9275],[133.2675,-5.0625],[133.2675,-5.1975],[133.0875,-5.2875],[132.9075,-5.4675],[133.0875,-5.6025],[133.3125,-5.6025],[133.4025,-5.8275],[133.6275,-5.8275],[133.7175,-5.6925],[134.0325,-5.6475],[134.1225,-5.4675],[134.2125,-5.4225],[134.3025,-5.2875],[134.4375,-5.2875],[134.5275,-5.1525],[134.5275,-5.0625],[134.5725,-5.0175],[134.6625,-5.0175],[134.7525,-4.9275]]],[[[136.6875,-3.9825],[136.6425,-4.1625],[136.4625,-4.4325],[136.4625,-4.5225],[136.3725,-4.6125],[136.3725,-4.7475],[136.2825,-4.9725],[136.4625,-5.1075],[136.4625,-5.2875],[136.5075,-5.3325],[136.5975,-5.2425],[136.8225,-5.2425],[136.8675,-5.1975],[136.8675,-5.0625],[136.9575,-4.9725],[137.1825,-4.9275],[137.1825,-4.7475],[137.1375,-4.7025],[137.1375,-4.4775],[137.0925,-4.4325],[137.0925,-4.3425],[136.9575,-4.2525],[136.9575,-4.1175],[136.9125,-4.0725],[136.7775,-4.0725],[136.6875,-3.9825]]],[[[156.8025,-0.4725],[156.5775,-0.4275],[156.4875,-0.5625],[156.3075,-0.7425],[156.1725,-0.7875],[155.9925,-1.0125],[155.9925,-1.1475],[155.9025,-1.2825],[155.9475,-1.3275],[155.9475,-1.7325],[155.6325,-2.0025],[155.5875,-2.0925],[155.5875,-2.2725],[155.5425,-2.3175],[155.5425,-2.5425],[155.4075,-2.6325],[155.5425,-2.8125],[155.5425,-2.9025],[155.6325,-2.9475],[155.6325,-3.1275],[155.9475,-3.1275],[155.9925,-3.2175],[155.9925,-3.1275],[156.2175,-2.8575],[156.6675,-2.8575],[156.7125,-2.9025],[156.7575,-2.8575],[157.0275,-2.8575],[157.0725,-2.8125],[157.0725,-2.5875],[157.2075,-2.4975],[157.2075,-2.2725],[157.2525,-2.2275],[157.2525,-2.1375],[157.3425,-2.0925],[157.4325,-1.9575],[157.3425,-1.7325],[157.2075,-1.5525],[157.2075,-1.1925],[157.2525,-1.1025],[157.1625,-1.0125],[157.0725,-1.0125],[157.0275,-0.9675],[157.0275,-0.6975],[156.9825,-0.6075],[156.8025,-0.4725]]],[[[158.9625,4.7925],[158.8725,4.6125],[158.8725,4.4325],[158.9625,4.4325],[159.0975,4.2975],[159.0975,3.9825],[159.1875,3.9825],[159.3225,3.8925],[159.5025,3.8475],[159.5025,3.8925],[159.7275,4.1175],[159.6825,4.1625],[159.6825,4.4325],[159.7275,4.5225],[159.6825,4.5675],[159.4125,4.5675],[159.2775,4.6575],[159.2775,4.7475],[159.0075,4.7475],[158.9625,4.7925]]],[[[151.0875,30.2175],[150.7275,30.5325],[150.6825,30.5325],[150.5025,30.3975],[150.4125,30.3975],[150.2775,30.3075],[150.2775,30.2175],[150.2325,30.1725],[150.0075,30.1725],[149.6925,29.7675],[149.6925,29.5875],[149.6475,29.5425],[149.5125,29.5425],[149.4225,29.4525],[149.0175,29.4075],[148.8825,29.3175],[147.9825,29.2725],[147.9375,29.3175],[147.9375,29.4075],[147.4425,29.4525],[147.3975,29.4975],[147.3975,29.7675],[147.5775,29.8575],[147.6225,30.0375],[147.7125,30.0825],[147.8025,30.2175],[147.6675,30.3525],[147.6675,30.5775],[147.5775,30.7125],[147.5775,30.9375],[147.3975,30.9825],[147.3075,31.0725],[147.1725,30.9825],[147.1725,30.8925],[146.9925,30.7575],[146.9925,30.6675],[146.8575,30.4875],[146.8575,30.2175],[146.8125,30.1725],[146.8125,30.0825],[146.6775,29.9475],[146.6775,29.8575],[146.5425,29.7675],[146.6775,29.4525],[146.7675,29.4075],[146.9475,29.4075],[146.9925,29.3625],[146.9925,29.0475],[146.8125,28.8675],[146.8125,28.7775],[146.7225,28.6875],[146.7225,28.4625],[146.6325,28.3725],[146.6325,28.1925],[146.5875,28.1475],[146.6325,28.1025],[146.6325,27.4275],[146.5875,27.3825],[146.6325,27.2925],[146.6325,26.5725],[146.5875,26.5275],[146.6325,26.4825],[146.6325,26.3475],[146.7225,26.2575],[146.7225,25.8075],[146.8125,25.7625],[146.8125,25.2675],[146.7675,25.2225],[146.4075,25.2225],[146.2725,24.9975],[146.0025,24.8175],[145.2375,24.8175],[145.1925,24.8625],[145.0575,24.7725],[144.7875,24.7725],[144.7425,24.8175],[144.7425,25.1775],[144.7875,25.2225],[144.7875,25.3125],[144.8325,25.3575],[145.0575,25.3575],[145.1025,25.4025],[145.1025,25.4925],[145.2825,25.6275],[145.4625,25.6275],[145.5075,25.6725],[145.5075,25.8075],[145.6425,25.9425],[145.8225,25.9425],[145.8225,26.1225],[146.0025,26.3925],[146.0475,26.8425],[146.0025,26.9325],[145.9125,26.9325],[145.8675,26.9775],[145.8675,27.3825],[145.9575,27.4725],[145.9575,27.8325],[145.9125,27.9225],[145.5975,28.1925],[145.5075,28.1025],[145.5075,28.0125],[145.4625,27.9675],[145.3275,27.9675],[145.2825,27.8775],[144.9225,27.8775],[144.8325,28.1025],[144.7425,28.1025],[144.6975,28.1925],[144.6075,28.2375],[144.4275,28.2375],[144.3825,28.2825],[144.3375,28.2375],[143.9775,28.2375],[143.8425,28.1025],[143.8425,27.9225],[143.9325,27.7875],[144.0675,27.7875],[144.2475,27.5175],[144.2475,26.9775],[144.2025,26.9325],[143.9775,26.9325],[143.9325,26.8425],[143.7975,26.8425],[143.7075,26.7525],[143.6175,26.7525],[143.3475,26.4825],[143.2575,26.4825],[143.1675,26.3925],[143.0325,26.3925],[142.9425,26.2575],[142.6275,26.2575],[142.4475,26.0775],[142.3125,26.0775],[142.2675,25.9425],[142.0875,25.7625],[142.0425,25.5825],[141.9075,25.4925],[141.9075,25.1325],[141.8625,25.0875],[141.8625,24.7275],[141.8175,24.6825],[141.9075,24.4575],[141.9075,24.1875],[141.8175,24.0975],[141.9525,23.9625],[141.9525,23.6925],[141.9075,23.6475],[141.9975,23.5125],[142.1775,23.4225],[142.4925,23.4225],[142.5825,23.5125],[142.8075,23.5125],[142.9425,23.6925],[143.1225,23.6925],[143.1675,23.7375],[143.4375,23.7375],[143.4825,23.6925],[143.4825,23.4225],[143.3025,23.2875],[143.3025,23.1525],[143.1675,23.0625],[142.9875,23.0625],[142.9425,22.9725],[142.6725,22.9725],[142.6275,23.0175],[142.4925,22.8825],[142.4925,22.7475],[142.2675,22.6125],[142.2675,22.5225],[142.1325,22.3875],[142.1775,22.2975],[142.1775,22.0275],[142.1325,21.9375],[142.1775,21.8925],[142.2675,21.8925],[142.3575,21.8025],[142.3575,21.1725],[142.2675,21.0825],[142.2675,20.8575],[142.2225,20.8125],[142.3125,20.7225],[142.3125,20.3625],[142.2225,20.2725],[142.1775,19.8225],[142.1325,19.7775],[141.8625,19.7775],[141.7725,19.9125],[141.7725,20.1375],[141.7275,20.1825],[141.4575,20.1825],[141.3225,20.2725],[141.3225,20.3625],[141.1875,20.4525],[141.1875,20.5425],[141.1425,20.5875],[141.1425,20.9925],[141.0525,20.9925],[140.9625,21.0825],[140.9625,21.2625],[140.8275,21.3525],[140.8275,21.7575],[140.8725,21.8025],[140.7825,21.8925],[140.7825,22.4775],[140.7375,22.5225],[140.7375,22.8825],[140.7825,22.9275],[140.8725,22.9275],[140.9625,23.0175],[140.9625,23.1525],[141.0525,23.1975],[141.0525,23.2425],[140.9175,23.3325],[140.8275,23.3325],[140.7375,23.5575],[140.6475,23.6475],[140.3775,23.6475],[140.3325,23.6925],[140.3325,24.3225],[140.2875,24.3675],[140.1075,24.1425],[139.9725,24.0525],[139.8825,24.0525],[139.8825,24.0075],[139.7475,23.9175],[139.6575,23.7375],[139.5225,23.6475],[139.4775,23.4675],[139.3425,23.3325],[139.3875,23.2875],[139.3875,23.0175],[139.2525,22.9275],[139.2975,22.6575],[139.4325,22.5225],[139.5675,22.5225],[139.6575,22.2975],[139.8375,22.2075],[139.9275,22.2075],[140.0625,22.0725],[140.0625,21.7125],[139.9725,21.6225],[139.7925,21.6225],[139.6575,21.4425],[139.2975,21.4425],[139.2525,21.3975],[138.8025,21.3975],[138.7575,21.4425],[138.5775,21.4425],[138.3975,21.6675],[138.3525,21.6225],[138.1275,21.6225],[138.0825,21.5775],[137.9925,21.5775],[137.9025,21.4875],[137.5425,21.4875],[137.4525,21.4425],[137.3625,21.2175],[137.2725,21.2175],[137.0925,21.1275],[136.6425,21.1275],[136.5525,21.0375],[136.3275,20.9925],[136.1925,20.8125],[135.9675,20.8125],[135.7875,20.5875],[135.7425,20.3175],[135.6975,20.2725],[135.7875,20.1375],[135.9225,20.1375],[136.0125,20.0475],[136.0125,19.4175],[135.9675,19.3725],[135.9675,19.2825],[135.8325,19.1475],[135.7875,19.0125],[135.7425,18.9675],[135.6525,18.9675],[135.6075,18.8775],[135.3825,18.8775],[135.3375,18.8325],[135.2475,18.8325],[135.0225,18.6075],[134.9775,18.5175],[134.9775,18.3375],[135.0225,18.2925],[135.1575,18.2925],[135.2925,18.1575],[135.2925,18.0675],[135.3375,18.0225],[135.4275,18.0225],[135.5625,17.8875],[135.6525,17.8875],[135.7425,17.7975],[135.7425,17.5725],[135.7875,17.5275],[135.9225,17.5275],[136.1925,17.6625],[136.5975,17.6625],[136.6425,17.6175],[136.6425,17.3025],[136.5075,17.1225],[136.5075,17.0325],[136.5525,16.9875],[136.6875,16.9875],[136.7775,16.8975],[137.0925,16.8525],[137.1375,16.7625],[137.2275,16.8075],[137.5875,16.8075],[137.6775,16.6725],[137.9025,16.6725],[138.0375,16.4925],[138.2175,16.4025],[138.2625,16.3125],[138.3975,16.3125],[138.4875,16.2225],[138.8475,16.2225],[138.9375,16.1325],[138.9825,16.1775],[138.9825,16.3575],[139.0725,16.4475],[139.4325,16.4475],[139.8375,15.9075],[139.8375,15.8175],[139.9275,15.8175],[140.0175,15.7275],[140.3325,15.7275],[140.5125,15.5925],[140.6025,15.5925],[140.6475,15.6375],[140.8725,15.6375],[140.9625,15.7725],[141.1875,15.7725],[141.2325,15.9075],[141.4125,16.0425],[141.4125,16.2225],[141.4575,16.3125],[141.5475,16.3575],[141.5475,16.5825],[141.6375,16.6275],[141.6375,16.8975],[141.8175,17.1225],[141.8175,17.4375],[141.8625,17.4825],[142.3575,17.4375],[142.4925,17.3025],[142.5825,17.3925],[142.6725,17.3925],[142.7175,17.4825],[142.8525,17.4825],[142.8525,17.5725],[142.8975,17.6175],[143.0775,17.6175],[143.2125,17.7525],[143.2125,18.0225],[143.3475,18.1575],[143.7975,18.2025],[143.9325,17.9325],[143.9325,17.6175],[143.8875,17.5725],[143.9325,17.5275],[143.9325,17.2575],[143.7525,17.0775],[143.7525,16.8525],[143.6625,16.8075],[143.6175,16.7175],[143.7525,16.5825],[143.8425,16.5825],[143.9325,16.6275],[144.0225,16.7625],[144.2925,16.8525],[144.4275,16.9875],[144.4725,17.2125],[144.6075,17.3025],[144.6075,17.7975],[144.7875,18.0675],[144.9225,18.1575],[144.9225,18.3825],[145.1025,18.5175],[145.6875,18.4725],[145.7775,18.2925],[145.7775,18.0225],[145.7325,17.9325],[145.8675,17.7525],[145.9575,17.8425],[145.9575,17.9775],[146.0925,18.1125],[146.2725,18.1125],[146.4075,18.2925],[146.4075,18.3825],[146.4975,18.4725],[146.6775,18.5625],[146.9475,18.5625],[147.0825,18.4725],[147.2625,18.6525],[147.3075,18.6525],[147.3075,18.7875],[147.3525,18.8325],[147.2625,18.9225],[147.1725,18.9225],[147.1275,19.0125],[147.0375,19.0125],[146.9925,19.0575],[146.9925,19.4625],[147.1275,19.6425],[147.1275,19.7775],[147.2175,19.8675],[147.2175,19.9575],[147.3525,20.0925],[147.4875,20.0925],[147.5325,20.1375],[147.5325,20.2725],[147.7575,20.4975],[147.7575,20.6325],[147.7125,20.6775],[147.7125,20.9925],[147.6225,21.0825],[147.6225,21.2625],[147.5325,21.4425],[147.5325,21.7575],[147.6225,21.8925],[147.9375,21.8925],[148.1175,21.7125],[148.1175,21.2625],[148.0725,21.2175],[148.0725,21.0825],[148.2525,20.9025],[148.5225,20.9025],[148.6125,20.8125],[148.8375,20.8125],[148.8825,20.7675],[149.1975,20.9925],[149.1975,21.1275],[149.3325,21.2175],[149.4675,21.3975],[149.7375,21.3975],[149.8275,21.3075],[149.8275,21.2175],[150.0075,21.2175],[150.0525,21.1275],[150.1425,21.1275],[150.2325,21.2175],[150.5025,21.2175],[150.6375,21.0825],[150.8175,21.2625],[150.8625,21.2625],[150.8625,21.3525],[150.9525,21.4425],[150.9525,21.5325],[151.2225,21.6675],[151.3125,21.8025],[151.4025,21.8025],[151.4025,21.9375],[151.4925,21.9825],[151.5825,22.1175],[151.8075,22.2525],[151.8075,22.3425],[151.9875,22.4775],[152.0325,22.7925],[151.9425,22.9725],[151.8975,22.9275],[151.6725,22.9275],[151.6275,22.8825],[151.3125,22.8825],[151.2675,22.8375],[151.1775,22.8375],[151.0875,22.7475],[150.9975,22.7475],[150.9975,22.7025],[150.8175,22.5675],[150.6825,22.5675],[150.6825,22.4775],[150.6375,22.4325],[150.2325,22.3875],[150.1425,22.2525],[150.1425,22.0725],[150.0075,21.9825],[149.9175,21.8475],[149.6025,21.8475],[149.5575,21.8925],[149.5575,22.0725],[149.4675,22.1625],[149.4675,22.4775],[149.2425,22.6125],[149.1975,23.0175],[149.1075,23.0625],[149.0175,23.1975],[148.7475,23.1975],[148.6575,23.2875],[148.6575,23.4225],[148.4775,23.6025],[147.8475,23.6475],[147.7125,23.7825],[147.7125,23.8725],[147.6675,23.9175],[147.4425,23.9175],[147.3525,24.0525],[147.3525,24.3225],[147.3975,24.3675],[147.3975,24.6825],[147.4425,24.7275],[147.5325,24.7275],[147.6225,24.8175],[147.6225,25.0875],[147.7125,25.3125],[147.8925,25.3125],[147.9375,25.3575],[148.5225,25.3575],[148.6125,25.2675],[148.7025,25.3125],[149.1525,25.3125],[149.5575,25.6725],[149.6475,25.6725],[149.7825,25.8525],[150.0075,25.9875],[150.0075,26.0775],[150.0975,26.2125],[150.1425,26.8425],[150.2325,26.9775],[150.2325,27.1575],[150.3225,27.2475],[150.2775,27.2925],[150.2775,27.5625],[150.3225,27.6525],[150.5025,27.7875],[150.5025,27.8775],[150.5475,27.9225],[150.8625,27.9225],[150.9075,28.1025],[151.0875,28.1925],[151.1775,28.3275],[151.1775,28.4175],[151.3125,28.5525],[151.2675,28.5975],[151.2675,28.8675],[151.1775,29.0475],[151.1775,29.4525],[150.9975,29.5875],[150.9975,29.7225],[150.9525,29.7675],[150.9525,30.0825],[151.0425,30.1275],[151.0875,30.2175]]],[[[170.4825,37.9125],[170.4825,37.8225],[170.5725,37.6875],[170.5725,37.5525],[170.7525,37.3725],[170.7525,37.3275],[170.7975,37.3725],[171.0675,37.3725],[171.1125,37.2825],[171.3825,37.2825],[171.4725,37.1925],[171.5625,37.2375],[171.8325,37.5525],[171.9225,37.5525],[172.1025,37.6875],[172.1925,38.0925],[171.9675,38.1825],[171.9225,38.2725],[171.7875,38.3625],[171.7425,38.3175],[171.3375,38.3175],[171.2925,38.3625],[171.2475,38.3175],[170.9325,38.3175],[170.8875,38.3625],[170.7975,38.2725],[170.6175,38.2725],[170.5725,38.2275],[170.5725,38.0025],[170.4825,37.9125]]]]}},{"type":"Feature","id":"Aurora","properties":{"id":"Aurora","tracedAreaKm2":null},"geometry":{"type":"MultiPolygon","coordinates":[[[[-94.114,29.6791],[-94.1562,29.7162],[-94.1801,29.7554],[-94.1921,29.7947],[-94.1986,29.8321],[-94.2062,29.8658],[-94.2212,29.8938],[-94.2501,29.9142],[-94.2994,29.9251],[-94.3482,29.9274],[-94.3879,29.9261],[-94.4216,29.9239],[-94.4527,29.9232],[-94.4846,29.9265],[-94.5204,29.9363],[-94.5636,29.955],[-94.6173,29.9851],[-94.641,30.0139],[-94.683,30.0751],[-94.7411,30.1562],[-94.8129,30.2447],[-94.896,30.3282],[-94.9884,30.3943],[-95.0876,30.4303],[-95.1913,30.4239],[-95.2239,30.4056],[-95.2504,30.3752],[-95.2713,30.3368],[-95.2872,30.2945],[-95.2988,30.2525],[-95.3066,30.215],[-95.3113,30.1861],[-95.3133,30.17],[-95.3235,30.1461],[-95.3458,30.1255],[-95.3773,30.1061],[-95.4148,30.0858],[-95.4554,30.0624],[-95.496,30.0338],[-95.5336,29.9977],[-95.5651,29.9521],[-95.5947,29.893],[-95.6158,29.845],[-95.632,29.805],[-95.6471,29.77],[-95.6649,29.737],[-95.689,29.703],[-95.7234,29.665],[-95.7717,29.6199],[-95.7769,29.6153],[-95.7828,29.6098],[-95.7915,29.6015],[-95.8051,29.5883],[-95.826,29.5682],[-95.8562,29.5391],[-95.898,29.4989],[-95.9535,29.4456],[-95.9526,29.4414],[-95.9551,29.4373],[-95.9599,29.4331],[-95.9658,29.429],[-95.9717,29.4248],[-95.9765,29.4207],[-95.979,29.4165],[-95.978,29.4124],[-95.9709,29.4049],[-95.9624,29.3991],[-95.9528,29.3945],[-95.9426,29.3908],[-95.932,29.3875],[-95.9214,29.3841],[-95.9111,29.3803],[-95.9015,29.3755],[-95.8875,29.3523],[-95.8787,29.3079],[-95.8746,29.2502],[-95.8747,29.187],[-95.8786,29.1261],[-95.8855,29.0753],[-95.8952,29.0424],[-95.907,29.0354],[-95.9101,29.0377],[-95.9134,29.0407],[-95.918,29.0455],[-95.9252,29.0533],[-95.9361,29.0653],[-95.9519,29.0825],[-95.9739,29.1062],[-96.0033,29.1375],[-96.0016,29.1161],[-96.0002,29.0956],[-95.9989,29.0706],[-95.9974,29.0355],[-95.9954,28.9849],[-95.9928,28.9134],[-95.9891,28.8155],[-95.9841,28.6857],[-95.962,28.6657],[-95.945,28.65],[-95.9314,28.637],[-95.9197,28.6251],[-95.9082,28.6129],[-95.8956,28.5987],[-95.88,28.581],[-95.8601,28.5582],[-95.82,28.5149],[-95.7852,28.4798],[-95.7573,28.4501],[-95.738,28.423],[-95.7289,28.3957],[-95.7315,28.3654],[-95.7474,28.3294],[-95.7783,28.2848],[-95.7688,28.2669],[-95.7594,28.2491],[-95.7499,28.2312],[-95.7405,28.2133],[-95.731,28.1955],[-95.7216,28.1776],[-95.7121,28.1597],[-95.7027,28.1419],[-95.672,28.1048],[-95.6243,28.0445],[-95.5642,27.9694],[-95.4963,27.8883],[-95.4254,27.8097],[-95.356,27.7422],[-95.2929,27.6944],[-95.2406,27.6749],[-95.0165,27.6726],[-94.838,27.6893],[-94.6997,27.7203],[-94.5964,27.7605],[-94.5225,27.8053],[-94.4729,27.8497],[-94.4422,27.8888],[-94.4249,27.9179],[-94.348,28.0473],[-94.2807,28.142],[-94.2235,28.2091],[-94.1771,28.2554],[-94.142,28.2881],[-94.1188,28.314],[-94.108,28.3402],[-94.1103,28.3737],[-94.106,28.4516],[-94.054,28.4847],[-93.967,28.4901],[-93.8578,28.4845],[-93.7392,28.4849],[-93.6238,28.5083],[-93.5244,28.5716],[-93.4539,28.6915],[-93.4454,28.7376],[-93.4546,28.7673],[-93.477,28.7862],[-93.5078,28.7999],[-93.5427,28.8137],[-93.5769,28.8333],[-93.6059,28.8642],[-93.6252,28.9118],[-93.6459,28.9381],[-93.6914,28.9624],[-93.7542,28.9828],[-93.8267,28.9971],[-93.9014,29.0032],[-93.9709,28.999],[-94.0275,28.9825],[-94.0639,28.9515],[-94.1011,28.9151],[-94.1507,28.8995],[-94.2058,28.9026],[-94.2597,28.9225],[-94.3058,28.9573],[-94.3373,29.005],[-94.3474,29.0638],[-94.3296,29.1316],[-94.316,29.1563],[-94.3004,29.1822],[-94.2867,29.2079],[-94.279,29.2317],[-94.2812,29.2523],[-94.2973,29.2681],[-94.3314,29.2776],[-94.3874,29.2793],[-94.3929,29.2793],[-94.3984,29.2797],[-94.4038,29.2804],[-94.4093,29.2812],[-94.4147,29.2821],[-94.4202,29.2828],[-94.4256,29.2834],[-94.4311,29.2836],[-94.467,29.2766],[-94.5016,29.2592],[-94.5359,29.2369],[-94.5708,29.215],[-94.6074,29.199],[-94.6466,29.1942],[-94.6893,29.2061],[-94.7367,29.2401],[-94.7531,29.2521],[-94.7858,29.2771],[-94.8246,29.3125],[-94.8592,29.3556],[-94.8794,29.4036],[-94.8749,29.454],[-94.8355,29.5039],[-94.751,29.5507],[-94.6617,29.5893],[-94.5908,29.6231],[-94.5323,29.6501],[-94.4801,29.6685],[-94.4281,29.6761],[-94.3705,29.6711],[-94.3012,29.6515],[-94.2141,29.6152],[-94.2046,29.6165],[-94.1973,29.617],[-94.1913,29.6169],[-94.1861,29.6166],[-94.1807,29.6162],[-94.1745,29.6162],[-94.1668,29.6167],[-94.1568,29.6181],[-94.1361,29.6236],[-94.1227,29.6315],[-94.1152,29.6408],[-94.112,29.6508],[-94.1117,29.6604],[-94.1129,29.6689],[-94.1142,29.6755],[-94.114,29.6791],[-94.114,29.6791]]],[[[-95.378,27.9258],[-95.3537,27.9515],[-95.3408,27.9729],[-95.3381,27.9914],[-95.3444,28.0084],[-95.3585,28.0253],[-95.3792,28.0434],[-95.4051,28.0641],[-95.4352,28.0889],[-95.438,28.0912],[-95.4432,28.0948],[-95.4504,28.0988],[-95.4591,28.1021],[-95.4691,28.1037],[-95.4799,28.1027],[-95.4911,28.0979],[-95.5024,28.0884],[-95.5249,28.0588],[-95.5301,28.0379],[-95.5212,28.0227],[-95.5015,28.0101],[-95.4741,27.9972],[-95.4422,27.9809],[-95.4091,27.9581],[-95.378,27.9258],[-95.378,27.9258]]],[[[-95.6541,28.1952],[-95.6497,28.2017],[-95.6439,28.2071],[-95.6373,28.2119],[-95.6302,28.2163],[-95.623,28.2207],[-95.6164,28.2255],[-95.6106,28.2309],[-95.6062,28.2374],[-95.6049,28.248],[-95.6105,28.2572],[-95.6211,28.2641],[-95.6345,28.2681],[-95.6489,28.2682],[-95.662,28.2637],[-95.6719,28.2537],[-95.6765,28.2375],[-95.6758,28.2318],[-95.6733,28.2264],[-95.6696,28.2213],[-95.6653,28.2163],[-95.661,28.2114],[-95.6573,28.2063],[-95.6548,28.2009],[-95.6541,28.1952],[-95.6541,28.1952]]],[[[-92.6328,28.2825],[-92.6233,28.2792],[-92.6058,28.2765],[-92.585,28.2729],[-92.5653,28.267],[-92.5511,28.2574],[-92.5472,28.2428],[-92.5578,28.2216],[-92.5875,28.1925],[-92.6577,28.1738],[-92.7104,28.1599],[-92.7481,28.1499],[-92.7734,28.1431],[-92.7887,28.139],[-92.7966,28.1369],[-92.7996,28.1359],[-92.8003,28.1356],[-92.8244,28.0884],[-92.8103,28.0424],[-92.7683,27.9988],[-92.7089,27.959],[-92.6425,27.9245],[-92.5795,27.8964],[-92.5302,27.8763],[-92.5051,27.8655],[-92.4873,27.848],[-92.4783,27.8246],[-92.4744,27.7963],[-92.4717,27.7642],[-92.4664,27.7294],[-92.4546,27.693],[-92.4327,27.6562],[-92.3966,27.6201],[-92.3644,27.593],[-92.3405,27.5703],[-92.3223,27.5506],[-92.3069,27.5321],[-92.2915,27.5133],[-92.2735,27.4925],[-92.25,27.4682],[-92.2183,27.4388],[-92.1939,27.4201],[-92.1753,27.4126],[-92.1609,27.4147],[-92.149,27.425],[-92.1379,27.442],[-92.126,27.4641],[-92.1116,27.49],[-92.0931,27.5181],[-92.0851,27.5274],[-92.0761,27.533],[-92.0636,27.5356],[-92.0455,27.5358],[-92.0193,27.5342],[-91.9827,27.5315],[-91.9333,27.5282],[-91.8689,27.5251],[-91.8023,27.5274],[-91.7876,27.5409],[-91.812,27.5636],[-91.8627,27.5934],[-91.9267,27.6284],[-91.9913,27.6667],[-92.0435,27.7063],[-92.0705,27.7452],[-92.0877,27.8008],[-92.105,27.8428],[-92.1225,27.8757],[-92.1405,27.9039],[-92.1591,27.9321],[-92.1782,27.9646],[-92.1982,28.006],[-92.2191,28.0608],[-92.2263,28.1124],[-92.2164,28.1652],[-92.1927,28.2171],[-92.1589,28.2663],[-92.1185,28.3108],[-92.0751,28.3487],[-92.0321,28.378],[-91.9933,28.3967],[-91.9515,28.4163],[-91.9337,28.4361],[-91.9349,28.4576],[-91.9497,28.4824],[-91.9731,28.5119],[-91.9998,28.5477],[-92.0246,28.5912],[-92.0424,28.644],[-92.0579,28.6773],[-92.0851,28.6987],[-92.1205,28.7113],[-92.1609,28.718],[-92.2031,28.7218],[-92.2438,28.7255],[-92.2797,28.7324],[-92.3076,28.7451],[-92.3509,28.7723],[-92.3884,28.7878],[-92.4216,28.796],[-92.452,28.8012],[-92.481,28.8077],[-92.5102,28.8198],[-92.541,28.842],[-92.5749,28.8784],[-92.6266,28.9379],[-92.6707,28.9786],[-92.7105,29.0051],[-92.749,29.022],[-92.7892,29.034],[-92.8343,29.0455],[-92.8871,29.0612],[-92.9509,29.0858],[-93.0319,29.1244],[-93.0893,29.1584],[-93.1274,29.1878],[-93.1504,29.2126],[-93.1626,29.2326],[-93.1683,29.2479],[-93.1718,29.2585],[-93.1773,29.2643],[-93.2276,29.2753],[-93.2483,29.2571],[-93.2461,29.218],[-93.2281,29.1662],[-93.2011,29.1101],[-93.1721,29.0578],[-93.1478,29.0176],[-93.1353,28.9979],[-93.111,28.9451],[-93.1077,28.9],[-93.1182,28.861],[-93.1351,28.8261],[-93.1512,28.7938],[-93.1593,28.7621],[-93.1522,28.7293],[-93.1226,28.6937],[-93.0737,28.6599],[-93.0331,28.6476],[-92.9997,28.6518],[-92.9725,28.6673],[-92.9505,28.6889],[-92.9326,28.7116],[-92.9179,28.7302],[-92.9052,28.7396],[-92.8289,28.7428],[-92.7677,28.7148],[-92.7185,28.6649],[-92.6782,28.6024],[-92.6437,28.5368],[-92.6119,28.4775],[-92.5797,28.4338],[-92.5438,28.4151],[-92.5391,28.4146],[-92.5307,28.4134],[-92.5199,28.4112],[-92.5081,28.4076],[-92.4967,28.4023],[-92.487,28.395],[-92.4805,28.3853],[-92.4785,28.3729],[-92.4843,28.347],[-92.4972,28.3343],[-92.5157,28.3303],[-92.538,28.3305],[-92.5625,28.3303],[-92.5876,28.3253],[-92.6116,28.3108],[-92.6328,28.2825],[-92.6328,28.2825]]],[[[-92.389,26.0429],[-92.3875,26.0798],[-92.3943,26.1067],[-92.4075,26.1262],[-92.4252,26.1411],[-92.4455,26.154],[-92.4664,26.1678],[-92.4861,26.1849],[-92.5027,26.2083],[-92.5304,26.2486],[-92.5536,26.2602],[-92.5726,26.25],[-92.5877,26.2252],[-92.5991,26.1928],[-92.6071,26.1597],[-92.612,26.133],[-92.6139,26.1198],[-92.6259,26.0712],[-92.6457,26.038],[-92.671,26.0168],[-92.6995,26.0044],[-92.7289,25.9973],[-92.7571,25.9923],[-92.7817,25.986],[-92.8005,25.975],[-92.8594,25.8838],[-92.8503,25.8017],[-92.7923,25.7334],[-92.7048,25.6837],[-92.607,25.6572],[-92.5181,25.6587],[-92.4575,25.6928],[-92.4444,25.7643],[-92.4467,25.8153],[-92.4355,25.8549],[-92.4164,25.8866],[-92.3946,25.9136],[-92.3755,25.9394],[-92.3647,25.9674],[-92.3673,26.0007],[-92.389,26.0429],[-92.389,26.0429]]],[[[-92.5423,24.7516],[-92.5018,24.7568],[-92.4674,24.7608],[-92.4392,24.7656],[-92.4176,24.7729],[-92.4026,24.7846],[-92.3946,24.8026],[-92.3938,24.8288],[-92.4002,24.8651],[-92.4066,24.8778],[-92.4181,24.8922],[-92.4318,24.9084],[-92.4452,24.9271],[-92.4553,24.9485],[-92.4595,24.9731],[-92.4551,25.0014],[-92.4392,25.0337],[-92.4276,25.0636],[-92.4262,25.0985],[-92.4323,25.1359],[-92.4435,25.1732],[-92.4573,25.208],[-92.4713,25.2377],[-92.483,25.26],[-92.4899,25.2721],[-92.5516,25.3559],[-92.6044,25.3878],[-92.647,25.3786],[-92.6782,25.3392],[-92.6968,25.2806],[-92.7016,25.2136],[-92.6912,25.1492],[-92.6647,25.0982],[-92.657,25.0899],[-92.6488,25.0819],[-92.6404,25.0741],[-92.632,25.0665],[-92.6237,25.0587],[-92.6157,25.0506],[-92.6081,25.0422],[-92.6013,25.0331],[-92.5832,25.0022],[-92.5775,24.9797],[-92.5826,24.9639],[-92.5974,24.9528],[-92.6206,24.9445],[-92.6507,24.9371],[-92.6866,24.9286],[-92.7268,24.9173],[-92.8218,24.8788],[-92.8565,24.8464],[-92.8441,24.8195],[-92.798,24.7976],[-92.7315,24.7803],[-92.6578,24.7672],[-92.5903,24.7578],[-92.5423,24.7516],[-92.5423,24.7516]]],[[[-93.1059,24.2691],[-93.0992,24.2621],[-93.0925,24.2552],[-93.0858,24.2483],[-93.0791,24.2413],[-93.0724,24.2344],[-93.0658,24.2274],[-93.0591,24.2205],[-93.0524,24.2136],[-93.0203,24.1877],[-92.9902,24.163],[-92.9615,24.1423],[-92.9337,24.1282],[-92.9063,24.1235],[-92.8788,24.1308],[-92.8508,24.1529],[-92.8216,24.1925],[-92.7707,24.2735],[-92.7301,24.3338],[-92.6988,24.3766],[-92.676,24.4054],[-92.6607,24.4238],[-92.652,24.435],[-92.6492,24.4425],[-92.6512,24.4498],[-92.6725,24.4841],[-92.691,24.4961],[-92.7085,24.4904],[-92.7274,24.472],[-92.7495,24.4454],[-92.777,24.4154],[-92.8119,24.3867],[-92.8563,24.3642],[-92.9002,24.3507],[-92.936,24.3434],[-92.9659,24.3394],[-92.9922,24.3358],[-93.0172,24.3298],[-93.043,24.3186],[-93.0718,24.2993],[-93.1059,24.2691],[-93.1059,24.2691]]],[[[-94.0343,29.5616],[-94.0965,29.5053],[-94.0759,29.4705],[-94.0526,29.4315],[-94.0273,29.393],[-94.0009,29.3594],[-93.9741,29.3355],[-93.9478,29.3257],[-93.9228,29.3348],[-93.9,29.3674],[-93.8765,29.4089],[-93.8451,29.4582],[-93.8139,29.5094],[-93.7909,29.557],[-93.784,29.5951],[-93.8014,29.6181],[-93.8511,29.6204],[-93.941,29.5961],[-93.9436,29.5952],[-93.9466,29.5941],[-93.9511,29.5925],[-93.9581,29.5899],[-93.9688,29.5859],[-93.9843,29.5801],[-94.0058,29.5722],[-94.0343,29.5616],[-94.0343,29.5616]]],[[[-95.9841,28.6857],[-95.9895,28.606],[-95.9868,28.545],[-95.9756,28.4975],[-95.9555,28.4584],[-95.9261,28.4227],[-95.887,28.3853],[-95.8378,28.341],[-95.7783,28.2848],[-95.7474,28.3294],[-95.7315,28.3654],[-95.7289,28.3957],[-95.738,28.423],[-95.7573,28.4501],[-95.7852,28.4798],[-95.82,28.5149],[-95.8601,28.5582],[-95.88,28.581],[-95.8956,28.5987],[-95.9082,28.6129],[-95.9197,28.6251],[-95.9314,28.637],[-95.945,28.65],[-95.962,28.6657],[-95.9841,28.6857],[-95.9841,28.6857]]],[[[-95.9535,29.4456],[-95.9769,29.3986],[-95.9921,29.361],[-96.0009,29.3292],[-96.0048,29.2999],[-96.0054,29.2696],[-96.0043,29.2347],[-96.0031,29.1918],[-96.0033,29.1375],[-95.9739,29.1062],[-95.9519,29.0825],[-95.9361,29.0653],[-95.9252,29.0533],[-95.918,29.0455],[-95.9134,29.0407],[-95.9101,29.0377],[-95.907,29.0354],[-95.8952,29.0424],[-95.8855,29.0753],[-95.8786,29.1261],[-95.8747,29.187],[-95.8746,29.2502],[-95.8787,29.3079],[-95.8875,29.3523],[-95.9015,29.3755],[-95.9111,29.3803],[-95.9214,29.3841],[-95.932,29.3875],[-95.9426,29.3908],[-95.9528,29.3945],[-95.9624,29.3991],[-95.9709,29.4049],[-95.978,29.4124],[-95.979,29.4165],[-95.9765,29.4207],[-95.9717,29.4248],[-95.9658,29.429],[-95.9599,29.4331],[-95.9551,29.4373],[-95.9526,29.4414],[-95.9535,29.4456],[-95.9535,29.4456]]],[[[-92.2475,26.8848],[-92.2327,26.847],[-92.2208,26.8155],[-92.2098,26.7904],[-92.1975,26.7716],[-92.1821,26.7591],[-92.1614,26.753],[-92.1333,26.7533],[-92.096,26.7599],[-92.0766,26.7875],[-92.0748,26.8455],[-92.0871,26.9171],[-92.1104,26.9852],[-92.1414,27.033],[-92.1767,27.0435],[-92.2132,26.9997],[-92.2475,26.8848],[-92.2475,26.8848]]],[[[-93.4034,23.7491],[-93.4649,23.707],[-93.4944,23.6741],[-93.499,23.6494],[-93.4859,23.6318],[-93.4623,23.6203],[-93.4354,23.6137],[-93.4125,23.6111],[-93.4006,23.6114],[-93.3613,23.629],[-93.3172,23.6548],[-93.274,23.6859],[-93.2372,23.719],[-93.2122,23.7511],[-93.2045,23.7791],[-93.2196,23.7998],[-93.263,23.81],[-93.2671,23.81],[-93.2717,23.8088],[-93.2784,23.806],[-93.2889,23.801],[-93.305,23.7934],[-93.3283,23.7825],[-93.3605,23.7679],[-93.4034,23.7491],[-93.4034,23.7491]]],[[[-92.2299,26.3268],[-92.1795,26.3344],[-92.1116,26.394],[-92.0815,26.4399],[-92.0808,26.4736],[-92.1007,26.4966],[-92.1329,26.5105],[-92.1688,26.5168],[-92.1998,26.517],[-92.2175,26.5126],[-92.2537,26.4834],[-92.2818,26.4565],[-92.3009,26.4318],[-92.3101,26.4087],[-92.3085,26.387],[-92.2952,26.3663],[-92.2693,26.3464],[-92.2299,26.3268],[-92.2299,26.3268]]],[[[-92.8012,28.4672],[-92.8553,28.5377],[-92.8913,28.5664],[-92.9126,28.5631],[-92.9225,28.5378],[-92.9241,28.5002],[-92.9207,28.4602],[-92.9157,28.4276],[-92.9123,28.4123],[-92.907,28.403],[-92.8954,28.3862],[-92.8794,28.3678],[-92.861,28.3541],[-92.842,28.351],[-92.8244,28.3648],[-92.8102,28.4015],[-92.8012,28.4672],[-92.8012,28.4672]]],[[[-93.3816,29.4233],[-93.3888,29.4295],[-93.4022,29.4404],[-93.4203,29.4538],[-93.4415,29.4677],[-93.4642,29.48],[-93.487,29.4885],[-93.5083,29.4913],[-93.5265,29.4861],[-93.532,29.4823],[-93.5375,29.4759],[-93.5406,29.466],[-93.539,29.4515],[-93.5301,29.4312],[-93.5116,29.4042],[-93.481,29.3694],[-93.4361,29.3256],[-93.428,29.3211],[-93.4114,29.3144],[-93.3908,29.3089],[-93.3706,29.3083],[-93.3552,29.3159],[-93.349,29.3353],[-93.3563,29.3699],[-93.3816,29.4233],[-93.3816,29.4233]]],[[[-94.0315,23.5276],[-94.0789,23.4811],[-94.1021,23.4456],[-94.1064,23.4198],[-94.0973,23.4022],[-94.08,23.3914],[-94.06,23.3861],[-94.0427,23.3849],[-94.0334,23.3864],[-94.0244,23.3936],[-94.0139,23.4039],[-94.0028,23.4162],[-93.9919,23.4291],[-93.9821,23.4414],[-93.9742,23.4521],[-93.969,23.4599],[-93.9674,23.4635],[-93.973,23.4731],[-93.9807,23.4814],[-93.9897,23.4887],[-93.9994,23.4956],[-94.0091,23.5024],[-94.0182,23.5098],[-94.0258,23.518],[-94.0315,23.5276],[-94.0315,23.5276]]],[[[-95.378,27.9258],[-95.3537,27.9515],[-95.3408,27.9729],[-95.3381,27.9914],[-95.3444,28.0084],[-95.3585,28.0253],[-95.3792,28.0434],[-95.4051,28.0641],[-95.4352,28.0889],[-95.438,28.0912],[-95.4432,28.0948],[-95.4504,28.0988],[-95.4591,28.1021],[-95.4691,28.1037],[-95.4799,28.1027],[-95.4911,28.0979],[-95.5024,28.0884],[-95.5249,28.0588],[-95.5301,28.0379],[-95.5212,28.0227],[-95.5015,28.0101],[-95.4741,27.9972],[-95.4422,27.9809],[-95.4091,27.9581],[-95.378,27.9258],[-95.378,27.9258]]],[[[-94.114,29.6791],[-94.1142,29.6755],[-94.1129,29.6689],[-94.1117,29.6604],[-94.112,29.6508],[-94.1152,29.6408],[-94.1227,29.6315],[-94.1361,29.6236],[-94.1568,29.6181],[-94.1668,29.6167],[-94.1745,29.6162],[-94.1807,29.6162],[-94.1861,29.6166],[-94.1913,29.6169],[-94.1973,29.617],[-94.2046,29.6165],[-94.2141,29.6152],[-94.1929,29.5986],[-94.1763,29.5859],[-94.1629,29.5755],[-94.1514,29.566],[-94.1403,29.5557],[-94.1284,29.5432],[-94.1142,29.5269],[-94.0965,29.5053],[-94.0343,29.5616],[-94.0521,29.5847],[-94.066,29.6023],[-94.0769,29.616],[-94.0856,29.6272],[-94.0928,29.6377],[-94.0994,29.6487],[-94.1062,29.6621],[-94.114,29.6791],[-94.114,29.6791]]],[[[-92.6328,28.2825],[-92.6271,28.2712],[-92.6215,28.26],[-92.6158,28.2487],[-92.6102,28.2375],[-92.6045,28.2263],[-92.5988,28.215],[-92.5932,28.2038],[-92.5875,28.1925],[-92.5578,28.2216],[-92.5472,28.2428],[-92.5511,28.2574],[-92.5653,28.267],[-92.585,28.2729],[-92.6058,28.2765],[-92.6233,28.2792],[-92.6328,28.2825],[-92.6328,28.2825]]],[[[-95.6541,28.1952],[-95.6497,28.2017],[-95.6439,28.2071],[-95.6373,28.2119],[-95.6302,28.2163],[-95.623,28.2207],[-95.6164,28.2255],[-95.6106,28.2309],[-95.6062,28.2374],[-95.6049,28.248],[-95.6105,28.2572],[-95.6211,28.2641],[-95.6345,28.2681],[-95.6489,28.2682],[-95.662,28.2637],[-95.6719,28.2537],[-95.6765,28.2375],[-95.6758,28.2318],[-95.6733,28.2264],[-95.6696,28.2213],[-95.6653,28.2163],[-95.661,28.2114],[-95.6573,28.2063],[-95.6548,28.2009],[-95.6541,28.1952],[-95.6541,28.1952]]],[[[-93.1059,24.2691],[-93.1052,24.2645],[-93.1065,24.2599],[-93.1092,24.2552],[-93.1126,24.2505],[-93.1159,24.2458],[-93.1186,24.2411],[-93.12,24.2365],[-93.1193,24.2319],[-93.1167,24.2311],[-93.1096,24.2292],[-93.0995,24.2265],[-93.0879,24.2233],[-93.0759,24.22],[-93.0651,24.217],[-93.0568,24.2148],[-93.0524,24.2136],[-93.0591,24.2205],[-93.0658,24.2274],[-93.0724,24.2344],[-93.0791,24.2413],[-93.0858,24.2483],[-93.0925,24.2552],[-93.0992,24.2621],[-93.1059,24.2691],[-93.1059,24.2691]]],[[[-95.6925,22.8375],[-95.6925,22.7925],[-95.8725,22.6125],[-95.9175,22.6125],[-96.0075,22.3425],[-96.0975,22.2975],[-96.0975,22.1625],[-96.0525,22.0725],[-95.9625,22.0275],[-95.7825,22.0275],[-95.7375,22.0725],[-95.3775,22.0725],[-95.3325,22.0275],[-95.3325,21.8025],[-95.2425,21.8925],[-95.1975,21.8475],[-95.1975,22.1625],[-95.3325,22.2975],[-95.3325,22.4325],[-95.1075,22.5675],[-95.1075,22.7475],[-95.2425,22.7475],[-95.3325,22.8375],[-95.6925,22.8375]]],[[[-92.4525,26.2575],[-92.5425,26.2575],[-92.5875,26.2125],[-92.5875,26.0775],[-92.6775,25.9875],[-92.7675,25.9875],[-92.8575,25.8525],[-92.7675,25.7175],[-92.6775,25.7175],[-92.6325,25.6725],[-92.6325,25.4025],[-92.7225,25.3575],[-92.6775,25.3125],[-92.6775,24.9525],[-92.8575,24.8175],[-92.7225,24.8175],[-92.6775,24.7725],[-92.6775,24.4575],[-92.8125,24.3675],[-93.0375,24.3225],[-93.1275,24.1875],[-92.8575,24.1425],[-92.8125,24.2775],[-92.6775,24.4125],[-92.6775,24.7275],[-92.6325,24.7725],[-92.4525,24.7725],[-92.4075,24.8175],[-92.4075,25.0875],[-92.5875,25.3575],[-92.5875,25.6275],[-92.4525,25.7175],[-92.4525,25.8525],[-92.3625,25.9425],[-92.3625,26.1675],[-92.4525,26.2575]]],[[[-95.1975,30.5325],[-95.2875,30.4875],[-95.3325,30.3525],[-95.4225,30.3075],[-95.4225,30.1725],[-95.6025,30.0375],[-95.7375,29.7675],[-95.8725,29.6775],[-95.9625,29.7225],[-96.1875,29.6325],[-96.4575,29.6325],[-96.9075,29.9025],[-97.4475,29.9025],[-97.5375,29.8575],[-97.5375,29.6775],[-97.4025,29.3625],[-97.2675,29.1825],[-97.2675,29.0025],[-97.3575,28.9125],[-97.9425,28.6425],[-97.9425,28.4625],[-97.8075,28.3725],[-97.8075,27.9225],[-97.7625,27.8775],[-97.7625,27.6975],[-97.5375,27.5625],[-97.3125,27.5625],[-97.1325,27.6525],[-96.8625,27.6075],[-96.7275,27.5175],[-96.7275,27.3375],[-96.4575,27.1575],[-96.3225,26.9775],[-96.1425,26.8875],[-96.0075,26.8875],[-95.6475,27.1125],[-95.4675,27.1125],[-95.2875,27.2025],[-95.1525,27.2025],[-94.7925,27.0225],[-94.7475,26.6175],[-94.9275,26.4375],[-94.9275,26.2575],[-94.9725,26.2125],[-94.9275,25.8525],[-95.1075,25.5825],[-95.1075,25.0425],[-94.9275,25.0425],[-94.8375,25.0875],[-94.8375,25.1775],[-94.7925,25.2225],[-94.6575,25.2225],[-94.6575,25.4025],[-94.5225,25.5825],[-94.1625,25.5825],[-94.1175,25.6275],[-93.9825,25.6275],[-93.8475,25.8075],[-93.8475,26.1675],[-93.8025,26.2125],[-93.4425,26.2125],[-93.3525,26.3025],[-93.1725,26.3475],[-93.0825,26.5275],[-93.0825,26.7525],[-93.0375,26.7975],[-93.0825,26.8425],[-93.0825,26.9325],[-93.1275,26.9775],[-93.3075,26.9775],[-93.3975,27.1575],[-93.5775,27.1575],[-93.7125,27.2925],[-93.7125,27.5625],[-93.6675,27.6075],[-93.7125,27.6525],[-93.7125,27.7425],[-93.8925,27.8775],[-93.8925,28.0575],[-93.9375,28.1025],[-93.9375,28.4175],[-93.8925,28.4625],[-93.6675,28.4625],[-93.6675,28.5075],[-93.5775,28.5525],[-93.4425,28.7325],[-93.1725,28.7325],[-92.9475,28.5975],[-92.8575,28.6425],[-92.7225,28.5525],[-92.7225,28.2825],[-92.8125,28.1925],[-92.8125,28.0575],[-92.7225,27.9675],[-92.6325,27.9675],[-92.4525,27.8325],[-92.4525,27.6975],[-92.3175,27.6075],[-92.1825,27.4275],[-92.1375,27.4275],[-92.1375,27.5175],[-92.0925,27.5625],[-91.8225,27.5625],[-92.0475,27.6525],[-92.0925,27.6975],[-92.0925,27.8325],[-92.1825,27.9225],[-92.1825,28.2375],[-92.0475,28.4175],[-91.9575,28.4175],[-92.0025,28.5075],[-92.0025,28.6875],[-92.4975,28.7775],[-92.6325,28.9575],[-92.8125,29.0475],[-92.9475,29.0475],[-93.2175,29.2725],[-93.2175,29.1375],[-93.1275,29.0475],[-93.1275,28.7775],[-93.1725,28.7325],[-93.4425,28.7325],[-93.4875,28.7775],[-93.5775,28.7775],[-93.6675,28.9575],[-93.8925,28.9575],[-93.9375,29.0025],[-93.9375,29.0925],[-93.9825,29.0025],[-94.2525,29.0025],[-94.2975,29.0475],[-94.2975,29.2725],[-94.6125,29.2725],[-94.7475,29.3625],[-94.7475,29.4525],[-94.6575,29.4975],[-94.6575,29.5875],[-94.5675,29.6775],[-94.2525,29.6775],[-94.1175,29.5875],[-94.0275,29.6325],[-94.2075,29.7225],[-94.2075,29.8575],[-94.2525,29.9025],[-94.5225,29.9025],[-94.6125,29.9475],[-94.7925,30.1725],[-94.8375,30.3075],[-94.9725,30.3975],[-95.0625,30.3975],[-95.1075,30.4875],[-95.1975,30.5325]]]]}},{"type":"Feature","id":"Tagmatium","properties":{"id":"Tagmatium","tracedAreaKm2":1576446},"geometry":{"type":"MultiPolygon","coordinates":[[[[-80.2125,-38.4975],[-80.3475,-38.6775],[-80.5725,-38.8125],[-80.7075,-38.8125],[-80.8425,-38.9475],[-80.8875,-39.2625],[-80.5275,-39.3975],[-80.4825,-39.4875],[-80.4375,-39.3975],[-80.0775,-39.2625],[-80.0775,-39.1725],[-79.9875,-39.0375],[-79.9875,-38.7675],[-80.0775,-38.6325],[-80.0775,-38.5425],[-80.2125,-38.4975]]],[[[-6.8175,34.4475],[-6.8625,34.4025],[-7.0425,34.4025],[-7.0875,34.3575],[-7.3125,34.3575],[-7.3575,34.2675],[-7.4925,34.2675],[-7.5825,34.1775],[-8.1225,34.1325],[-8.1225,33.8625],[-7.6275,33.1425],[-7.4925,33.0975],[-7.4475,33.1425],[-6.9525,33.2325],[-6.6825,33.3675],[-6.6825,33.6825],[-6.6375,33.7275],[-6.6375,34.3125],[-6.8175,34.4475]]],[[[84.1725,56.2725],[84.0375,56.0925],[84.0375,55.9575],[84.1725,55.7775],[84.1725,55.5975],[84.0375,55.5075],[83.9025,55.5075],[83.7675,55.4175],[83.5875,55.4175],[83.4525,55.5075],[83.3625,55.5075],[83.1825,55.3725],[83.0475,55.1025],[83.0925,54.9225],[83.2275,54.7875],[83.2725,54.5175],[83.3625,54.3825],[83.3625,54.2475],[83.3175,54.1575],[83.1375,54.0225],[83.1375,53.8875],[83.4975,53.7525],[83.6325,53.4825],[83.6325,53.3025],[83.5425,53.1225],[83.5425,52.8975],[83.6325,52.8075],[83.6325,52.7175],[83.6775,52.6725],[83.7225,52.0425],[83.6325,51.9525],[83.4075,51.8625],[83.4075,51.7275],[83.4975,51.6375],[83.4975,51.5025],[83.3625,51.2325],[83.3625,50.9175],[83.4975,50.7825],[83.5875,50.6025],[83.5875,50.4225],[83.4075,50.2425],[83.2275,50.1525],[83.1825,50.0625],[83.1825,49.8375],[83.1375,49.7925],[83.1375,49.7025],[83.0475,49.6125],[82.8225,49.5675],[82.6425,49.4775],[82.5525,49.3425],[82.4175,49.2525],[81.9225,49.2975],[81.4725,49.0725],[81.3375,48.8925],[81.1125,48.8475],[80.8425,48.7125],[80.7525,48.5775],[80.7525,48.4425],[80.6625,48.3525],[80.7075,47.6325],[80.8425,47.5875],[80.9775,47.4525],[80.9775,47.2725],[81.1125,47.1375],[81.1125,46.9575],[81.0675,46.9125],[81.0675,46.7325],[81.0225,46.6875],[81.0225,46.3725],[81.0675,46.3725],[81.1575,46.2375],[81.1575,46.0575],[81.2025,45.9675],[81.2475,45.9675],[81.4275,45.7875],[81.5175,45.5625],[81.6525,45.4275],[82.0125,44.8425],[82.1475,44.7525],[82.3275,44.7075],[82.3725,44.6175],[82.5525,44.4825],[82.7775,44.4825],[82.8675,44.5275],[82.9125,44.6175],[82.9125,45.0225],[83.0025,45.1125],[83.3175,45.2475],[83.3625,45.3375],[83.3625,45.6525],[83.4975,45.7875],[83.6325,45.8325],[83.8575,46.1025],[84.0375,46.1925],[84.4425,46.1925],[84.4875,46.2375],[84.5775,46.2375],[84.7575,46.1025],[84.7575,45.9225],[85.0725,45.6975],[85.0725,45.4725],[84.9375,45.2925],[84.7575,45.2025],[84.7575,45.0675],[84.5325,44.9325],[84.5325,44.8425],[84.5775,44.7525],[84.6675,44.7075],[85.2525,44.0775],[85.2975,43.9875],[85.2975,43.8975],[85.2525,43.8525],[85.2525,43.4025],[85.3425,43.3575],[85.8825,43.3125],[85.9275,43.2675],[86.2425,43.2675],[86.6925,43.0425],[86.7375,42.9525],[86.7825,42.9525],[87.1425,42.5925],[87.3225,42.5025],[87.4125,42.5025],[87.4575,42.4575],[87.7275,42.4575],[87.7725,42.4125],[87.9975,42.4125],[88.5825,42.1425],[89.2125,42.0975],[89.2575,42.0525],[89.6625,42.0525],[89.7975,41.9625],[89.9325,41.9625],[90.0675,42.0525],[90.2025,42.0525],[90.4275,41.9175],[90.6975,41.9175],[91.0125,42.0975],[91.4175,42.0975],[91.7775,42.3225],[92.0025,42.3675],[92.1825,42.5025],[92.3175,42.5025],[92.3625,42.5475],[92.7225,42.5475],[93.0375,42.3225],[93.0375,42.1875],[93.1275,42.0975],[93.1275,41.9625],[93.3975,41.6475],[93.5775,41.6025],[93.7125,41.6925],[94.0275,41.6925],[94.6125,41.3775],[94.7925,41.3325],[95.0625,41.0175],[95.3775,40.7925],[95.5125,40.5225],[95.5575,40.5225],[95.6475,40.3875],[95.7825,40.2975],[95.7825,40.1175],[95.8275,40.1175],[96.0075,40.3425],[96.1875,40.3425],[96.1875,40.8375],[96.2325,40.8825],[96.2325,40.9725],[96.3225,41.0625],[96.5925,41.0625],[96.6375,40.9725],[96.8175,40.8375],[96.8175,40.7475],[96.9075,40.6575],[96.9075,40.4775],[96.9975,40.4325],[96.9975,39.9375],[96.9075,39.8475],[96.9075,39.3525],[96.8625,39.3075],[96.7725,39.3075],[96.6825,39.1725],[96.3225,39.1725],[96.2775,39.1275],[96.1425,39.1275],[96.0075,39.0375],[95.9175,38.9025],[95.8725,38.5425],[96.0525,38.4075],[96.0975,38.2275],[96.2325,38.0925],[96.3225,38.0925],[96.3675,38.0475],[96.3675,37.6875],[96.1425,37.4625],[96.1425,37.0125],[96.0975,36.9675],[95.6925,36.9675],[95.6475,37.0125],[95.6475,37.1475],[95.5575,37.1025],[95.3775,37.1025],[95.1975,36.9675],[95.1975,36.8325],[95.0175,36.6975],[95.0625,36.6525],[95.0625,36.2475],[95.0175,36.2025],[94.9275,36.2025],[94.8375,36.0675],[94.6575,36.0675],[94.5225,35.7975],[94.5225,35.7075],[94.5675,35.6625],[94.7025,35.6625],[94.7925,35.5725],[94.8825,35.5725],[94.9275,35.6175],[95.2425,35.6175],[95.3325,35.4825],[95.4225,35.4825],[95.4675,35.4375],[95.4675,35.2125],[95.5575,35.1225],[95.6925,35.1225],[95.7375,35.0775],[95.7825,34.6275],[95.7375,34.5825],[95.1975,34.6275],[95.0625,34.7175],[95.0625,34.8075],[94.8825,34.8075],[94.7025,35.0325],[94.4775,35.0325],[94.3425,35.1225],[94.1625,34.9875],[93.8925,34.9875],[93.8025,34.8975],[93.4875,34.8525],[93.2625,34.6275],[93.2625,34.5375],[93.2175,34.4925],[93.0375,34.4925],[92.9025,34.3575],[92.8125,34.3575],[92.8125,34.3125],[92.7225,34.2675],[92.5875,34.0875],[92.7225,33.9975],[92.8575,33.9975],[92.9475,33.8625],[92.9475,33.5475],[92.6775,33.4125],[93.1275,33.1425],[93.3075,33.1425],[93.3525,33.0975],[93.6225,33.0975],[93.7575,33.1875],[93.8475,33.1875],[94.1625,33.3225],[94.5675,33.3675],[94.7925,33.2325],[94.8825,33.2325],[95.0625,33.1425],[95.2425,33.1425],[95.3775,33.2325],[96.0525,33.2325],[96.0975,33.1875],[96.2325,33.1875],[96.2775,33.2325],[96.6825,33.2325],[97.2225,32.9625],[97.4475,32.9625],[97.8975,33.2775],[98.1675,33.4125],[98.7975,33.4575],[98.8425,33.4125],[98.9775,33.4125],[99.2475,33.2325],[99.4275,33.2325],[99.6525,33.0975],[99.7425,33.0975],[99.9675,32.9625],[99.9675,32.8725],[100.0575,32.8275],[100.1925,32.8275],[100.3275,32.9175],[100.5975,32.9175],[101.0025,32.6925],[101.1825,32.6925],[101.3175,32.6025],[101.5425,32.6925],[101.6775,32.8725],[101.6775,33.0075],[101.5875,33.1425],[101.5425,33.3675],[101.6775,33.5025],[101.9475,33.5925],[102.0375,33.7275],[102.1725,33.8175],[102.1725,34.0425],[102.2175,34.0875],[102.1275,34.0875],[102.0825,34.1325],[101.9925,34.0425],[101.7225,34.0425],[101.6775,34.0875],[101.6325,34.0425],[101.0025,34.0425],[100.9575,34.0875],[100.9575,34.3575],[101.0025,34.4025],[101.2275,34.4025],[101.3175,34.4925],[101.5875,34.4925],[101.6325,34.5375],[101.6325,34.6275],[101.6775,34.6725],[101.8125,34.6725],[101.9475,34.8525],[101.9475,34.9425],[101.9925,34.9875],[101.9925,35.6175],[102.0375,35.6625],[101.9925,35.7075],[101.9025,35.7075],[101.8125,35.8425],[101.8125,36.3825],[101.8575,36.4275],[101.8125,36.4725],[101.8125,36.7425],[101.8575,36.7875],[101.7675,36.8325],[101.7675,37.1475],[101.6775,37.2375],[101.5425,37.2375],[101.4975,37.2825],[101.4975,37.3725],[101.4525,37.3725],[101.3625,37.5075],[101.3625,37.6425],[101.2725,37.6875],[101.1825,37.8225],[101.1825,38.3175],[101.2725,38.4525],[101.0925,38.5425],[101.0475,39.1725],[100.9575,39.2175],[100.9125,39.3975],[100.7775,39.4425],[100.5075,39.2625],[100.1925,39.2625],[100.1475,39.3075],[100.1475,39.4875],[100.0575,39.5775],[100.0575,39.7575],[99.9675,39.8475],[99.9675,39.9825],[99.8325,40.0725],[99.8325,40.6125],[99.6975,40.7475],[99.6975,40.8375],[99.5625,40.8825],[99.4725,40.9725],[99.4725,41.4225],[99.4275,41.4675],[99.4275,41.6475],[99.1575,41.8275],[99.1575,41.9625],[98.9775,42.0525],[98.9775,42.1425],[98.8875,42.2775],[98.7075,42.2775],[98.5725,42.3675],[98.4825,42.2775],[98.3025,42.2775],[98.1675,42.1425],[97.9875,42.1425],[97.8525,41.9175],[97.3575,41.8725],[97.3125,41.8275],[96.9525,41.8275],[96.9075,41.8725],[96.9075,42.1425],[96.9975,42.2325],[96.9975,42.3675],[97.0875,42.4575],[97.0875,42.5925],[97.1775,42.6375],[97.2225,42.7725],[97.4025,42.9525],[97.5375,42.9525],[97.5825,42.9975],[97.5825,43.2225],[97.7175,43.3575],[97.8075,43.3575],[97.8525,43.4475],[97.8075,43.4925],[97.8075,43.7175],[97.7175,43.8525],[97.5825,43.8525],[97.4025,44.0325],[97.3575,44.2125],[97.1325,44.3475],[97.1325,44.4375],[96.9975,44.5725],[96.9975,44.6625],[96.7275,44.8875],[96.3675,44.9325],[96.0525,44.5725],[95.9625,44.5725],[95.9175,44.5275],[95.5575,44.5275],[95.4225,44.7075],[95.2875,44.7975],[95.1975,44.7975],[94.9725,44.9775],[94.9725,45.1575],[94.8825,45.2925],[94.4775,45.3375],[94.2975,45.4725],[93.5325,45.4725],[93.4875,45.5175],[93.3075,45.5175],[93.0825,45.6075],[92.9025,45.6075],[92.8125,45.7875],[92.7675,45.7425],[92.2725,45.7425],[92.2275,45.8325],[91.9125,45.8325],[91.8675,45.8775],[91.7325,45.8325],[91.6425,45.6975],[91.6425,45.5625],[91.5975,45.5175],[91.5075,45.5175],[91.5075,45.4725],[91.3275,45.2925],[91.2825,45.2925],[91.2825,45.1125],[91.3725,45.0675],[91.3725,44.7525],[91.2825,44.6625],[91.2825,44.5275],[91.2375,44.4825],[90.8775,44.4825],[90.7425,44.6625],[90.6075,44.5275],[90.6075,44.2125],[90.5175,44.1225],[90.3825,44.1225],[90.2925,43.9875],[90.3375,43.9425],[90.3375,43.6275],[90.2925,43.5825],[89.8875,43.5825],[89.8875,43.3575],[89.7975,43.2675],[89.4825,43.2675],[89.4375,43.3125],[89.3475,43.3125],[89.3025,43.3575],[89.3025,43.4475],[89.1675,43.5825],[89.1225,44.1675],[89.1675,44.2125],[89.1675,44.3925],[89.3475,44.5725],[89.4375,44.5725],[89.5725,44.7525],[89.5725,44.8425],[89.5275,44.8875],[89.5275,45.1575],[89.4825,45.2025],[89.4825,45.5175],[89.5725,45.6075],[89.6625,45.6075],[89.6625,45.9675],[89.5725,46.0575],[89.5725,46.1475],[89.3025,46.3725],[89.0775,46.4175],[88.9875,46.5075],[88.9425,46.4625],[88.2225,46.5075],[88.1775,46.4625],[88.0425,46.4625],[87.9525,46.3725],[87.8175,46.3725],[87.7275,46.2825],[87.4575,46.2825],[87.4125,46.3725],[87.3225,46.3725],[87.0525,46.5525],[87.0525,46.8225],[87.2325,46.9125],[87.3225,47.0475],[88.0875,47.0925],[88.1325,47.0025],[88.9875,47.0025],[89.1225,46.8675],[89.3475,46.8675],[89.3925,46.8225],[89.4825,46.8225],[89.5275,46.8675],[89.9325,46.8675],[90.1125,46.7325],[90.2025,46.8225],[90.8775,46.7775],[90.9675,46.9125],[91.4175,47.0025],[91.4625,47.0475],[91.5975,47.0475],[91.8225,47.2725],[91.9125,47.2725],[92.0025,47.3625],[92.1375,47.3625],[92.2275,47.4975],[92.4975,47.4975],[92.5425,47.5425],[92.6325,47.5425],[92.7675,47.6775],[93.0375,47.6775],[93.0825,47.6325],[93.0825,47.4075],[93.1275,47.3625],[93.1275,47.2725],[93.0825,47.2275],[93.1275,47.1825],[93.1275,46.6875],[92.9925,46.5975],[92.9925,46.3725],[92.9475,46.2825],[93.2625,46.2375],[93.3525,46.1475],[93.4875,46.1475],[93.5775,46.0575],[93.6675,46.0575],[93.7125,46.0125],[93.7575,46.0575],[94.0275,46.0575],[94.1625,45.8775],[94.5225,45.8775],[94.5675,45.8325],[94.6575,45.9225],[94.7475,45.9225],[94.7925,45.9675],[95.1525,45.9675],[95.5575,46.4175],[95.6025,46.5975],[95.6925,46.6875],[95.6475,46.7325],[95.5125,46.7325],[95.4675,46.7775],[95.4675,46.9575],[95.4225,47.0475],[95.3325,47.0475],[95.1525,47.2275],[94.7475,47.2275],[94.6125,47.4075],[94.4775,47.4525],[94.3875,47.5425],[94.3875,47.7675],[94.2975,47.8575],[94.1625,47.8575],[94.0725,47.9475],[94.0725,48.1725],[93.9825,48.1725],[93.8925,48.2625],[93.6675,48.3075],[93.5775,48.3975],[93.5775,48.5775],[93.4875,48.6675],[93.4425,48.6225],[93.1725,48.6225],[93.0375,48.8475],[93.0375,48.9825],[92.8575,48.9825],[92.7675,49.0275],[92.6775,49.2525],[92.5875,49.3425],[92.4525,49.3425],[92.3625,49.4775],[92.1825,49.4775],[92.0925,49.5225],[92.0475,49.4775],[91.8225,49.4775],[91.7775,49.4325],[91.6875,49.4325],[91.5975,49.3425],[91.5075,49.3425],[91.2825,49.0725],[91.0125,49.0725],[90.9675,49.1175],[90.0225,49.1175],[89.9325,49.2075],[89.9325,49.4775],[89.9775,49.5225],[89.9775,49.6125],[90.0675,49.6575],[90.2475,49.8825],[90.2475,50.1525],[90.3375,50.2875],[90.3375,50.6475],[90.2475,50.7375],[90.2475,51.1425],[90.2925,51.1875],[90.2475,51.4575],[89.9775,51.6825],[89.9325,51.9525],[89.8425,52.1325],[89.7075,52.1325],[89.5725,52.2675],[89.3925,52.1325],[89.3025,52.1325],[89.1675,52.0425],[89.0325,52.0425],[88.4925,51.6375],[88.4925,51.4575],[88.4025,51.3675],[88.4025,51.1875],[88.3575,51.1425],[88.0875,51.1425],[88.0425,51.1875],[88.0425,51.9075],[88.0875,51.9525],[88.0875,52.0425],[88.2225,52.1325],[88.2675,52.2675],[88.3575,52.3575],[88.3575,52.8975],[88.2675,52.9875],[88.2675,53.3925],[88.3125,53.4375],[88.3125,53.6175],[88.2225,53.7525],[88.1325,53.7525],[88.0875,53.7975],[88.0875,53.9325],[87.8625,54.0675],[87.7725,54.2025],[87.6375,54.0675],[87.3675,54.0675],[87.2325,54.2475],[87.1425,54.2475],[87.0525,54.3375],[86.7825,54.3825],[86.6925,54.5625],[86.4225,54.6975],[86.4225,55.1025],[86.5125,55.1925],[86.4675,55.2825],[86.4675,55.7775],[86.3325,55.9125],[86.1975,55.9575],[86.0625,56.1375],[85.8825,56.1375],[85.8375,56.0925],[85.7475,56.0925],[85.6575,56.0025],[84.9825,56.0025],[84.8925,56.1375],[84.8025,56.1375],[84.6675,56.2725],[84.5775,56.2725],[84.5325,56.3175],[84.4875,56.2725],[84.1725,56.2725]],[[86.2425,47.0475],[86.2875,47.0925],[86.7825,47.0925],[86.8275,47.0475],[86.8275,46.7325],[86.7825,46.6875],[86.3775,46.6875],[86.2425,46.7775],[86.2425,47.0475]]],[[[91.0575,57.5775],[90.9225,57.7575],[90.8325,57.7575],[90.7425,57.8475],[90.5625,57.6675],[90.5175,57.6675],[90.5175,57.5775],[90.4725,57.5325],[90.1125,57.5325],[89.8875,57.6675],[89.8425,57.6225],[89.8425,57.5325],[89.7525,57.4425],[89.7525,57.3075],[89.6175,57.1275],[89.7075,56.9925],[89.7075,56.8575],[89.7525,56.8125],[90.0225,56.8125],[90.0675,56.7675],[90.2925,56.9025],[90.3825,57.0375],[90.5175,57.0825],[90.6075,57.1725],[90.8325,57.1725],[90.9225,57.2625],[90.9225,57.4425],[91.0575,57.5775]]],[[[89.8425,61.4925],[89.7525,61.4025],[89.5725,61.4025],[89.4375,61.2675],[89.4375,61.0875],[89.2125,60.9075],[89.2125,60.6375],[89.0325,60.4125],[88.9425,60.3675],[88.6725,60.3675],[88.5825,60.4125],[88.4025,60.3225],[88.3125,60.1875],[88.0425,59.9625],[88.0425,59.8275],[87.9975,59.7825],[88.0425,59.7375],[88.0425,59.6475],[88.2675,59.4675],[88.2675,59.1975],[88.1775,59.1075],[88.0875,59.1075],[88.0425,59.0625],[88.0425,58.8825],[88.0875,58.8375],[88.0875,58.6575],[88.1325,58.6125],[88.2675,58.6125],[88.3125,58.5675],[88.6275,58.5675],[88.7175,58.4775],[88.8975,58.4775],[88.9875,58.5675],[89.0775,58.5675],[89.2125,58.7475],[89.4375,58.7925],[89.5725,59.0175],[89.6625,59.0175],[89.7075,59.0625],[90.0225,59.0625],[90.0675,59.0175],[90.1575,59.1075],[90.5175,59.1075],[90.6075,59.1975],[90.5625,59.2425],[90.5625,59.6025],[90.5175,59.6025],[90.4275,59.7375],[90.4275,60.0525],[90.5625,60.2325],[90.5625,60.7275],[90.6075,60.7725],[90.4725,60.9075],[90.4725,60.9975],[90.3825,61.0875],[90.2925,61.0875],[90.1575,61.2225],[90.0225,61.2675],[89.8425,61.4925]]],[[[95.2425,62.7975],[95.0625,62.7975],[94.8375,62.6625],[94.8375,62.5725],[95.0625,62.3475],[95.0625,62.2575],[95.1075,62.2125],[95.2425,62.3025],[95.3325,62.3025],[95.3775,62.3475],[95.3775,62.4825],[95.4675,62.5725],[95.4675,62.6625],[95.4225,62.7075],[95.3325,62.7075],[95.2425,62.7975]]],[[[93.8475,62.6625],[93.7125,62.7525],[93.6225,62.8875],[93.5325,62.8875],[93.4875,62.9325],[93.3975,62.7975],[93.2625,62.7075],[93.2625,62.6175],[93.2175,62.5725],[93.0825,62.5725],[92.9025,62.3475],[92.8125,62.3475],[92.7225,62.2575],[92.5875,62.2575],[92.5875,62.1225],[92.4075,61.9425],[92.4975,61.7175],[92.6325,61.7175],[92.7225,61.7625],[92.7675,61.8525],[92.9475,61.8525],[93.0825,62.0775],[93.3975,62.1225],[93.5325,62.3025],[93.7125,62.3925],[93.7125,62.5275],[93.8475,62.6625]]],[[[90.6975,63.3375],[90.6525,63.3825],[90.4725,63.3825],[90.3825,63.4725],[89.9325,63.4725],[89.8875,63.5175],[89.6625,63.5175],[89.5725,63.6075],[89.5275,63.5625],[88.9875,63.5625],[88.9425,63.5175],[88.6725,63.5175],[88.5375,63.3375],[88.3575,63.3375],[88.3125,63.2925],[88.3125,63.1575],[88.4025,63.0675],[88.4475,62.8875],[88.6725,62.8875],[88.8075,62.7525],[89.0775,62.7525],[89.2575,62.6625],[89.6175,62.6625],[89.6625,62.6175],[89.9325,62.6175],[89.9775,62.5725],[90.0675,62.6175],[90.2025,62.7975],[90.4275,62.8425],[90.5625,62.9325],[90.5625,63.1125],[90.6975,63.3375]]],[[[95.7825,65.3175],[95.6475,65.4525],[95.4675,65.4525],[95.2425,65.5875],[95.1975,65.6775],[95.0175,65.6775],[94.8825,65.5425],[94.6575,65.5425],[94.6125,65.4975],[94.4325,65.4975],[94.3875,65.4525],[94.1175,65.4525],[94.0725,65.4975],[94.0275,65.4525],[94.0275,65.3625],[93.8475,65.2275],[93.5775,65.2275],[93.4425,65.1375],[93.4425,65.0025],[93.3525,64.9575],[93.3525,64.9125],[93.1725,64.7325],[93.1725,64.5525],[93.1275,64.5075],[93.0375,64.5075],[92.9475,64.4175],[92.6775,64.3725],[92.6325,64.2825],[92.2725,64.2825],[92.0475,64.4625],[91.9575,64.4625],[91.9125,64.5075],[91.9125,64.5975],[91.7775,64.7325],[91.7775,64.9125],[91.7325,64.9125],[91.6875,65.0025],[91.5975,65.0025],[91.4625,65.1375],[91.3725,65.1375],[91.3275,65.2275],[91.2825,65.2275],[91.2375,65.1825],[91.2375,65.0475],[91.1025,64.9575],[91.1025,64.8675],[90.9675,64.7775],[90.9675,64.6875],[91.0575,64.5975],[91.0575,64.5075],[91.1475,64.5075],[91.2375,64.3725],[91.3275,64.3725],[91.3725,64.3275],[91.3725,63.9225],[91.3275,63.8775],[91.2825,63.2925],[91.3725,63.2025],[91.5525,63.2025],[91.5975,63.1575],[91.6425,63.2025],[91.9125,63.2025],[92.0025,63.2925],[92.0925,63.2925],[92.3625,63.6075],[92.5425,63.6975],[92.8575,63.6975],[92.9025,63.6525],[92.9925,63.7875],[93.2175,63.7875],[93.2625,63.8775],[93.4425,63.8775],[93.5775,64.0125],[94.1175,64.0125],[94.1625,63.9675],[94.2075,64.0125],[94.2075,64.1025],[94.2975,64.1925],[94.5675,64.1925],[94.5675,64.2825],[94.6575,64.4175],[95.0175,64.4175],[95.6025,64.9125],[95.6925,64.9125],[95.7825,65.3175]]],[[[75.0375,74.3625],[74.8125,74.2725],[74.8125,74.1825],[74.9475,73.9575],[75.0825,73.9575],[75.0825,74.3175],[75.0375,74.3625]]],[[[73.5075,74.3175],[73.4625,74.3625],[73.1925,74.3625],[73.1475,74.4075],[73.0125,74.2275],[72.6975,74.2275],[72.5625,74.1375],[72.5625,73.8675],[72.5175,73.8225],[72.3825,73.8225],[72.3825,73.7325],[72.2025,73.5975],[71.8425,73.5975],[71.7525,73.6875],[71.6625,73.5975],[71.5725,73.5975],[71.4825,73.3725],[71.5725,73.2375],[71.7075,73.1475],[71.7075,72.8775],[71.6625,72.8325],[71.7075,72.7875],[71.7075,72.6075],[71.7975,72.6075],[71.8425,72.5625],[72.5625,72.6075],[72.6525,72.5625],[72.7425,72.6525],[72.9225,72.6525],[73.0575,72.8325],[73.2375,72.8325],[73.3725,73.0125],[73.3725,73.3725],[73.4175,73.4175],[73.7775,73.4175],[73.8225,73.4625],[73.8225,73.5525],[73.6425,73.8225],[73.4175,73.8225],[73.3725,73.8675],[73.3725,74.1375],[73.5075,74.3175]]],[[[82.0125,75.5775],[81.9225,75.5325],[81.7875,75.3525],[81.7875,75.2625],[81.8325,75.2175],[81.8325,74.9925],[81.9675,74.9925],[82.0125,74.9475],[82.0125,74.8575],[82.1475,74.8575],[82.2375,74.7675],[82.3275,74.7675],[82.3725,74.8125],[82.3725,74.9925],[82.4625,75.1725],[82.4175,75.2175],[82.2375,75.2175],[82.1925,75.2625],[82.1475,75.4875],[82.0125,75.5775]]],[[[80.4375,75.5775],[80.3925,75.2625],[80.5725,75.1275],[80.6175,74.8575],[80.6625,74.8125],[81.0225,74.8125],[81.0675,74.9475],[81.2475,75.1275],[81.2475,75.1725],[81.1575,75.2625],[81.0225,75.2625],[80.8875,75.3975],[80.8875,75.5325],[80.7525,75.6225],[80.7075,75.5775],[80.4375,75.5775]]],[[[73.9125,75.8025],[73.8675,75.7575],[73.6875,75.7575],[73.5525,75.5775],[73.4625,75.5775],[73.4625,75.3975],[73.4175,75.3525],[73.4175,74.9925],[73.5075,74.8125],[73.7775,74.8125],[73.8225,74.7675],[73.9575,74.8575],[73.9575,74.9475],[74.0025,74.9925],[74.1375,74.9925],[74.2275,75.1275],[74.1375,75.2625],[74.1375,75.3975],[74.0475,75.4425],[74.0025,75.7125],[73.9125,75.8025]]],[[[75.3975,78.1875],[75.1725,78.3675],[75.1275,78.3225],[74.8575,78.3225],[74.7675,78.3675],[74.6775,78.2775],[74.5875,78.2775],[74.5425,78.2325],[74.2725,78.2325],[74.2275,78.3225],[73.9575,78.3225],[73.8675,78.2325],[73.8675,78.0975],[73.8225,78.0525],[73.8675,77.9625],[73.8675,77.5575],[73.9125,77.5125],[73.9575,77.5575],[74.1825,77.5575],[74.3175,77.7375],[74.4525,77.7375],[74.5425,77.8725],[74.9475,77.8725],[75.1275,77.9625],[75.1725,78.0525],[75.3525,78.0975],[75.3975,78.1875]]]]}},{"type":"Feature","id":"Ionio","properties":{"id":"Ionio","tracedAreaKm2":423664},"geometry":{"type":"MultiPolygon","coordinates":[[[[-108.9225,-23.4225],[-108.9675,-23.9175],[-109.1025,-24.0075],[-109.1025,-24.0975],[-109.1475,-24.1425],[-109.1025,-24.2325],[-109.1025,-24.5025],[-109.0125,-24.6375],[-108.9225,-24.6825],[-108.8775,-24.9075],[-108.6975,-25.0425],[-108.1125,-25.0425],[-108.0225,-25.1325],[-108.0225,-25.2225],[-107.9775,-25.2675],[-107.8875,-25.2675],[-107.7525,-25.4475],[-107.5725,-25.4475],[-107.5275,-25.5375],[-107.3025,-25.5825],[-107.3025,-25.5375],[-107.1225,-25.4025],[-107.1225,-25.2675],[-106.9875,-25.1325],[-106.8975,-25.1325],[-106.9425,-25.0875],[-106.9425,-24.8175],[-107.0775,-24.8175],[-107.1225,-24.7275],[-107.2575,-24.6375],[-107.2575,-24.3675],[-107.3025,-24.3675],[-107.4375,-24.1875],[-107.7525,-24.1425],[-107.8425,-24.0525],[-107.9325,-24.0525],[-108.1125,-23.8725],[-108.1125,-23.4675],[-108.2025,-23.3775],[-108.3375,-23.3775],[-108.4275,-23.2875],[-108.7425,-23.2875],[-108.9225,-23.4225]]],[[[-114.6825,-22.3875],[-114.6825,-22.4325],[-114.5025,-22.5675],[-114.4125,-22.5675],[-114.3675,-22.5225],[-114.3675,-22.4775],[-114.5475,-22.2975],[-114.6825,-22.3875]]],[[[-112.3425,-19.6875],[-112.4325,-19.8225],[-112.6575,-19.8225],[-112.7925,-20.0025],[-113.0625,-20.0025],[-113.2875,-20.1825],[-113.4675,-20.1825],[-113.6025,-20.2725],[-113.6025,-20.9025],[-113.6475,-20.9475],[-113.6025,-20.9925],[-113.6025,-21.0825],[-113.4675,-21.2175],[-113.4675,-21.9375],[-113.5125,-21.9825],[-113.7375,-21.9825],[-113.8275,-22.0725],[-113.6925,-22.2525],[-113.3325,-22.2525],[-113.2875,-22.2975],[-113.2875,-22.3875],[-113.1975,-22.3875],[-113.0625,-22.4775],[-113.0625,-22.5675],[-113.0175,-22.6125],[-113.0175,-22.8825],[-112.9725,-22.9275],[-112.9725,-23.1075],[-112.9275,-23.1525],[-112.9275,-23.3775],[-112.8825,-23.4225],[-112.8825,-23.6925],[-112.7025,-23.9175],[-112.7025,-24.1875],[-112.7475,-24.2775],[-112.6125,-24.4125],[-112.5675,-24.6375],[-112.5225,-24.6375],[-112.3875,-24.8175],[-112.2975,-24.8175],[-112.2525,-24.8625],[-111.8025,-24.8625],[-111.7575,-24.9075],[-111.7125,-24.8625],[-111.6225,-24.8625],[-111.6225,-24.5475],[-111.3975,-24.4575],[-111.3975,-24.1425],[-111.4875,-24.0525],[-111.6225,-24.0075],[-111.6675,-23.9625],[-111.6675,-23.8725],[-111.8475,-23.7375],[-111.8475,-23.3325],[-111.8025,-23.2875],[-111.4875,-23.2875],[-111.4425,-23.3325],[-111.3075,-23.3325],[-111.1725,-23.4225],[-111.0375,-23.4225],[-110.9475,-23.2875],[-110.8125,-23.2875],[-110.7225,-23.2425],[-110.6325,-23.1075],[-110.5875,-23.1075],[-110.5875,-22.7925],[-110.5425,-22.7475],[-110.6325,-22.6575],[-110.6325,-22.4775],[-110.7225,-22.3875],[-110.7225,-22.2975],[-110.7675,-22.2525],[-110.7675,-21.8025],[-110.7225,-21.7575],[-110.7675,-21.2175],[-110.7225,-21.1725],[-110.7225,-20.9025],[-110.8575,-20.7675],[-110.8575,-20.6775],[-110.9025,-20.6325],[-111.0375,-20.6325],[-111.1275,-20.5425],[-111.1275,-20.4525],[-111.2175,-20.4075],[-111.2175,-20.0475],[-111.3975,-20.0025],[-111.4875,-19.8225],[-111.6225,-19.8225],[-111.7125,-19.7325],[-111.8925,-19.7325],[-111.9375,-19.6875],[-112.3425,-19.6875]]],[[[-109.2825,-17.7525],[-109.4625,-17.7525],[-109.5525,-17.7975],[-109.5975,-17.8875],[-109.7325,-17.9325],[-109.6875,-17.9775],[-109.6875,-18.4275],[-109.4175,-18.4275],[-109.4175,-18.2925],[-109.3275,-18.2025],[-109.1925,-18.1575],[-109.1925,-17.8875],[-109.2825,-17.7525]]],[[[-106.4475,-17.3475],[-106.4925,-17.4375],[-106.6275,-17.5275],[-106.6275,-17.6175],[-106.7175,-17.6625],[-106.8525,-17.8425],[-106.8525,-18.1125],[-107.0325,-18.2475],[-107.0325,-18.4725],[-107.3025,-18.6525],[-107.3025,-18.8325],[-107.3925,-18.9675],[-107.4375,-19.1925],[-107.4825,-19.2375],[-107.5725,-19.2375],[-107.6625,-19.4175],[-107.5275,-19.5075],[-107.5275,-19.5975],[-107.3475,-19.7775],[-107.3025,-19.7775],[-107.0775,-20.0475],[-106.9425,-20.0475],[-106.7625,-20.1825],[-106.7625,-20.4525],[-106.8075,-20.4975],[-107.0775,-20.4975],[-107.1225,-20.4525],[-107.2125,-20.4525],[-107.2575,-20.4975],[-107.2575,-20.6775],[-107.3025,-20.7225],[-107.2575,-20.7675],[-106.9425,-20.8125],[-106.7175,-20.9925],[-106.7175,-21.2625],[-106.4925,-21.3975],[-106.4925,-21.5775],[-106.4475,-21.5775],[-106.1775,-21.8475],[-106.1775,-21.8925],[-106.0425,-21.8925],[-105.7725,-22.0275],[-105.5925,-21.8475],[-105.5025,-21.8475],[-105.4125,-21.7575],[-104.9625,-21.7125],[-104.9175,-21.7575],[-104.9625,-22.5675],[-104.6475,-22.6125],[-104.6025,-22.6575],[-104.6025,-22.7475],[-104.4225,-22.9275],[-104.4225,-23.1075],[-104.3325,-23.1075],[-104.1525,-23.2875],[-103.7475,-23.2875],[-103.6575,-23.4225],[-103.5675,-23.2875],[-103.2975,-23.2875],[-103.1625,-23.4225],[-102.9375,-23.4225],[-102.8475,-23.5125],[-102.8475,-23.6025],[-102.8025,-23.6475],[-102.7125,-23.6025],[-102.4425,-23.6025],[-102.3075,-23.7375],[-101.7675,-23.7825],[-101.6775,-23.9175],[-101.3625,-24.0075],[-101.2725,-24.0975],[-101.2725,-24.1875],[-101.1825,-24.1875],[-101.0475,-24.0075],[-101.0925,-23.7825],[-101.0025,-23.6025],[-101.0025,-23.4225],[-101.1825,-23.2425],[-101.2275,-23.1525],[-101.2275,-22.9725],[-101.0025,-22.6125],[-100.8675,-22.5225],[-100.8675,-22.2975],[-100.9125,-22.2975],[-101.0925,-22.0725],[-101.2275,-22.0275],[-101.3175,-21.9375],[-101.3175,-21.7575],[-101.2275,-21.6675],[-101.2275,-21.5325],[-101.4075,-21.3525],[-101.4075,-21.1275],[-101.3625,-21.0825],[-101.3625,-20.9925],[-101.8125,-20.9025],[-101.8575,-20.8575],[-101.8575,-20.6775],[-101.9025,-20.6325],[-102.3075,-20.5425],[-102.4425,-20.3625],[-102.4425,-20.2725],[-102.6225,-20.1825],[-102.7575,-20.0475],[-102.7575,-19.8675],[-102.6675,-19.7775],[-102.6675,-19.6425],[-102.8475,-19.5075],[-102.9375,-19.3725],[-102.8925,-18.9675],[-103.0725,-18.8325],[-103.1625,-18.5625],[-103.2075,-18.5175],[-103.4325,-18.5175],[-103.5675,-18.7425],[-103.7475,-18.7425],[-103.8375,-18.9225],[-103.9725,-19.0575],[-104.1525,-19.1475],[-104.2875,-19.1475],[-104.3775,-19.2375],[-104.3775,-19.3275],[-104.4225,-19.3725],[-104.6475,-19.3725],[-104.7375,-19.5075],[-105.0075,-19.5075],[-105.2325,-19.2825],[-105.2325,-19.1925],[-105.2775,-19.1925],[-105.4575,-18.9675],[-105.5025,-18.4275],[-105.4575,-18.3825],[-105.4575,-18.0675],[-105.4125,-18.0225],[-105.5475,-17.8425],[-105.5475,-17.7525],[-105.9525,-17.3025],[-106.3575,-17.3025],[-106.4475,-17.3475]]]]}},{"type":"Feature","id":"Baltica","properties":{"id":"Baltica","tracedAreaKm2":313276},"geometry":{"type":"MultiPolygon","coordinates":[[[[-41.4675,44.7975],[-41.6025,44.7075],[-41.6025,44.3475],[-41.6925,44.2575],[-41.6475,44.0325],[-41.4225,43.8075],[-41.4225,43.7175],[-41.6475,43.5825],[-41.7375,43.5825],[-42.2775,43.3125],[-42.3675,43.3125],[-42.4125,43.3575],[-42.5925,43.3125],[-42.6825,43.1775],[-42.6825,43.0875],[-42.8175,42.9975],[-42.8175,42.9075],[-42.9525,42.8175],[-43.0425,42.8175],[-43.2675,42.9525],[-43.8075,42.9525],[-43.9425,43.0425],[-43.9425,43.1325],[-44.0325,43.1775],[-44.2125,43.1775],[-44.3475,43.2675],[-44.4825,43.2225],[-44.6625,43.0875],[-44.8425,43.1775],[-45.0675,43.0425],[-45.0675,42.8625],[-45.4725,42.5925],[-45.5175,42.4125],[-45.6525,42.2325],[-45.6525,41.9625],[-45.7425,41.8275],[-45.7425,41.7375],[-45.9675,41.4675],[-46.2375,41.2875],[-46.2375,41.0625],[-46.1925,41.0175],[-46.1925,40.9275],[-46.0125,40.7925],[-46.0125,40.6125],[-45.9225,40.4325],[-45.6075,40.5225],[-45.5175,40.7475],[-45.2475,40.7475],[-45.0225,40.4775],[-45.0225,40.2075],[-44.8425,40.1625],[-44.7525,40.0275],[-44.2575,40.0275],[-43.9425,39.7575],[-43.9425,39.6675],[-43.8075,39.5325],[-43.7625,39.3525],[-43.5825,39.3525],[-43.4475,39.2175],[-43.4025,39.2625],[-43.1325,39.2625],[-43.0875,39.3075],[-42.9975,39.3075],[-42.9975,39.4425],[-42.9525,39.4875],[-42.7275,39.4875],[-42.7275,39.5325],[-42.6375,39.5775],[-42.5475,39.7125],[-42.3225,39.7125],[-42.2325,39.8025],[-42.1875,40.2075],[-42.1425,40.2525],[-42.0525,40.2525],[-42.0525,40.5225],[-42.0075,40.5675],[-41.7375,40.5675],[-41.6025,40.3875],[-41.6025,39.9825],[-41.6925,39.8925],[-41.6925,39.7125],[-41.8275,39.6225],[-41.8275,39.5325],[-41.7375,39.5325],[-41.6475,39.3975],[-41.6475,38.9925],[-41.6925,38.9475],[-41.8275,38.9475],[-41.9175,38.8575],[-42.0975,38.8575],[-42.1425,38.8125],[-42.1425,38.6325],[-42.0075,38.4975],[-41.8275,38.4075],[-41.8275,38.2275],[-41.6925,38.0925],[-41.6925,37.8225],[-41.5575,37.6425],[-41.5575,37.3275],[-41.6025,37.2825],[-41.5125,37.2825],[-41.3775,37.1475],[-41.1975,37.1475],[-40.9725,36.8775],[-40.7925,36.8775],[-40.7025,36.7875],[-40.7025,36.6975],[-40.6575,36.6525],[-40.2975,36.6075],[-40.2525,36.5175],[-40.1625,36.4725],[-39.9825,36.4725],[-39.8925,36.3825],[-39.7575,36.3825],[-39.7125,36.4275],[-39.7125,36.7425],[-39.6675,36.7875],[-39.6675,36.9225],[-39.5325,37.0575],[-39.4425,37.0575],[-39.3525,37.1475],[-39.3975,37.1925],[-39.3975,37.4625],[-39.1275,37.6425],[-38.9025,37.6425],[-38.8575,37.6875],[-38.8575,38.0025],[-39.1275,38.1825],[-39.1275,38.4525],[-39.2175,38.5425],[-39.4425,38.5425],[-39.5325,38.6325],[-39.5325,38.9025],[-39.4875,38.9475],[-39.3975,38.9475],[-39.3975,39.0825],[-39.2175,39.2625],[-38.9925,39.3075],[-38.9925,39.4425],[-38.9475,39.4875],[-38.7675,39.5325],[-38.7675,39.5775],[-38.5875,39.7575],[-38.6775,39.8475],[-38.6775,40.1625],[-38.6325,40.2075],[-38.4975,40.2075],[-38.3175,40.3875],[-38.4975,40.4775],[-38.5425,40.6575],[-38.8125,41.0175],[-38.8125,41.1975],[-38.9475,41.2875],[-38.9475,41.5575],[-38.8575,41.6475],[-38.8575,41.8275],[-38.6775,41.9175],[-38.6775,42.1425],[-38.5875,42.1875],[-38.7675,42.2325],[-38.9025,42.3225],[-39.0375,42.3225],[-39.2175,42.4575],[-39.1275,43.0425],[-39.1725,43.1325],[-39.4425,43.3575],[-39.3975,43.6275],[-39.4875,43.6725],[-39.5325,43.6275],[-39.7125,43.6725],[-39.9375,43.8975],[-39.9375,44.1225],[-40.2525,44.3475],[-40.2525,44.4825],[-40.3875,44.6175],[-40.4775,44.6625],[-40.9275,44.6625],[-40.9725,44.7075],[-41.1975,44.6625],[-41.4675,44.7975]]]]}},{"type":"Feature","id":"Eemsmerschen","properties":{"id":"Eemsmerschen","tracedAreaKm2":612630},"geometry":{"type":"MultiPolygon","coordinates":[[[[-21.3075,58.7925],[-21.3975,58.7475],[-21.2625,58.5675],[-21.2625,58.2975],[-21.6225,57.7575],[-21.6225,57.5775],[-21.4425,57.3075],[-21.4425,57.0375],[-21.6675,56.6775],[-21.7575,56.2275],[-21.8925,55.9575],[-21.9825,55.8675],[-21.9825,55.7325],[-22.2075,55.4175],[-22.2075,55.0125],[-22.2975,54.8325],[-22.4325,54.6975],[-22.6125,54.6525],[-22.8375,54.5175],[-22.8825,54.4275],[-22.8825,54.2475],[-22.9725,54.1125],[-23.2425,53.9775],[-23.3775,53.8425],[-23.5575,53.7975],[-23.9625,53.5725],[-23.9625,53.4375],[-23.8275,53.2575],[-23.8275,53.1675],[-23.9625,52.8525],[-23.9625,52.7175],[-23.8725,52.5825],[-23.6025,52.4925],[-23.4675,52.3575],[-23.4675,52.1775],[-23.6025,52.0875],[-23.7375,52.0875],[-23.9175,51.9975],[-23.9175,51.6825],[-23.8725,51.6375],[-23.8725,51.5025],[-23.9175,51.4575],[-24.2775,51.3675],[-24.5025,51.1425],[-24.6375,51.0975],[-24.6825,51.0075],[-24.3225,50.7825],[-24.0075,50.7825],[-23.6925,50.6025],[-23.5575,50.6025],[-23.1975,50.4225],[-23.0625,50.4225],[-23.0175,50.3775],[-22.6575,50.3775],[-22.6125,50.3325],[-22.6125,50.1075],[-22.5225,49.9275],[-22.5225,49.7925],[-22.3425,49.7025],[-22.2075,49.7025],[-22.1625,49.6125],[-22.0275,49.5675],[-21.9825,49.5225],[-21.9825,49.3875],[-21.8475,49.3875],[-21.8025,49.3425],[-21.8025,49.0725],[-21.7575,49.0275],[-21.6675,49.0275],[-21.6225,48.9375],[-21.5325,48.9375],[-21.4875,48.8925],[-21.4875,48.4875],[-21.5325,48.3975],[-21.3525,48.2175],[-21.3075,47.9925],[-21.0375,47.8125],[-21.0375,47.7225],[-20.9475,47.6775],[-20.9475,47.5875],[-20.8575,47.5875],[-20.7675,47.4975],[-20.4975,47.4975],[-20.4525,47.4525],[-20.4525,47.3175],[-20.3175,47.1825],[-20.2275,47.1825],[-20.0475,47.0475],[-20.0475,46.9575],[-19.9575,46.8675],[-19.9575,46.6875],[-19.8225,46.4625],[-19.6875,46.4625],[-19.5075,46.1925],[-19.2825,46.1925],[-19.1475,46.0575],[-18.7425,46.0125],[-18.5625,45.9225],[-18.2475,45.9225],[-18.2025,45.8775],[-18.1125,45.8775],[-18.0225,45.7425],[-17.9775,45.7875],[-17.6625,45.7875],[-17.6175,45.7425],[-17.5725,45.7875],[-17.4375,45.7875],[-17.2125,45.9675],[-17.1675,46.1925],[-17.0775,46.3275],[-16.8975,46.5075],[-16.8525,46.5075],[-16.8525,46.8225],[-16.8975,46.8675],[-16.8975,47.1825],[-16.9425,47.2275],[-16.9425,47.9475],[-16.9875,47.9925],[-16.9875,48.0825],[-16.8525,48.1725],[-16.6725,48.1275],[-16.5375,48.2175],[-16.4475,48.2175],[-16.3125,48.1275],[-16.0425,48.1275],[-15.8175,48.2625],[-15.8175,48.4425],[-15.7275,48.5775],[-15.5475,48.7575],[-15.4125,48.8025],[-15.4125,48.8925],[-15.5025,48.9375],[-15.6825,49.2975],[-15.8625,49.3425],[-16.0425,49.2525],[-16.4925,49.6575],[-16.4925,49.7925],[-16.8525,50.1075],[-16.8525,50.1975],[-16.9875,50.3325],[-16.9875,50.6925],[-17.4375,50.9175],[-17.5725,51.0525],[-17.5725,51.1875],[-17.4825,51.2775],[-17.4825,51.8175],[-17.4375,51.8625],[-17.4375,51.9525],[-17.3025,52.0425],[-16.9425,52.0425],[-16.7625,51.9525],[-16.2225,51.9525],[-16.1325,51.9075],[-16.0425,51.9525],[-15.9975,52.1325],[-15.9075,52.1775],[-15.8625,52.2675],[-15.7725,52.3125],[-15.5925,52.3125],[-15.3675,52.4025],[-15.3225,52.4475],[-15.3225,52.8525],[-15.2325,52.9425],[-15.2325,53.0325],[-15.3675,53.1675],[-15.3675,53.5275],[-15.0975,53.7525],[-14.8275,53.7525],[-14.6925,53.6625],[-14.1525,53.6625],[-14.1075,53.6175],[-13.8825,53.5725],[-13.7025,53.3925],[-13.5225,53.3025],[-13.2975,53.3025],[-13.2075,53.3475],[-13.2075,53.6175],[-13.1175,53.6625],[-13.1175,53.9325],[-13.1625,53.9325],[-13.2075,54.0225],[-13.4775,54.2475],[-13.4775,54.7425],[-13.2975,54.8325],[-13.2975,55.0125],[-13.3875,55.1475],[-13.4325,55.3725],[-13.8375,55.7325],[-13.7925,56.2275],[-13.9725,56.3625],[-13.9725,56.4525],[-13.9275,56.4975],[-13.9275,56.6325],[-13.9725,56.6775],[-14.1525,56.7225],[-14.2875,56.6325],[-14.4675,56.7675],[-14.4675,56.8575],[-14.5125,56.9025],[-14.6475,56.9475],[-14.8275,57.0825],[-15.0525,57.0825],[-15.3225,56.8575],[-15.6375,56.7675],[-15.8175,56.9025],[-15.9075,57.1275],[-15.9975,57.1725],[-16.2225,57.1725],[-16.2675,57.1275],[-16.4475,57.1725],[-16.5825,57.3525],[-16.5825,57.6675],[-16.8075,57.8025],[-16.9875,57.8475],[-17.2575,58.2525],[-17.2575,58.3425],[-17.5275,58.3425],[-17.5275,58.2975],[-17.7075,58.2075],[-17.7525,58.1175],[-18.2925,58.0725],[-18.3375,58.1175],[-18.3375,58.2525],[-18.5625,58.2525],[-18.6525,58.4325],[-18.7425,58.3875],[-19.2375,58.3875],[-19.3275,58.4775],[-19.3275,58.5675],[-19.5525,58.6125],[-19.5975,58.7025],[-19.6875,58.7025],[-19.7325,58.7925],[-20.0475,58.7925],[-20.1375,58.6575],[-20.4525,58.6575],[-20.5425,58.8375],[-20.6325,58.7925],[-21.3075,58.7925]]]]}},{"type":"Feature","id":"Centennia-Cardina","properties":{"id":"Centennia-Cardina","tracedAreaKm2":444788},"geometry":{"type":"MultiPolygon","coordinates":[[[[31.7025,-34.7625],[31.6575,-34.8075],[31.6575,-34.8975],[31.5675,-34.9875],[31.2975,-34.9875],[31.1625,-35.1675],[31.0725,-35.1675],[30.8925,-35.3475],[30.8925,-35.4825],[30.7575,-35.5725],[30.6225,-35.5725],[30.5325,-35.6625],[30.5325,-35.7975],[30.4875,-35.8425],[30.3975,-35.8425],[30.3075,-35.9325],[30.3075,-36.0675],[30.0375,-36.2475],[30.0825,-36.3375],[30.0825,-36.8325],[29.9925,-36.8775],[29.9025,-37.0125],[29.9025,-37.4175],[30.1275,-37.5525],[30.3525,-37.4625],[30.8025,-37.6875],[31.0275,-37.8675],[31.2075,-37.8675],[31.2975,-37.9125],[31.4325,-38.0925],[31.4775,-38.2275],[31.6125,-38.3625],[31.6125,-38.4975],[31.5225,-38.6325],[31.5225,-38.7225],[31.7925,-39.0825],[31.7925,-39.4875],[32.0175,-39.7125],[32.0175,-39.8475],[31.9275,-39.9375],[31.9275,-40.0725],[32.0625,-40.2525],[32.1075,-40.4325],[32.1975,-40.5225],[32.2425,-40.8375],[32.5125,-41.0175],[32.5125,-41.1975],[32.6925,-41.3775],[32.6475,-41.7375],[32.7825,-41.8725],[32.7825,-42.0075],[32.8725,-42.0975],[32.8725,-42.2775],[32.9625,-42.3675],[32.9625,-42.4575],[32.9175,-42.5025],[32.7375,-42.5475],[32.6025,-42.6375],[32.5125,-42.7725],[32.5125,-42.8625],[32.6925,-42.9525],[32.6925,-43.2225],[32.8725,-43.4475],[32.8725,-43.7175],[32.9175,-43.7625],[33.0525,-43.7625],[33.2775,-43.4925],[33.2775,-43.3575],[33.3225,-43.3125],[33.8175,-43.3125],[33.8625,-43.2675],[33.8625,-43.1325],[33.9525,-43.0425],[34.2225,-42.9975],[34.3575,-42.9075],[34.3575,-42.8175],[34.5375,-42.6825],[34.7175,-42.6825],[34.8075,-42.5475],[35.0775,-42.5025],[35.0775,-42.4125],[35.1225,-42.3675],[35.3925,-42.3675],[35.4375,-42.4125],[35.5275,-42.4125],[35.6175,-42.5025],[35.7075,-42.5025],[35.8425,-42.6375],[35.8875,-42.6375],[35.8875,-42.5925],[36.0675,-42.4575],[36.0675,-42.2325],[36.2475,-42.1425],[36.2475,-42.0075],[36.1125,-41.9175],[36.1125,-41.7825],[36.2025,-41.6925],[36.4725,-41.6025],[36.5175,-41.5125],[36.5175,-41.2425],[36.8325,-41.0625],[36.8325,-40.8825],[36.7425,-40.7925],[36.7425,-40.5675],[36.6075,-40.4775],[36.5625,-40.2525],[36.4725,-40.0725],[36.3375,-39.9375],[36.0675,-39.8025],[36.0675,-39.7125],[36.1575,-39.6225],[36.1575,-39.3525],[36.0675,-39.2625],[36.0675,-39.1725],[36.1575,-39.0825],[36.2925,-39.0375],[36.2925,-38.7675],[36.4275,-38.6325],[36.3825,-38.3625],[36.6075,-38.1825],[36.6975,-38.1825],[36.7425,-38.1375],[37.0575,-38.1375],[37.1475,-38.0925],[37.1475,-38.0025],[37.2375,-37.9575],[37.2375,-37.8225],[36.6525,-37.5975],[36.1125,-37.1925],[36.1125,-37.1025],[36.2475,-36.9675],[36.2475,-36.7425],[36.5175,-36.4725],[36.5625,-36.4725],[36.5625,-36.2925],[36.4725,-36.1575],[36.4725,-36.0675],[36.3825,-35.9775],[36.3825,-35.7525],[36.2475,-35.6625],[36.0225,-35.6175],[35.8875,-35.4825],[35.8425,-35.2575],[35.5725,-35.0775],[35.4825,-35.2575],[35.2575,-35.2575],[35.0325,-35.4375],[34.7175,-35.4375],[34.6275,-35.3475],[34.2675,-35.3475],[34.1775,-35.4825],[33.7275,-35.5725],[33.6375,-35.6625],[33.1875,-35.6625],[33.1425,-35.6175],[33.1425,-35.3475],[33.2775,-35.1675],[33.2325,-35.1225],[33.2325,-34.9875],[33.0075,-34.9875],[32.8725,-34.7625],[32.2875,-34.7625],[32.2425,-34.8075],[31.7475,-34.8075],[31.7025,-34.7625]]],[[[18.7875,-30.2625],[18.6525,-30.1725],[18.5625,-30.1725],[18.5175,-30.0825],[18.3825,-29.9925],[18.3825,-29.9025],[17.8875,-29.9025],[17.7525,-30.0375],[17.7075,-30.2625],[17.5725,-30.3975],[17.4825,-30.6225],[17.0775,-30.6675],[16.9875,-30.7575],[16.9875,-30.8475],[16.8975,-31.0275],[16.9425,-31.0725],[16.9425,-31.4325],[16.8975,-31.4775],[16.7625,-31.4775],[16.5375,-31.8375],[16.3125,-31.8375],[16.2675,-31.8825],[16.2675,-32.0625],[16.0425,-32.3775],[15.9525,-32.3775],[15.7725,-32.5125],[15.6825,-32.6475],[15.4575,-32.6925],[15.3225,-32.7825],[15.1875,-32.9625],[15.0975,-32.9625],[15.0075,-33.1425],[14.9625,-33.3675],[15.0075,-33.4125],[15.1875,-33.4125],[15.2325,-33.4575],[15.9075,-33.5025],[15.9975,-33.5475],[16.0425,-33.6375],[16.1775,-33.6375],[16.2675,-33.6825],[16.3575,-33.8175],[16.4475,-33.8175],[16.4475,-33.7275],[16.4925,-33.6825],[16.7175,-33.6375],[16.8525,-33.5025],[16.8525,-33.3225],[16.8975,-33.2775],[16.9875,-33.2775],[17.0775,-33.0975],[17.1675,-33.0975],[17.1675,-32.5575],[17.3025,-32.3775],[17.4825,-32.3325],[17.5275,-32.2425],[17.7975,-32.2425],[18.0675,-32.4225],[18.1575,-32.3325],[18.8325,-32.2875],[19.0125,-32.1075],[19.1025,-31.9275],[19.1025,-31.7925],[19.2825,-31.7025],[19.3275,-31.5225],[19.1475,-31.1625],[19.0575,-31.0725],[18.9675,-31.0725],[18.9225,-31.0275],[18.9225,-30.7125],[18.9675,-30.6225],[18.7875,-30.4425],[18.7875,-30.2625]]]]}},{"type":"Feature","id":"Flaca-Vul","properties":{"id":"Flaca-Vul","tracedAreaKm2":295540},"geometry":{"type":"MultiPolygon","coordinates":[[[[-25.0425,16.8975],[-25.1325,16.8975],[-25.2225,16.9875],[-25.3575,16.8525],[-25.4925,16.8525],[-25.5375,16.8075],[-25.5375,16.6275],[-25.6275,16.4925],[-25.7625,16.4025],[-25.9425,16.1775],[-26.0325,16.1775],[-26.1675,16.0425],[-26.1225,15.9975],[-26.0775,15.3675],[-26.1675,15.3225],[-26.2125,15.2325],[-26.5275,15.2325],[-26.6175,15.3225],[-26.9775,15.3225],[-27.1125,15.5025],[-27.2025,15.4125],[-27.2925,15.4125],[-27.5175,15.2775],[-27.6075,15.2775],[-27.7425,15.0075],[-27.8325,14.9175],[-27.9675,14.9175],[-28.0575,14.8275],[-28.0575,14.5125],[-28.1475,14.4225],[-28.1475,14.3775],[-28.0575,14.3325],[-28.0575,14.0175],[-28.1025,13.9725],[-28.1025,13.8375],[-28.1925,13.7925],[-28.2825,13.6575],[-28.5075,13.6575],[-28.6875,13.4325],[-28.6875,13.3425],[-28.8225,13.2525],[-28.9125,13.2525],[-29.0025,13.1175],[-29.0925,13.1175],[-29.2275,12.9825],[-29.4975,12.9375],[-29.6325,12.4875],[-29.4075,12.3975],[-29.3175,12.2625],[-29.2275,12.2175],[-29.1825,12.1275],[-29.1825,11.8125],[-29.0925,11.7225],[-29.0925,11.5875],[-29.0475,11.5425],[-28.9125,11.5425],[-28.6875,11.2725],[-28.3725,11.2725],[-28.2825,11.4075],[-27.8325,11.4525],[-27.4275,11.7225],[-27.2475,11.7225],[-27.2475,11.8125],[-27.1125,11.9475],[-26.9775,11.9475],[-26.8875,12.0825],[-26.6175,12.0825],[-26.5275,11.9925],[-26.4375,12.0825],[-26.1675,12.0825],[-26.1225,12.0375],[-26.0325,12.1275],[-25.8975,12.1275],[-25.6725,12.2175],[-25.4925,12.3975],[-25.3125,12.3975],[-25.3125,12.5775],[-25.2225,12.7575],[-24.9075,12.8025],[-24.8625,12.8925],[-24.7275,12.8925],[-24.5925,13.1175],[-24.5025,13.1175],[-24.0975,13.4775],[-24.0975,13.6125],[-24.0525,13.6575],[-23.8725,13.7025],[-23.8275,13.7925],[-23.7375,13.8375],[-23.7375,14.1525],[-23.6475,14.2425],[-23.7375,14.3325],[-23.6925,14.9175],[-23.8275,15.0975],[-23.8275,15.2775],[-24.0075,15.4575],[-24.0075,15.5925],[-24.1425,15.6825],[-24.1875,15.7725],[-24.1875,15.9975],[-24.2775,15.9975],[-24.3225,16.0425],[-24.3225,16.1325],[-24.5475,16.4025],[-24.6375,16.5825],[-24.7275,16.5825],[-24.8625,16.7625],[-25.0425,16.8975]]],[[[-27.9225,20.4075],[-28.0125,20.4525],[-28.1925,20.4525],[-28.3275,20.5425],[-28.4175,20.4975],[-28.6875,20.4975],[-28.7775,20.3175],[-29.0925,20.3175],[-29.1375,20.2725],[-29.2275,20.2725],[-29.3175,20.1375],[-29.4525,20.1375],[-29.4525,20.0475],[-29.6775,19.9125],[-29.9025,19.9125],[-30.0375,19.8225],[-30.0375,19.7325],[-30.0825,19.6875],[-30.5775,19.6425],[-30.7125,19.4625],[-30.7125,19.3725],[-30.8025,19.2375],[-30.8475,18.5175],[-30.9825,18.4275],[-30.9825,18.1575],[-31.0275,18.1125],[-31.1175,18.1125],[-31.1175,18.0675],[-31.2075,18.0225],[-31.2075,17.8875],[-31.2975,17.7975],[-31.2075,17.6625],[-31.2075,17.5275],[-31.0275,17.3475],[-30.8475,17.3475],[-30.8025,17.2575],[-30.5325,17.2575],[-30.4425,17.1225],[-30.3525,17.1225],[-30.2175,16.9425],[-30.0375,17.1225],[-29.9025,17.1225],[-29.8125,17.2575],[-29.6325,17.2575],[-29.5875,17.3025],[-29.5875,17.4825],[-29.4975,17.5275],[-29.4525,17.6175],[-29.3625,17.6625],[-29.3175,17.7975],[-29.0025,18.0675],[-29.0025,18.2025],[-28.9575,18.2475],[-28.8225,18.2475],[-28.8225,18.3375],[-28.6425,18.4725],[-28.6425,18.7425],[-28.5975,18.7875],[-28.4625,18.7875],[-28.3725,18.9675],[-28.1475,18.9675],[-28.1025,19.0125],[-28.1025,19.1925],[-27.9225,19.3725],[-27.9225,19.5975],[-27.8325,19.7325],[-27.8325,20.0925],[-27.8775,20.1375],[-27.8775,20.3175],[-27.9225,20.4075]]]]}},{"type":"Feature","id":"Kiziauke","properties":{"id":"Kiziauke","tracedAreaKm2":246205},"geometry":{"type":"MultiPolygon","coordinates":[[[[-37.5975,-44.2125],[-37.7325,-44.0775],[-37.9125,-44.0775],[-38.0925,-43.9875],[-38.2275,-44.0325],[-38.3175,-44.1225],[-38.4525,-44.1225],[-38.4975,-44.1675],[-38.4975,-44.2575],[-38.6775,-44.4375],[-38.9925,-44.5275],[-39.0375,-44.6625],[-39.1275,-44.7075],[-39.1725,-44.8875],[-39.2175,-44.9325],[-39.3075,-44.9325],[-39.3075,-45.0675],[-39.3975,-45.1125],[-39.3075,-45.1575],[-39.1725,-45.3375],[-39.0825,-45.2925],[-38.9475,-45.1125],[-38.6325,-45.1125],[-38.5875,-45.1575],[-38.5875,-45.2475],[-38.4525,-45.2475],[-38.4075,-45.3375],[-38.2275,-45.3375],[-38.2275,-45.2925],[-38.1375,-45.2475],[-38.0475,-45.1125],[-38.0025,-45.1125],[-38.0025,-44.7975],[-37.9575,-44.7525],[-37.7775,-44.7525],[-37.7325,-44.6175],[-37.5975,-44.5275],[-37.5975,-44.4375],[-37.5525,-44.3925],[-37.5975,-44.3475],[-37.5975,-44.2125]]],[[[-41.1525,-43.2225],[-41.1075,-43.2675],[-41.1075,-43.4475],[-41.0175,-43.4475],[-40.9725,-43.4925],[-40.9725,-43.7625],[-41.0625,-43.8075],[-41.0625,-43.8975],[-41.1075,-43.9425],[-41.0175,-43.9875],[-40.9725,-44.0775],[-40.7925,-44.1225],[-40.7475,-44.1675],[-40.7475,-44.2575],[-40.2525,-44.2575],[-40.2075,-44.3475],[-40.1175,-44.3475],[-40.1175,-44.0775],[-40.0275,-44.0325],[-39.9375,-43.8975],[-39.8925,-43.8975],[-39.8925,-43.8075],[-39.9375,-43.7625],[-39.9375,-43.4925],[-39.8925,-43.4025],[-39.9375,-43.3125],[-40.0275,-43.3125],[-40.0725,-43.2225],[-40.1625,-43.2225],[-40.2525,-43.0425],[-40.2975,-43.0425],[-40.2975,-43.1325],[-40.3425,-43.1775],[-40.6575,-43.1775],[-40.7475,-43.0425],[-40.8375,-43.0425],[-40.8825,-43.1325],[-41.1525,-43.2225]]],[[[-51.9525,-38.2725],[-51.9525,-38.3625],[-51.9975,-38.4075],[-52.0875,-38.4075],[-51.9525,-38.5875],[-51.7725,-38.6775],[-51.7275,-38.6325],[-51.7275,-38.3625],[-51.7725,-38.3625],[-51.8175,-38.2725],[-51.9525,-38.2725]]],[[[-60.5475,-36.8775],[-60.5475,-37.1925],[-60.6375,-37.3275],[-60.6375,-37.5075],[-60.7275,-37.5525],[-60.7275,-37.6875],[-60.5475,-37.8225],[-60.4575,-38.0025],[-60.2775,-38.1825],[-60.2325,-38.3625],[-60.1425,-38.4525],[-59.8725,-39.0825],[-59.8725,-39.3975],[-60.0525,-39.8025],[-60.1425,-39.8925],[-60.1875,-40.2075],[-60.2325,-40.2525],[-60.2325,-40.3875],[-60.1875,-40.4325],[-60.1875,-40.5675],[-60.0975,-40.7025],[-60.0975,-40.7925],[-59.7825,-41.1525],[-59.7825,-41.4225],[-60.0075,-41.7825],[-60.0075,-42.0525],[-59.8275,-42.0525],[-59.7375,-42.1425],[-59.6925,-42.0975],[-59.4675,-42.0975],[-59.3775,-42.0075],[-59.1525,-41.9625],[-58.9275,-41.6925],[-58.8375,-41.6925],[-58.7475,-41.6025],[-58.7475,-41.5125],[-58.5675,-41.3775],[-58.5675,-41.2875],[-58.4775,-41.2425],[-58.4775,-41.1525],[-58.3875,-41.0625],[-57.9375,-41.0625],[-57.8925,-41.1075],[-57.7125,-41.1075],[-57.6675,-41.1525],[-57.4875,-41.1525],[-57.4425,-41.1975],[-57.3525,-41.1525],[-56.9925,-41.1525],[-56.9475,-41.1975],[-56.7675,-41.1975],[-56.7225,-41.2875],[-56.5875,-41.3775],[-56.5425,-41.3325],[-55.7775,-41.3325],[-55.7325,-41.2875],[-55.5975,-41.2875],[-55.5075,-41.1075],[-55.2825,-41.1075],[-55.1475,-40.9275],[-54.8325,-40.9275],[-54.6525,-40.7025],[-54.4725,-40.7025],[-54.3825,-40.6125],[-54.3825,-40.5225],[-53.9775,-40.2975],[-53.7075,-39.9825],[-53.6175,-39.9825],[-53.5725,-39.9375],[-53.5725,-39.8025],[-53.4375,-39.7125],[-53.4375,-39.6225],[-53.3025,-39.5325],[-53.3025,-39.1275],[-53.2575,-39.0825],[-53.2575,-38.9475],[-53.1675,-38.9025],[-53.1675,-38.6325],[-53.0775,-38.5425],[-53.0775,-38.0475],[-53.0325,-38.0025],[-53.0325,-37.8675],[-53.2575,-37.8675],[-53.3025,-37.8225],[-53.3025,-37.6875],[-53.5725,-37.5075],[-53.7525,-37.5075],[-53.7975,-37.4625],[-53.8425,-37.5075],[-53.8425,-37.5975],[-53.9325,-37.6425],[-53.9775,-37.7775],[-54.1575,-37.8675],[-54.1575,-37.9575],[-54.2475,-38.0475],[-54.6525,-38.0475],[-54.6975,-38.0925],[-54.6975,-38.1825],[-54.8325,-38.3175],[-55.1025,-38.3175],[-55.2375,-38.4525],[-55.7325,-38.4525],[-55.8225,-38.3175],[-55.9125,-38.4075],[-55.9125,-38.5875],[-55.9575,-38.6325],[-56.5425,-38.6775],[-56.9025,-39.1275],[-57.2175,-39.1275],[-57.2625,-39.1725],[-57.9375,-39.1725],[-58.0275,-39.0375],[-58.2525,-38.9925],[-58.2975,-38.9025],[-58.4775,-38.7675],[-58.4775,-38.6325],[-58.5675,-38.4975],[-58.5675,-38.3625],[-58.6575,-38.1825],[-58.8375,-38.0925],[-58.8375,-37.7775],[-58.6125,-37.6875],[-58.7025,-37.5975],[-58.7025,-37.3275],[-58.5225,-37.1475],[-58.5225,-37.0125],[-58.4325,-36.9225],[-58.4325,-36.5175],[-58.3425,-36.4275],[-58.3875,-36.3825],[-58.4325,-35.9325],[-58.4775,-35.9775],[-59.2425,-36.0225],[-59.5125,-35.8875],[-59.9625,-36.1125],[-60.1425,-36.3375],[-60.2775,-36.3825],[-60.2775,-36.5175],[-60.4575,-36.6975],[-60.5475,-36.8775]]],[[[-26.3025,-30.4875],[-26.3025,-30.8025],[-26.3475,-30.8925],[-26.1675,-30.8925],[-26.0775,-30.9375],[-26.0325,-31.0275],[-25.9425,-31.0275],[-25.8975,-31.0725],[-25.8075,-31.0275],[-25.8075,-30.9825],[-25.9425,-30.8925],[-25.9425,-30.6225],[-26.0775,-30.6225],[-26.3025,-30.4875]]]]}},{"type":"Feature","id":"Mikochi","properties":{"id":"Mikochi","tracedAreaKm2":231714},"geometry":{"type":"MultiPolygon","coordinates":[[[[-141.7275,-43.7625],[-141.6825,-43.9875],[-141.5925,-44.0775],[-141.4125,-44.0775],[-141.2775,-44.1675],[-140.9625,-44.2125],[-140.9625,-44.0775],[-141.0075,-44.0775],[-141.0525,-43.9875],[-141.1875,-43.9875],[-141.3225,-43.8075],[-141.6825,-43.8075],[-141.7275,-43.7625]]],[[[-161.2125,-31.7925],[-161.2125,-32.7825],[-161.0775,-32.7825],[-161.0325,-32.8275],[-161.0325,-32.9625],[-160.7175,-32.9625],[-160.6725,-33.0075],[-160.5375,-32.9175],[-160.5375,-32.4225],[-160.6275,-32.3775],[-160.6275,-32.1975],[-160.6725,-32.1525],[-160.8525,-32.1525],[-160.9875,-31.8825],[-161.1225,-31.7925],[-161.2125,-31.7925]]],[[[-161.4375,-31.2525],[-161.4825,-31.1625],[-161.5725,-31.1625],[-161.6625,-31.0725],[-161.7525,-31.0725],[-161.7525,-31.1625],[-161.7975,-31.2075],[-162.0225,-31.2075],[-162.0675,-31.2525],[-162.3375,-31.2525],[-162.3825,-31.2075],[-162.5175,-31.2975],[-162.6075,-31.2975],[-162.6975,-31.4325],[-162.7875,-31.4325],[-162.7875,-31.5675],[-162.8325,-31.6125],[-162.9225,-31.6125],[-163.0125,-31.7475],[-162.6525,-31.7475],[-162.6075,-31.7925],[-162.6075,-32.0175],[-162.5625,-32.0625],[-162.5625,-32.1525],[-162.5175,-32.1525],[-162.4725,-32.1075],[-162.4725,-32.0175],[-162.3825,-31.9275],[-162.2925,-31.9275],[-162.2475,-31.8375],[-162.2475,-31.6575],[-162.2025,-31.6125],[-161.6625,-31.6125],[-161.5725,-31.7475],[-161.3925,-31.7475],[-161.4375,-31.2525]]],[[[-130.7925,-25.4025],[-130.8825,-25.4475],[-130.9275,-25.5375],[-131.0175,-25.5375],[-131.0175,-25.6275],[-131.1525,-25.7175],[-131.1075,-25.7625],[-131.1075,-25.8975],[-130.9725,-25.8975],[-130.9275,-25.8075],[-130.8375,-25.8075],[-130.8375,-25.6725],[-130.7475,-25.4475],[-130.7925,-25.4025]]],[[[-116.0325,-8.4375],[-116.2125,-8.6625],[-116.3025,-8.6625],[-116.3475,-8.7075],[-116.3475,-8.7975],[-116.3925,-8.8425],[-116.4825,-8.8425],[-116.3925,-8.9775],[-116.3925,-9.1125],[-116.1675,-9.2025],[-115.8975,-9.6525],[-115.8075,-9.6525],[-115.6725,-9.7875],[-115.6725,-9.8775],[-115.5375,-10.0575],[-115.2225,-10.0575],[-115.1775,-10.1025],[-115.1325,-10.0575],[-115.0425,-10.0575],[-114.9525,-9.8325],[-114.7275,-9.6975],[-114.6375,-9.6975],[-114.5475,-9.5625],[-114.5475,-9.4275],[-114.4125,-9.2925],[-114.5475,-9.1575],[-114.5475,-9.0225],[-114.7275,-8.8425],[-114.7275,-8.7975],[-114.8625,-8.7975],[-114.9975,-8.7075],[-115.2225,-8.7075],[-115.3575,-8.6175],[-115.4475,-8.6175],[-115.6275,-8.3925],[-115.7175,-8.3925],[-115.7625,-8.4375],[-116.0325,-8.4375]]],[[[-116.7075,-8.3475],[-116.8425,-8.1675],[-116.9775,-8.1675],[-117.0675,-8.0775],[-117.0675,-7.8525],[-117.1575,-7.7625],[-117.2925,-7.7175],[-117.3375,-7.6725],[-117.3375,-7.5825],[-117.4275,-7.5825],[-117.6075,-7.4475],[-117.7425,-7.6275],[-117.9675,-7.6275],[-118.0575,-7.7175],[-118.0575,-7.9425],[-118.1475,-8.0775],[-118.4625,-8.1225],[-118.4625,-8.2575],[-118.5075,-8.3025],[-118.8225,-8.3025],[-118.9125,-8.1675],[-119.0925,-8.1675],[-119.1375,-8.1225],[-119.1375,-7.9875],[-119.2275,-7.8975],[-119.3175,-7.8975],[-119.4075,-7.9875],[-119.5875,-8.0325],[-119.8125,-8.3025],[-120.1275,-8.3025],[-120.2175,-8.2575],[-120.3525,-8.3925],[-120.5775,-8.3925],[-120.7125,-8.4825],[-120.7125,-8.7525],[-120.6675,-8.7975],[-120.6675,-8.8875],[-120.5325,-8.9775],[-120.5325,-9.0675],[-120.4425,-9.2025],[-120.4425,-9.6075],[-120.3075,-9.7425],[-120.3075,-9.8775],[-120.1275,-10.0125],[-119.6775,-9.9675],[-119.6325,-9.8775],[-119.0925,-9.8775],[-119.0475,-9.9225],[-118.9575,-9.8775],[-118.6875,-9.8775],[-118.6425,-9.9225],[-118.6425,-10.0125],[-118.2825,-10.0125],[-118.1925,-10.1025],[-118.0575,-9.9675],[-117.8775,-9.9675],[-117.6975,-9.8325],[-117.6525,-9.6525],[-117.5175,-9.5625],[-117.5175,-9.4725],[-117.4275,-9.4275],[-117.3375,-9.2925],[-117.3375,-9.0225],[-117.2925,-8.9775],[-117.2925,-8.8875],[-117.2475,-8.8425],[-117.0675,-8.8425],[-116.9325,-8.7525],[-116.7975,-8.5725],[-116.7075,-8.5725],[-116.7075,-8.3475]]],[[[-109.2375,-6.3225],[-109.2825,-6.3675],[-109.2825,-6.5475],[-109.3275,-6.5925],[-109.4175,-6.5925],[-109.4175,-6.7275],[-109.4625,-6.7725],[-109.3725,-6.8175],[-109.3725,-6.9075],[-109.1475,-6.9075],[-109.1025,-6.9525],[-108.9225,-6.8625],[-108.9675,-6.8175],[-108.9675,-6.4575],[-109.0575,-6.3225],[-109.2375,-6.3225]]],[[[-117.4275,-4.6125],[-117.4275,-4.6575],[-117.5625,-4.7475],[-117.5625,-5.3325],[-117.4725,-5.3325],[-117.4275,-5.3775],[-117.4275,-5.4675],[-117.3375,-5.4675],[-117.1575,-5.6925],[-117.1575,-5.8725],[-116.9775,-6.0075],[-116.9775,-6.0975],[-116.7075,-6.2775],[-116.6625,-6.2775],[-116.6175,-6.1875],[-115.9425,-6.1425],[-115.8075,-6.3225],[-115.8075,-6.4575],[-115.6725,-6.4575],[-115.5375,-6.6375],[-115.4925,-6.5925],[-115.2225,-6.5925],[-115.1325,-6.4575],[-114.9975,-6.4575],[-114.9975,-6.4125],[-114.9075,-6.3675],[-114.9525,-6.2775],[-114.9525,-6.0075],[-114.8625,-5.9175],[-114.7275,-5.9175],[-114.5475,-5.7825],[-114.5925,-5.2875],[-114.6825,-5.2875],[-114.7275,-5.2425],[-114.7725,-5.0175],[-114.9075,-5.0175],[-114.9525,-4.9275],[-115.0425,-4.9275],[-115.1325,-4.8375],[-115.1325,-4.7475],[-115.2225,-4.7475],[-115.3575,-4.6575],[-115.5375,-4.6575],[-115.5825,-4.6125],[-115.5825,-4.5225],[-115.6725,-4.4775],[-115.6725,-4.2525],[-115.7175,-4.2975],[-116.0325,-4.2975],[-116.0775,-4.3425],[-116.2125,-4.3425],[-116.3025,-4.4775],[-116.5725,-4.4775],[-116.6175,-4.5225],[-116.9325,-4.5225],[-116.9775,-4.4775],[-117.0225,-4.5225],[-117.1125,-4.5225],[-117.2025,-4.6125],[-117.4275,-4.6125]]],[[[-96.8175,-2.3175],[-97.0425,-2.4075],[-97.2675,-2.4075],[-97.3125,-2.4975],[-97.4925,-2.6325],[-97.4925,-2.8125],[-97.5825,-2.9475],[-97.8075,-2.9475],[-97.9425,-3.1275],[-97.9425,-3.2175],[-97.8975,-3.2625],[-97.8075,-3.2625],[-97.7175,-3.3525],[-97.6275,-3.3525],[-97.5825,-3.3975],[-97.5825,-3.5325],[-97.2225,-3.8025],[-97.0875,-3.8025],[-97.0425,-3.8925],[-96.9525,-3.8475],[-96.9525,-3.7125],[-96.8625,-3.6225],[-96.7275,-3.6225],[-96.7275,-3.5325],[-96.6375,-3.3975],[-96.5025,-3.3075],[-96.5025,-3.1275],[-96.4125,-3.0375],[-96.4575,-2.9925],[-96.4575,-2.7225],[-96.5475,-2.6775],[-96.5475,-2.5875],[-96.5925,-2.5875],[-96.8175,-2.3175]]],[[[-106.4925,-1.5075],[-106.5825,-1.5075],[-106.6725,-1.6425],[-106.8525,-1.6425],[-106.8525,-1.7325],[-106.9425,-1.8225],[-106.9425,-2.1375],[-106.9875,-2.1825],[-106.9875,-2.3175],[-107.0325,-2.3625],[-107.0775,-2.6775],[-107.1225,-2.7225],[-107.1225,-3.0375],[-107.0325,-3.1275],[-106.6725,-3.1275],[-106.5825,-2.9925],[-106.1775,-2.9475],[-106.1775,-2.8575],[-105.9975,-2.7225],[-105.9075,-2.4075],[-105.7725,-2.3175],[-105.8625,-2.2725],[-105.9075,-1.9125],[-106.0425,-1.8675],[-106.0875,-1.7775],[-106.2225,-1.6875],[-106.3575,-1.6875],[-106.4925,-1.5075]]],[[[-96.7725,9.4275],[-96.9525,9.2025],[-96.9975,8.8425],[-96.9525,8.8425],[-96.8175,8.6625],[-96.7275,8.6175],[-96.5475,8.6175],[-96.5475,8.7075],[-96.5025,8.7525],[-96.2775,8.7975],[-96.2775,8.8425],[-96.1875,8.8875],[-96.1875,9.0675],[-96.1425,9.1125],[-96.2325,9.1575],[-96.3225,9.2925],[-96.4575,9.3375],[-96.5025,9.4275],[-96.7725,9.4275]]]]}},{"type":"Feature","id":"Piekinigaje","properties":{"id":"Piekinigaje","tracedAreaKm2":234158},"geometry":{"type":"MultiPolygon","coordinates":[[[[-24.7725,74.4075],[-25.0875,74.4075],[-25.2675,74.4975],[-25.5375,74.4975],[-25.6275,74.6775],[-25.9425,74.6775],[-26.3025,74.8575],[-26.7975,74.8575],[-26.8425,74.9025],[-26.9775,74.9025],[-27.0675,74.9925],[-27.0675,75.1275],[-27.1575,75.1275],[-27.2475,75.2175],[-27.3375,75.2175],[-27.4275,75.3525],[-27.4725,75.3075],[-27.7425,75.3075],[-27.7875,75.3525],[-27.7875,75.4875],[-27.9675,75.5775],[-28.1025,75.5775],[-28.1025,75.5325],[-28.1925,75.4875],[-28.2825,75.3525],[-28.3275,75.3525],[-28.3275,75.2175],[-28.4175,75.1275],[-28.5075,75.1275],[-28.6875,74.9925],[-29.0475,74.9925],[-29.1375,75.0825],[-29.4525,75.0825],[-29.4975,75.1725],[-29.5875,75.2175],[-29.9925,75.2175],[-30.1275,75.3075],[-30.6675,75.3075],[-30.7125,75.3525],[-30.9825,75.3525],[-31.0725,75.2625],[-31.3425,75.2625],[-31.4775,75.1275],[-31.6575,75.1275],[-31.7025,75.0375],[-31.7925,74.9925],[-31.7925,74.8125],[-31.8375,74.7675],[-32.1525,74.7675],[-32.1975,74.8125],[-32.2875,74.7675],[-32.5575,74.7675],[-32.6025,74.8125],[-32.7825,74.8125],[-32.7825,74.7225],[-32.8725,74.6775],[-33.1425,74.3625],[-33.2325,74.3625],[-33.5025,74.1825],[-33.7725,74.1825],[-33.9075,74.0925],[-33.9075,74.0025],[-33.9525,73.9575],[-34.2225,73.9575],[-34.4025,73.7775],[-34.7175,73.7775],[-34.7175,73.4625],[-34.6725,73.4625],[-34.4925,73.2825],[-34.4925,72.9675],[-34.3575,72.7875],[-34.2225,72.7425],[-34.1325,72.6525],[-34.1325,72.5625],[-33.8625,72.3375],[-33.8175,72.0225],[-33.7275,71.9325],[-33.7725,71.6625],[-33.7275,71.6175],[-33.7275,71.4825],[-33.6375,71.3925],[-33.6375,71.3025],[-33.7275,71.2125],[-33.8625,71.1675],[-33.9975,70.9875],[-33.9975,70.7625],[-34.0875,70.6275],[-34.0875,70.4925],[-33.9975,70.3575],[-33.8175,70.2675],[-33.3225,70.2675],[-33.1875,70.1775],[-33.0525,69.8625],[-33.0525,69.5925],[-33.1425,69.4125],[-33.1425,69.2775],[-32.9625,69.2325],[-32.8275,69.1425],[-32.6475,68.8725],[-32.6025,68.5575],[-32.5125,68.4675],[-32.5125,68.3325],[-32.5575,68.2875],[-32.8725,68.1525],[-32.8725,68.0625],[-33.0075,67.8375],[-33.3225,67.7025],[-33.4575,67.7025],[-33.6375,67.5675],[-33.6375,67.3425],[-33.4125,67.2525],[-33.3225,67.1625],[-33.3225,66.8925],[-33.1875,66.7575],[-33.0975,66.5775],[-33.0975,66.4875],[-33.0075,66.4425],[-32.7375,66.4875],[-32.5125,66.7575],[-32.3325,66.8025],[-32.2425,66.8925],[-32.2425,66.9825],[-32.1975,67.0275],[-31.9275,67.0275],[-31.8375,66.9375],[-31.7475,66.9375],[-31.7025,66.8925],[-31.7025,66.5775],[-31.7475,66.5325],[-31.8825,66.5325],[-31.8825,66.4875],[-31.9725,66.4425],[-31.9725,66.3525],[-31.8825,66.2625],[-31.8825,66.0375],[-31.7475,65.9475],[-31.6125,65.9475],[-31.4775,65.8575],[-31.4775,65.4975],[-31.5675,65.4075],[-31.5225,65.3175],[-31.4325,65.3625],[-31.1175,65.7225],[-30.9375,65.9925],[-30.9375,66.1275],[-30.8475,66.2175],[-30.6225,66.2625],[-30.3975,66.4425],[-30.0825,66.5775],[-29.9475,66.5775],[-29.8125,66.6675],[-29.6775,66.9825],[-29.6775,67.1625],[-29.4975,67.3425],[-29.3625,67.3875],[-29.3625,67.6575],[-29.3175,67.7025],[-29.3175,67.8375],[-29.1375,67.9725],[-29.0925,67.9275],[-28.9575,68.0175],[-28.5975,68.1075],[-28.5525,68.1975],[-28.2825,68.2875],[-27.8325,68.7375],[-27.6525,68.8275],[-27.3375,68.8275],[-27.2475,68.8725],[-27.2475,68.9625],[-27.1575,69.0975],[-26.7075,69.2775],[-26.6625,69.3675],[-26.7075,69.6825],[-26.5275,69.7725],[-26.3475,69.9525],[-26.3475,70.0425],[-26.3025,70.0875],[-26.3025,70.5375],[-26.3925,70.6725],[-26.3925,71.0325],[-26.4825,71.2125],[-26.4375,71.7075],[-26.5275,71.7975],[-26.5725,71.9775],[-26.3925,72.1125],[-25.9875,72.1125],[-25.7625,72.2475],[-25.6725,72.3825],[-25.4475,72.4725],[-25.3125,72.6075],[-25.2675,72.7425],[-24.9075,73.0125],[-24.8175,73.1925],[-24.8175,73.3725],[-24.7275,73.5525],[-24.7275,73.6875],[-24.6375,73.7325],[-24.6375,74.0475],[-24.7725,74.1375],[-24.7725,74.2725],[-24.8175,74.3175],[-24.7725,74.4075]]]]}},{"type":"Feature","id":"Welkija","properties":{"id":"Welkija","tracedAreaKm2":805077},"geometry":{"type":"MultiPolygon","coordinates":[[[[-29.0475,68.0175],[-29.1375,67.9275],[-29.2725,67.8825],[-29.3175,67.7925],[-29.3175,67.7025],[-29.3625,67.6575],[-29.3625,67.3425],[-29.6325,67.1625],[-29.5875,66.9375],[-29.4975,66.8475],[-29.4975,66.7125],[-29.6325,66.6225],[-29.7675,66.6225],[-29.8125,66.5775],[-29.9475,66.5775],[-29.9925,66.5325],[-30.2175,66.4875],[-30.7125,66.2175],[-30.8925,66.1725],[-30.9375,66.1275],[-30.9375,65.9025],[-31.4325,65.2725],[-31.4325,65.1825],[-31.2975,65.0475],[-31.2975,64.8675],[-31.4775,64.6425],[-31.4325,64.2375],[-31.7925,64.0575],[-31.7925,63.9675],[-31.7025,63.7875],[-31.7025,63.6975],[-31.7925,63.6075],[-31.7925,63.4275],[-31.6575,63.2475],[-31.6575,63.1575],[-31.7475,63.0225],[-31.7025,62.8425],[-31.6125,62.7525],[-31.4325,62.7075],[-31.2975,62.6175],[-31.2525,62.3475],[-31.3875,62.2575],[-31.3875,62.1225],[-31.2075,61.8525],[-31.1625,61.6275],[-31.4325,61.4925],[-31.7475,61.1775],[-31.9275,61.1325],[-32.0625,61.0425],[-32.0625,60.9075],[-31.9725,60.8175],[-31.9725,60.6825],[-32.1975,60.5475],[-32.2425,60.5925],[-32.4225,60.5925],[-32.5575,60.5025],[-32.7825,60.5475],[-32.9175,60.6375],[-33.0525,60.5475],[-33.0525,60.1425],[-33.2325,60.0075],[-33.5025,60.0075],[-33.5475,60.0525],[-33.8175,59.8725],[-34.1325,60.0075],[-34.2675,60.0075],[-34.3575,59.9625],[-34.5825,59.6925],[-34.6725,59.6475],[-34.8975,59.6475],[-35.0775,59.5575],[-35.1675,59.4675],[-35.2575,59.1075],[-35.3475,59.0625],[-35.3475,58.8375],[-35.0325,58.6575],[-34.8975,58.5225],[-34.8075,58.3425],[-34.6725,58.2525],[-34.1325,58.5675],[-33.9525,58.4775],[-33.6825,58.1175],[-33.4575,58.0275],[-33.2775,57.8925],[-32.9175,57.8925],[-32.6475,57.7575],[-32.5575,57.7575],[-32.5125,57.8025],[-32.1525,57.8025],[-32.0175,57.7125],[-32.0175,57.5775],[-31.8375,57.4875],[-31.5675,57.4875],[-31.5225,57.4425],[-31.1175,57.6225],[-30.7125,57.3975],[-30.6225,57.3975],[-30.2625,57.1725],[-30.1725,57.1725],[-30.1275,57.1275],[-30.0825,57.1725],[-29.9925,57.1725],[-29.8125,57.0375],[-29.8125,56.8575],[-29.6325,56.7675],[-29.5425,56.8125],[-29.4075,56.7225],[-29.4075,56.5875],[-29.3625,56.5875],[-29.2725,56.4525],[-29.2725,56.2725],[-29.3175,56.2275],[-29.2725,55.9125],[-29.1825,55.8225],[-29.1825,55.6425],[-29.0925,55.5075],[-29.0925,54.8325],[-29.1825,54.6975],[-29.1825,54.5625],[-29.4075,54.2475],[-29.7225,54.1575],[-29.7675,54.1125],[-29.7675,54.0225],[-29.9475,53.8875],[-30.2625,53.8875],[-30.3525,53.8425],[-30.3525,53.6625],[-30.4875,53.5275],[-30.6225,53.4825],[-30.8025,53.2125],[-30.9825,53.1225],[-30.6225,52.8075],[-30.4425,52.8075],[-30.3075,52.6725],[-29.9925,52.6275],[-29.9025,52.4025],[-29.8125,52.3575],[-29.4525,52.3575],[-29.3625,52.2225],[-29.1825,52.2225],[-29.0925,51.9975],[-28.9125,51.9975],[-28.8675,51.9525],[-28.8675,51.5025],[-28.6875,51.5025],[-28.5975,51.5475],[-28.5975,51.7275],[-28.1925,51.9975],[-28.1025,51.9975],[-27.8775,51.8625],[-27.3375,51.8625],[-27.2475,51.8175],[-27.0675,51.9075],[-26.9775,51.8625],[-26.8425,51.6825],[-26.4825,51.5025],[-26.1675,51.5025],[-25.9425,51.6375],[-25.8525,51.6375],[-25.6275,51.7725],[-25.5375,51.7725],[-25.4025,51.6825],[-25.4025,51.5925],[-25.4925,51.5475],[-25.4925,51.4575],[-25.2675,51.4125],[-24.9975,51.1875],[-24.6825,51.0525],[-24.6375,51.1425],[-24.5025,51.1875],[-24.3225,51.3675],[-23.8725,51.4575],[-23.9175,51.9525],[-23.7825,52.0875],[-23.4675,52.2225],[-23.4675,52.3575],[-23.8275,52.5375],[-23.9625,52.7175],[-23.9625,52.8525],[-23.8725,53.0325],[-23.8725,53.3025],[-23.9625,53.3925],[-24.0075,53.5725],[-23.9175,53.6625],[-23.4675,53.8425],[-23.4225,53.9325],[-22.9725,54.1575],[-22.8825,54.2475],[-22.8825,54.4725],[-22.8375,54.5625],[-22.3875,54.7875],[-22.2075,55.0575],[-22.2525,55.3725],[-21.9825,55.7775],[-21.9825,55.9125],[-21.8925,56.0025],[-21.7575,56.2725],[-21.6675,56.7225],[-21.5775,56.8125],[-21.4425,57.0825],[-21.4425,57.2625],[-21.6225,57.5325],[-21.6225,57.8025],[-21.3075,58.2075],[-21.3075,58.2975],[-21.2625,58.3425],[-21.3075,58.7025],[-21.3525,58.7475],[-21.6225,58.7475],[-21.6675,58.7925],[-21.8025,58.7025],[-21.9825,58.7025],[-22.0275,58.4775],[-22.0725,58.4325],[-22.3425,58.4325],[-22.4325,58.4775],[-22.4325,58.4325],[-22.5675,58.3425],[-23.0175,58.3425],[-23.0625,58.2975],[-23.1975,58.2975],[-23.1975,58.1625],[-23.2425,58.1175],[-23.4675,58.0725],[-23.4675,57.9375],[-23.5125,57.8925],[-23.8275,57.8925],[-23.9175,57.9825],[-24.0525,57.9825],[-24.3225,57.8475],[-24.4125,57.8475],[-24.4575,57.7575],[-24.7725,57.7575],[-24.9075,58.0275],[-25.1325,58.0275],[-25.2225,58.1625],[-25.5375,58.1625],[-25.5825,58.2525],[-25.8975,58.2525],[-25.9425,58.2075],[-26.3025,58.2075],[-26.3925,58.2525],[-26.3925,58.1175],[-26.4825,57.9825],[-26.7525,57.9825],[-26.9325,58.0725],[-27.0225,58.4325],[-27.3375,58.6125],[-27.3375,59.0625],[-27.2025,59.1525],[-27.2025,59.4225],[-27.0225,59.5575],[-27.0225,59.7375],[-26.8875,59.8725],[-26.7075,59.8725],[-26.6625,59.9175],[-26.1225,59.8725],[-26.0775,59.9625],[-25.5825,59.9625],[-25.5375,59.9175],[-25.4475,60.0075],[-24.9075,60.0525],[-24.8175,59.9175],[-24.5025,59.9175],[-24.4575,59.8725],[-24.3225,59.8725],[-24.2325,60.0075],[-24.0525,60.0525],[-23.8725,60.2325],[-23.6925,60.2325],[-23.5575,60.3225],[-23.3325,60.3225],[-23.1525,60.5025],[-23.1525,60.9075],[-23.1075,60.9525],[-22.3425,60.9975],[-22.1625,60.9075],[-21.2625,60.9075],[-21.2175,60.8625],[-20.9925,60.8625],[-20.9475,60.8175],[-20.9475,60.5925],[-20.8575,60.6375],[-20.3625,60.6375],[-20.3175,60.5925],[-19.9125,60.5475],[-19.7775,60.7275],[-19.3725,60.7275],[-19.3725,60.9075],[-19.1025,61.2225],[-19.1025,61.3575],[-19.2825,61.4925],[-19.3725,61.6275],[-19.3275,61.8975],[-19.1925,61.9875],[-19.2375,62.8875],[-19.3725,63.0225],[-19.3725,63.3375],[-19.6875,63.5625],[-19.6425,63.9675],[-19.8225,64.0575],[-19.9125,64.1475],[-19.9125,64.2375],[-19.8225,64.2825],[-19.8225,64.3725],[-19.6875,64.5525],[-19.5975,64.5975],[-19.1925,64.5975],[-19.1025,64.6425],[-19.0125,64.8225],[-18.6975,65.0925],[-18.6075,65.2275],[-18.6075,65.3625],[-18.4725,65.4525],[-18.3825,65.4525],[-18.2025,65.5425],[-18.2025,65.5875],[-18.4275,65.7225],[-18.6075,65.6775],[-18.8325,65.8125],[-18.8325,65.9025],[-19.0125,65.9475],[-19.1925,66.0825],[-19.3725,66.1275],[-19.6875,66.3075],[-19.7775,66.3075],[-19.9575,66.3975],[-20.3175,66.4425],[-20.7225,66.2175],[-20.6775,65.9025],[-20.8575,65.7225],[-21.1275,65.5875],[-21.1275,65.4525],[-20.9925,65.1825],[-20.9925,65.0925],[-21.1275,64.9125],[-21.3975,64.7775],[-21.3975,64.4625],[-21.6675,64.2825],[-21.8475,64.2825],[-21.9825,64.3725],[-22.2525,64.3725],[-22.2975,64.4175],[-22.7025,64.4175],[-22.7475,64.4625],[-22.8825,64.4625],[-23.2425,64.5975],[-24.2325,64.5525],[-24.4575,64.6425],[-24.6825,64.6425],[-25.0875,64.8675],[-25.2675,64.9125],[-25.5825,65.1825],[-25.7625,65.2725],[-25.8975,65.2725],[-25.9425,65.2275],[-26.2575,65.2725],[-26.4375,65.3625],[-26.5725,65.4975],[-26.6625,65.5425],[-26.8425,65.5425],[-27.1575,65.7675],[-27.2925,65.8125],[-27.5175,66.0825],[-27.5625,66.3525],[-27.6525,66.5325],[-27.6525,66.6675],[-27.5625,66.7125],[-27.5625,66.8025],[-27.7425,67.0725],[-27.6975,67.3875],[-28.5075,67.6575],[-28.5525,67.7475],[-29.0025,67.9275],[-29.0475,68.0175]],[[-22.8825,62.6175],[-22.9275,62.5725],[-23.2875,62.5725],[-23.3325,62.6625],[-23.4225,62.7075],[-23.4225,62.5725],[-23.6025,62.3475],[-23.9625,62.3475],[-24.0975,62.4375],[-24.0975,62.6625],[-24.3225,62.7075],[-24.5025,62.8425],[-24.6825,62.8425],[-24.7275,62.9325],[-24.8625,63.0225],[-24.9075,63.1125],[-24.9075,63.3825],[-24.7725,63.4725],[-24.6375,63.4725],[-24.5475,63.5625],[-24.4125,63.5625],[-24.3675,63.6075],[-23.9625,63.6075],[-23.9175,63.5625],[-23.8725,63.6075],[-23.5575,63.6075],[-23.4225,63.7425],[-23.0625,63.7425],[-23.0175,63.6975],[-23.0175,63.3825],[-23.1075,63.3375],[-23.1075,63.1575],[-23.0625,63.1575],[-22.8825,62.9775],[-22.8825,62.6175]],[[-27.3375,64.7775],[-27.2475,64.8675],[-26.8425,64.8675],[-26.7525,64.6875],[-26.7525,64.5525],[-26.4825,64.5525],[-26.4375,64.5075],[-26.4375,64.4175],[-26.3025,64.4175],[-26.1675,64.2825],[-26.1675,63.9675],[-26.2125,63.9225],[-26.5275,63.9225],[-26.5725,63.9675],[-26.6175,64.1925],[-26.7525,64.1925],[-26.7975,64.2375],[-26.7975,64.3725],[-27.1125,64.3725],[-27.1575,64.4625],[-27.2925,64.4625],[-27.3375,64.5075],[-27.3375,64.7775]],[[-30.0825,65.4075],[-30.0375,65.4525],[-29.7225,65.4525],[-29.5875,65.3625],[-29.4975,65.4525],[-29.1825,65.4525],[-28.9125,65.3175],[-28.9125,65.0025],[-29.0025,64.9575],[-29.0475,64.8675],[-29.6775,64.8675],[-29.7675,65.0475],[-29.9025,65.0475],[-30.0825,65.1375],[-30.0825,65.4075]],[[-30.5775,65.6325],[-30.4875,65.7225],[-30.1725,65.7225],[-30.0825,65.6325],[-30.0825,65.3625],[-30.1275,65.3175],[-30.5325,65.3175],[-30.5775,65.3625],[-30.5775,65.6325]]]]}},{"type":"Feature","id":"Charkov","properties":{"id":"Charkov","tracedAreaKm2":431604},"geometry":{"type":"MultiPolygon","coordinates":[[[[-60.7725,66.2175],[-60.6825,66.1725],[-60.5025,65.9925],[-60.5025,65.9475],[-60.4575,65.9475],[-60.2775,65.7675],[-60.2775,65.7225],[-60.1875,65.6775],[-60.1425,65.3175],[-60.2775,65.1825],[-60.2325,64.8675],[-60.1425,64.8225],[-59.9625,64.8225],[-59.8275,64.7325],[-59.6925,64.7325],[-59.6475,64.6875],[-59.5575,64.7325],[-59.3775,64.7325],[-59.0625,64.5525],[-58.8825,64.5525],[-58.6575,64.4175],[-58.3425,64.5525],[-58.2075,64.6875],[-57.9375,64.8225],[-57.4875,64.7775],[-57.3075,64.8675],[-57.0825,64.7325],[-56.7675,64.6875],[-56.6775,64.7325],[-56.5875,64.8675],[-56.4075,64.9575],[-56.2275,64.9575],[-56.0025,64.8225],[-55.7325,64.9575],[-55.5075,64.8225],[-55.2375,65.0025],[-55.0125,65.0025],[-54.7875,64.8675],[-54.7425,64.9125],[-54.5625,64.9125],[-54.3825,64.7775],[-54.3825,64.6425],[-54.0225,64.5075],[-53.7975,64.6875],[-53.5725,64.7325],[-53.4375,64.8225],[-53.3025,64.7775],[-53.2575,64.6875],[-53.1675,64.6425],[-52.9875,64.6425],[-52.9425,64.5975],[-52.7175,64.6425],[-52.4025,64.3725],[-52.3125,64.1925],[-52.2225,64.1475],[-51.9075,64.1475],[-51.5925,63.9675],[-51.5025,63.9675],[-51.2775,64.1025],[-51.1875,64.1025],[-50.5125,64.4625],[-50.4225,64.4625],[-50.1525,64.3275],[-50.1075,64.2375],[-50.0175,64.1925],[-49.9275,64.1925],[-49.7925,64.1025],[-49.6575,64.1025],[-49.4325,63.9675],[-49.2975,63.9675],[-48.8475,64.2825],[-48.7125,64.4625],[-48.6675,64.6425],[-48.2625,65.0025],[-48.2175,65.2275],[-48.4875,65.3175],[-48.5325,65.4075],[-48.6675,65.4975],[-48.8475,65.4975],[-48.8925,65.4525],[-49.2975,65.4525],[-49.3425,65.4975],[-49.5675,65.5425],[-49.7475,65.8125],[-49.7475,65.9475],[-49.7025,65.9925],[-49.7475,66.5325],[-49.6125,66.8025],[-49.3425,66.9375],[-49.1625,66.9375],[-49.0725,66.8925],[-48.8925,66.9825],[-48.5325,67.3875],[-48.5325,67.7475],[-48.6675,67.9725],[-48.6675,68.3775],[-48.7125,68.4225],[-48.7575,68.6925],[-49.1175,68.6925],[-49.1625,68.6025],[-49.3425,68.6025],[-49.4775,68.4225],[-49.7475,68.4225],[-49.8825,68.2875],[-50.2875,68.2875],[-50.3325,68.3325],[-50.2875,68.8275],[-50.1075,68.9175],[-49.9725,69.0525],[-49.8375,69.0975],[-49.7475,69.2775],[-49.5225,69.4575],[-49.2525,69.4575],[-49.2075,69.4125],[-49.1625,69.5025],[-48.9825,69.6375],[-48.9375,69.7725],[-48.8025,69.9075],[-48.5325,70.0425],[-48.3975,70.2225],[-48.1275,70.2225],[-48.0825,70.1775],[-47.9925,70.1775],[-47.9475,70.1325],[-47.9475,69.9525],[-47.8575,69.9975],[-47.6775,69.9975],[-47.6325,70.0425],[-47.3625,70.0425],[-47.3175,69.9975],[-47.3175,69.9075],[-47.1375,69.7725],[-46.9125,69.7725],[-46.6875,69.5925],[-46.6875,69.2325],[-46.8225,69.0075],[-46.5525,68.8725],[-46.5075,68.6025],[-46.2375,68.4225],[-46.2375,68.2425],[-46.0125,68.0625],[-46.0125,67.9275],[-45.7875,67.7475],[-45.7875,67.6575],[-45.7425,67.6575],[-45.5625,67.4325],[-45.4725,67.4325],[-45.4275,67.4775],[-45.0225,67.4775],[-44.9325,67.5675],[-44.9325,68.1075],[-44.8425,68.1975],[-44.5275,68.1975],[-44.4825,68.2425],[-44.4825,68.5575],[-44.3025,68.6475],[-44.3475,68.9625],[-44.4375,69.0525],[-44.6625,69.0525],[-44.7075,69.0975],[-44.7075,69.4575],[-44.5725,69.5475],[-44.5725,69.7275],[-44.7075,69.8625],[-44.7525,70.4475],[-44.8425,70.5375],[-44.8425,71.1675],[-44.7525,71.2125],[-44.7525,71.6175],[-44.8425,71.7525],[-44.8425,71.8875],[-44.9325,71.9325],[-44.9325,72.0675],[-44.9775,72.1125],[-45.2925,72.1575],[-45.3375,72.2025],[-45.6975,72.2025],[-45.7425,72.2925],[-45.9225,72.2925],[-46.0125,72.3825],[-46.1475,72.3825],[-46.1925,72.3375],[-46.5975,72.3375],[-46.6875,72.2025],[-47.2725,72.2025],[-47.6325,72.0675],[-47.9925,72.0675],[-48.0825,72.1575],[-48.1725,72.0675],[-48.5325,72.0675],[-48.6675,71.8875],[-48.9375,71.8425],[-49.0275,71.7525],[-49.2975,71.7525],[-49.3875,71.6175],[-49.7025,71.6175],[-49.7475,71.7075],[-49.7925,71.7075],[-49.8375,71.6625],[-50.2875,71.6175],[-50.4225,71.5275],[-50.6025,71.5275],[-50.6925,71.4375],[-51.3225,71.4375],[-51.4125,71.5275],[-51.6375,71.5275],[-51.7275,71.6175],[-51.8175,71.6175],[-51.8625,71.7075],[-51.9525,71.7075],[-51.9975,71.6625],[-52.2225,71.6625],[-52.3575,71.4825],[-52.8975,71.4825],[-52.9875,71.5725],[-52.9875,71.7525],[-53.0325,71.7075],[-53.1675,71.7075],[-53.2575,71.6175],[-53.5725,71.6175],[-53.6625,71.7075],[-53.6625,71.7975],[-53.7975,72.0225],[-53.8425,71.9775],[-54.2475,71.9775],[-54.3825,72.2025],[-54.5175,72.2025],[-54.5625,72.2475],[-54.5625,72.3375],[-54.6525,72.4275],[-54.6525,72.5625],[-54.7425,72.6075],[-54.7425,72.9675],[-54.6975,73.0125],[-54.6975,73.1925],[-54.6075,73.2825],[-54.6975,73.3725],[-54.7875,73.3725],[-54.9225,73.5975],[-55.1025,73.7325],[-55.1925,73.6425],[-55.3725,73.6425],[-55.3725,73.5525],[-55.5525,73.3725],[-55.8225,73.3725],[-55.9125,73.2825],[-56.4525,73.2825],[-56.5875,73.1925],[-56.5875,73.1025],[-56.6325,73.0575],[-56.9925,73.0575],[-57.0375,73.1025],[-57.1725,73.1025],[-57.3525,72.8775],[-57.4875,72.8775],[-57.6225,72.7875],[-57.7575,72.7875],[-57.8925,72.6975],[-57.9825,72.6975],[-58.1625,72.5175],[-58.1625,72.2475],[-58.2525,72.1575],[-58.5225,72.1125],[-58.4775,71.3925],[-58.5675,71.3025],[-58.5675,71.1675],[-58.7025,71.0775],[-58.7925,70.9425],[-58.8825,70.9425],[-58.9725,70.7175],[-59.0625,70.6725],[-59.1975,70.4025],[-59.2875,70.4025],[-59.3325,70.3125],[-59.5125,70.3125],[-59.4675,69.9075],[-59.5575,69.7725],[-59.5575,69.4125],[-59.6925,69.3225],[-59.6925,68.9625],[-59.6475,68.9175],[-59.6475,68.7825],[-59.5575,68.6925],[-59.5575,68.4225],[-59.8275,68.2425],[-59.8725,67.6575],[-60.0075,67.4775],[-60.2775,67.3875],[-60.2775,67.3425],[-60.4125,67.2525],[-60.4125,67.1625],[-60.3225,67.1175],[-60.1875,66.9375],[-60.1425,66.6225],[-60.3675,66.4425],[-60.7725,66.2625],[-60.7725,66.2175]]]]}},{"type":"Feature","id":"Cruciastada","properties":{"id":"Cruciastada","tracedAreaKm2":567454},"geometry":{"type":"MultiPolygon","coordinates":[[[[-68.1975,-24.9975],[-68.1975,-25.2225],[-68.1525,-25.2675],[-68.1525,-25.4475],[-68.1075,-25.4925],[-68.1075,-25.7625],[-68.0175,-25.8075],[-67.8825,-25.5825],[-67.6575,-25.5825],[-67.6575,-25.3125],[-67.8375,-25.1775],[-67.8825,-24.9975],[-68.1975,-24.9975]]],[[[-73.9125,-17.8875],[-74.2725,-17.8875],[-74.3175,-17.9325],[-74.7225,-17.9325],[-74.7675,-17.8875],[-74.8575,-17.9325],[-75.2175,-17.9325],[-75.3075,-17.7975],[-75.3975,-17.9325],[-75.4875,-17.9775],[-75.6225,-18.1575],[-75.6675,-18.1575],[-75.6675,-18.4725],[-75.7575,-18.5625],[-76.1175,-18.6075],[-76.2075,-18.7425],[-75.8925,-18.8775],[-75.7575,-19.0125],[-75.7575,-19.2825],[-75.9375,-19.5525],[-76.1175,-19.6875],[-76.2075,-19.8675],[-76.4775,-20.0025],[-76.7925,-20.0025],[-76.8825,-20.0475],[-77.0625,-20.2725],[-77.0175,-20.6775],[-77.1525,-20.8125],[-77.3325,-20.9025],[-77.3325,-20.9475],[-77.1525,-21.0825],[-76.9725,-21.1275],[-76.8375,-21.2175],[-76.8375,-21.3975],[-76.7475,-21.4875],[-76.7025,-21.6675],[-76.4775,-21.6675],[-76.1625,-21.9375],[-75.9375,-22.0275],[-75.8025,-22.0275],[-75.7125,-22.1625],[-75.4875,-22.3425],[-75.4875,-22.6575],[-75.5325,-22.7025],[-75.9375,-22.7025],[-75.9825,-22.7475],[-76.6125,-22.7025],[-76.6125,-22.7925],[-76.6575,-22.8375],[-76.6575,-23.1075],[-76.6125,-23.1525],[-76.6125,-23.2425],[-76.9725,-23.4225],[-76.9725,-23.5575],[-76.8375,-23.6475],[-76.8375,-23.9625],[-76.6125,-24.1425],[-76.3425,-24.2775],[-76.3875,-24.5475],[-76.2975,-24.5925],[-76.2975,-24.7725],[-76.4325,-24.8625],[-76.4325,-24.9525],[-76.4775,-24.9975],[-76.4775,-25.4025],[-76.3875,-25.5375],[-76.3875,-25.6275],[-76.6575,-26.0325],[-76.7475,-26.3475],[-76.9725,-26.5725],[-76.9725,-26.6625],[-76.7925,-26.8875],[-76.7925,-27.0675],[-76.4775,-27.3825],[-76.2975,-27.4725],[-76.1175,-27.4725],[-75.8475,-27.6975],[-75.7575,-27.6525],[-75.6225,-27.4725],[-75.6225,-27.3375],[-75.4875,-27.0675],[-75.4875,-26.8875],[-75.4425,-26.8425],[-75.4425,-26.7525],[-75.3525,-26.6625],[-74.9025,-26.5725],[-74.7225,-26.6625],[-74.4525,-26.8875],[-74.3175,-26.8425],[-74.2275,-26.7525],[-74.1825,-26.0775],[-74.0925,-25.9875],[-73.8225,-25.8525],[-73.6875,-25.8525],[-73.4625,-25.7175],[-73.4625,-25.6275],[-73.1925,-25.4025],[-73.0125,-25.4925],[-72.7425,-25.4925],[-72.6075,-25.4025],[-72.2925,-25.4025],[-72.2475,-25.4475],[-72.1125,-25.4475],[-71.7975,-25.3125],[-71.6625,-25.3125],[-71.3025,-25.5375],[-70.8525,-25.5825],[-70.4475,-25.8525],[-70.1775,-25.9875],[-70.0875,-25.9875],[-70.0875,-25.9425],[-69.9975,-25.8525],[-69.8625,-25.8075],[-69.7725,-25.7175],[-69.7275,-25.5825],[-69.4575,-25.3575],[-69.4575,-24.9975],[-69.3675,-24.9075],[-69.3675,-24.6375],[-69.3225,-24.5925],[-69.3225,-24.3675],[-69.3675,-24.3225],[-69.3675,-24.2325],[-69.5025,-24.0975],[-69.5925,-24.0975],[-69.6375,-24.0525],[-69.6375,-23.7825],[-69.8175,-23.6475],[-69.8175,-23.3325],[-69.7275,-23.2425],[-69.5025,-23.1975],[-69.4125,-23.0625],[-69.2325,-23.0625],[-69.1875,-22.9275],[-69.0975,-22.8375],[-68.7825,-22.6575],[-68.7825,-22.5675],[-68.6925,-22.5225],[-68.5575,-22.3425],[-68.4675,-22.3425],[-68.4675,-22.2525],[-68.5575,-22.2075],[-68.7375,-21.9825],[-68.7825,-21.5775],[-69.0075,-21.4875],[-69.4575,-21.5775],[-69.9075,-21.9375],[-70.3575,-21.9375],[-70.4025,-21.8925],[-70.8075,-21.8475],[-70.9425,-21.7575],[-70.9425,-21.6675],[-71.0325,-21.6225],[-71.1225,-21.6225],[-71.1675,-21.6675],[-71.3475,-21.6225],[-71.3925,-21.5775],[-71.3925,-21.4875],[-71.3475,-21.4425],[-71.3025,-21.2175],[-71.0325,-20.6775],[-70.8975,-20.5875],[-70.7175,-20.3625],[-70.7175,-20.1825],[-70.5825,-20.0925],[-70.3575,-20.0925],[-70.3125,-20.0475],[-70.3125,-19.8675],[-70.4025,-19.7325],[-70.7175,-19.7325],[-70.9875,-19.5075],[-71.2125,-19.5075],[-71.3475,-19.4175],[-71.3475,-19.3275],[-71.7075,-19.3275],[-71.7525,-19.2825],[-71.7525,-19.1925],[-72.1125,-18.9225],[-72.2925,-19.0125],[-72.3375,-19.1475],[-72.5625,-19.4175],[-72.5625,-19.5075],[-72.6075,-19.5525],[-72.8775,-19.5525],[-73.0575,-19.4175],[-73.1025,-18.7875],[-73.2375,-18.6975],[-73.2825,-18.4725],[-73.3275,-18.4275],[-73.4175,-18.4275],[-73.4625,-18.3825],[-73.4625,-18.2925],[-73.6875,-18.1575],[-73.6875,-18.0675],[-73.7775,-18.0675],[-73.9125,-17.8875]]]]}},{"type":"Feature","id":"Esonice","properties":{"id":"Esonice","tracedAreaKm2":465485},"geometry":{"type":"MultiPolygon","coordinates":[[[[-110.4525,10.1475],[-110.5425,10.0125],[-110.6325,9.9675],[-110.7225,9.7875],[-110.9025,9.7875],[-110.9475,9.7425],[-111.2625,9.7425],[-111.3075,9.7875],[-111.3525,9.7425],[-111.5775,9.7425],[-111.6675,9.6525],[-111.7125,9.4725],[-111.8025,9.3825],[-111.8025,9.1125],[-111.9825,9.0225],[-111.8925,8.8875],[-111.8925,8.5725],[-111.8025,8.4825],[-111.8025,8.0325],[-111.7125,7.9425],[-111.6225,7.9425],[-111.5775,7.8975],[-111.5775,7.6275],[-111.5325,7.5825],[-111.4425,7.5825],[-111.3975,7.6275],[-111.1275,7.6275],[-110.9925,7.5375],[-110.8125,7.7625],[-110.7225,7.7625],[-110.4525,8.1225],[-110.4975,8.7525],[-110.3175,8.8425],[-110.3175,8.9325],[-110.0925,9.1125],[-110.1375,9.1575],[-110.1375,9.6075],[-110.1825,9.6525],[-110.1825,9.7425],[-110.2725,9.7875],[-110.3175,10.0125],[-110.4525,10.1475]]],[[[-106.5375,11.8575],[-106.6725,11.9925],[-106.6725,12.1725],[-106.7625,12.2625],[-106.7625,12.3525],[-106.9425,12.3525],[-107.0325,12.5775],[-107.0775,12.5325],[-107.2575,12.5325],[-107.3925,12.4425],[-107.5275,12.4425],[-107.5275,12.3975],[-107.6625,12.3075],[-107.7525,12.3075],[-107.7975,12.2175],[-107.7975,12.0375],[-107.8425,11.9925],[-108.2925,12.0375],[-108.3375,11.9475],[-108.2925,11.4525],[-108.3375,11.4075],[-107.9325,11.3625],[-107.8875,11.3175],[-107.8875,11.2275],[-107.7075,11.1825],[-107.6175,11.0025],[-107.5725,11.0025],[-107.4375,11.1825],[-106.8525,11.2275],[-106.8075,11.3175],[-106.8075,11.4975],[-106.7625,11.5425],[-106.5825,11.5425],[-106.5375,11.5875],[-106.5375,11.8575]]],[[[-120.2175,13.7475],[-120.2625,13.5675],[-120.3525,13.4775],[-120.5775,13.4775],[-120.7125,13.3425],[-120.7125,13.1175],[-120.8925,12.9825],[-120.8925,12.8925],[-120.9375,12.8475],[-121.4775,12.7575],[-121.5675,12.6225],[-121.5675,12.4875],[-121.6575,12.3975],[-121.6125,12.3525],[-121.6125,11.9025],[-121.3425,11.7225],[-121.1625,11.7225],[-121.1175,11.6775],[-121.1175,11.4975],[-120.9825,11.3625],[-120.9375,10.8675],[-120.8475,10.7325],[-120.6225,10.6875],[-120.5775,10.6425],[-120.5775,10.3725],[-120.4425,10.2375],[-120.4425,10.1475],[-120.3975,10.1025],[-120.1275,10.1025],[-120.0375,10.0125],[-120.0375,9.7425],[-119.9925,9.6975],[-119.7675,9.6525],[-119.6775,9.5625],[-119.6325,9.6075],[-119.2725,9.6075],[-119.0925,9.3375],[-119.0025,9.3375],[-118.8675,9.1575],[-118.7325,9.1575],[-118.6875,9.1125],[-118.6875,8.9775],[-118.6425,8.9325],[-118.5075,8.9325],[-118.4625,8.8875],[-118.4625,8.6175],[-118.5525,8.4375],[-118.6875,8.3025],[-118.5525,8.2125],[-118.4175,8.0325],[-118.3275,8.0325],[-117.9675,7.6275],[-117.7425,7.7175],[-117.4275,7.7175],[-117.2475,7.6275],[-117.2475,7.5375],[-117.1125,7.4475],[-117.1125,7.0875],[-117.2025,6.9975],[-117.5175,6.9975],[-117.5625,7.0425],[-117.6075,6.9975],[-117.7425,6.9975],[-117.8325,6.9075],[-117.7875,6.6825],[-117.6975,6.5475],[-117.6075,6.5025],[-117.6075,6.4575],[-117.4275,6.5025],[-117.3825,6.6825],[-117.2925,6.8175],[-116.9325,6.8175],[-116.7975,6.9975],[-116.7975,7.2675],[-116.7525,7.3125],[-116.4825,7.3125],[-116.4375,7.2675],[-116.3475,7.4475],[-116.0775,7.4475],[-115.8525,7.1775],[-115.6725,7.1775],[-115.6275,7.4925],[-115.7625,7.5825],[-115.9425,7.5825],[-115.9875,7.6275],[-115.9875,8.1225],[-115.8075,8.2125],[-115.6725,8.2125],[-115.6725,8.3025],[-115.6275,8.3475],[-115.4925,8.3475],[-115.4025,8.4375],[-115.4025,8.5725],[-115.2225,8.7075],[-115.2675,8.7525],[-115.2675,9.0225],[-115.1325,9.1125],[-115.0875,9.3375],[-114.8625,9.5175],[-114.8175,9.6975],[-114.5475,9.8325],[-114.5475,9.9675],[-114.4125,10.1025],[-114.4125,10.1925],[-114.3675,10.2375],[-114.4125,10.2825],[-114.3675,10.7325],[-114.2775,10.7775],[-114.1425,10.9575],[-114.1875,11.0025],[-114.2775,11.0025],[-114.4575,11.2725],[-114.5475,11.2725],[-114.5925,11.3625],[-114.8175,11.4075],[-114.8175,11.3175],[-114.9525,11.2275],[-115.2225,11.2275],[-115.2675,11.2725],[-115.2675,11.7675],[-115.2225,11.8125],[-115.1325,11.8125],[-115.0875,11.9025],[-115.0875,12.2625],[-115.0425,12.3075],[-115.1325,12.3975],[-115.1325,12.4875],[-115.3575,12.6225],[-115.4025,12.7125],[-115.5375,12.7125],[-115.6275,12.8925],[-115.8975,12.9375],[-115.9425,12.9825],[-115.9425,13.2525],[-115.8975,13.2975],[-115.8975,13.3875],[-115.8075,13.4325],[-115.9425,13.4325],[-115.9875,13.4775],[-115.9875,13.7925],[-116.0325,13.7925],[-116.0775,13.8825],[-116.2575,14.0175],[-116.5725,14.0175],[-116.6175,14.0625],[-116.9325,14.1075],[-117.0675,14.0175],[-117.0675,13.7025],[-117.1125,13.6575],[-117.1125,13.5675],[-117.2475,13.4775],[-117.2925,13.2075],[-117.4725,12.9825],[-117.7875,12.9825],[-117.8325,13.0275],[-117.9225,12.9375],[-118.1925,12.9375],[-118.2375,12.9825],[-118.4625,12.9825],[-118.5975,13.0725],[-118.5975,13.2525],[-118.7325,13.3875],[-118.9575,13.3875],[-119.2275,13.5225],[-119.4525,13.5225],[-119.4975,13.5675],[-119.5875,13.5675],[-119.7675,13.7475],[-120.2175,13.7475]]],[[[-110.4525,14.6925],[-110.4975,14.6475],[-110.8575,14.6475],[-110.9925,14.5125],[-111.2625,14.5125],[-111.3075,14.4675],[-111.3075,14.3325],[-111.6225,14.0625],[-111.6225,13.7025],[-111.6675,13.6575],[-111.5775,13.5225],[-111.4425,13.4325],[-111.4875,12.6675],[-111.4425,12.6225],[-111.3075,12.6225],[-111.1725,12.4875],[-110.9925,12.4875],[-110.9925,12.5775],[-110.9475,12.6225],[-110.7225,12.6225],[-110.6775,12.6675],[-110.5875,12.6675],[-110.4075,12.8475],[-110.3625,12.8475],[-110.4525,12.8925],[-110.4525,13.3425],[-110.4075,13.3875],[-110.2275,13.3875],[-110.1825,13.4325],[-110.1825,13.5675],[-110.0925,13.6125],[-110.0925,13.7025],[-110.0025,13.7925],[-110.0475,13.8375],[-110.0925,14.3325],[-110.1375,14.3325],[-110.2725,14.4675],[-110.2725,14.5575],[-110.4525,14.6925]]]]}},{"type":"Feature","id":"Aldace","properties":{"id":"Aldace","tracedAreaKm2":417440},"geometry":{"type":"MultiPolygon","coordinates":[[[[-106.0875,-13.6575],[-106.3125,-13.7925],[-106.3575,-13.8825],[-106.3125,-14.0175],[-106.0425,-14.0175],[-106.0425,-13.8825],[-105.9975,-13.8375],[-106.0875,-13.7475],[-106.0875,-13.6575]]],[[[-102.8925,-9.2475],[-102.8925,-9.3375],[-102.9825,-9.3825],[-103.0275,-9.5625],[-103.1625,-9.6975],[-103.1625,-9.9675],[-103.2075,-10.0125],[-103.4775,-10.0125],[-103.7475,-9.7425],[-103.8375,-9.7425],[-103.9275,-9.6525],[-104.0175,-9.7425],[-104.0625,-9.9225],[-104.2875,-10.0125],[-104.2875,-10.4175],[-104.4225,-10.5525],[-104.4225,-10.7775],[-104.6925,-10.9575],[-104.7375,-11.1825],[-104.9175,-11.3175],[-104.9175,-11.5875],[-105.0075,-11.6775],[-105.0975,-11.6775],[-105.1425,-11.7225],[-105.1425,-11.8125],[-105.2325,-11.9025],[-105.2325,-12.0375],[-105.3225,-12.1725],[-105.3225,-12.3525],[-105.5025,-12.5325],[-105.5025,-12.6675],[-105.4125,-12.8475],[-105.4125,-13.2075],[-105.4575,-13.2525],[-105.3675,-13.3425],[-105.3675,-13.5225],[-105.2775,-13.6125],[-105.2775,-13.7475],[-105.1875,-13.7475],[-105.0525,-13.8825],[-105.0075,-14.0175],[-104.9175,-14.0625],[-104.6025,-14.0625],[-104.5125,-14.1525],[-104.5125,-14.2425],[-104.3325,-14.2425],[-104.2875,-14.2875],[-104.2875,-14.6475],[-104.2425,-14.6925],[-104.2425,-14.8275],[-103.8375,-15.3675],[-103.3875,-15.4125],[-103.3425,-15.4575],[-103.3425,-15.7275],[-103.4775,-15.8175],[-103.4775,-15.9525],[-103.5225,-15.9975],[-103.4325,-15.9975],[-103.2075,-16.2675],[-103.2075,-16.4925],[-103.1625,-16.5375],[-103.0725,-16.4925],[-102.9825,-16.5375],[-102.8475,-16.7175],[-102.7575,-16.7625],[-102.7125,-16.7175],[-102.5775,-16.8075],[-102.4875,-16.7175],[-102.3975,-16.7175],[-102.3525,-16.6725],[-102.1725,-16.6725],[-101.8575,-16.8525],[-101.7675,-16.8075],[-101.2725,-16.8075],[-101.0475,-16.9875],[-101.0025,-17.1225],[-100.8675,-17.3025],[-100.6425,-17.3475],[-100.4175,-17.2575],[-100.2825,-17.0775],[-100.3275,-16.6275],[-100.1025,-16.3575],[-99.7425,-16.2225],[-99.7425,-16.1325],[-99.6525,-15.9975],[-99.4725,-15.8625],[-99.4725,-15.6825],[-99.2475,-15.5025],[-98.8425,-15.5025],[-98.7975,-15.5475],[-98.7075,-15.5025],[-98.4375,-15.0525],[-98.3025,-14.9625],[-98.3025,-14.8275],[-98.4375,-14.7825],[-98.7975,-14.3325],[-98.7975,-14.0625],[-98.9325,-13.9725],[-98.8875,-13.5225],[-98.9775,-13.4325],[-98.9775,-13.3425],[-99.0675,-13.2075],[-99.1575,-13.1625],[-99.1575,-13.0275],[-98.9775,-12.9375],[-98.8425,-12.8025],[-98.8425,-12.6675],[-98.7075,-12.5325],[-98.6625,-12.3525],[-98.7075,-12.3075],[-98.7075,-12.2175],[-98.8875,-12.0375],[-98.8875,-11.8125],[-99.0675,-11.5875],[-99.0675,-11.4975],[-99.2475,-11.3175],[-99.2475,-11.1375],[-99.6075,-10.9575],[-99.8325,-10.9575],[-99.9225,-11.0025],[-100.0575,-11.1825],[-100.3725,-11.4525],[-100.5975,-11.4975],[-100.9125,-11.6775],[-101.1375,-11.6775],[-101.1825,-11.7225],[-101.1825,-11.8575],[-101.3625,-12.0825],[-101.6325,-12.0825],[-101.6775,-12.0375],[-101.6775,-11.9475],[-101.7675,-11.8575],[-101.7675,-11.5875],[-101.6325,-11.4075],[-101.3175,-11.4075],[-101.3625,-11.0475],[-101.4525,-11.0025],[-101.4525,-10.9125],[-101.3625,-10.8225],[-101.4075,-10.5075],[-101.5425,-10.3725],[-101.5875,-10.1925],[-101.7225,-10.1475],[-101.8125,-10.0575],[-101.8125,-9.9675],[-102.0375,-9.8775],[-102.2175,-9.6975],[-102.2175,-9.6525],[-102.3525,-9.6075],[-102.5325,-9.4275],[-102.8925,-9.2475]],[[-100.0575,-13.7925],[-99.7875,-13.6575],[-99.4275,-13.6575],[-99.3825,-13.7025],[-99.3825,-13.7925],[-99.2475,-13.8825],[-99.2475,-14.2875],[-99.2925,-14.3325],[-99.8325,-14.3325],[-99.9225,-14.2875],[-100.0575,-14.1525],[-100.0575,-13.7925]]]]}},{"type":"Feature","id":"Rhodellia","properties":{"id":"Rhodellia","tracedAreaKm2":251216},"geometry":{"type":"MultiPolygon","coordinates":[[[[-81.8325,-27.3375],[-81.8775,-27.3825],[-81.8775,-27.4725],[-81.7875,-27.5175],[-81.7875,-27.6525],[-81.8775,-27.6975],[-81.8775,-27.7875],[-81.7425,-27.8775],[-81.6975,-28.0125],[-81.5625,-28.1475],[-81.5625,-28.5075],[-81.6525,-28.6425],[-81.6525,-28.7775],[-81.6975,-28.8225],[-81.6975,-29.2725],[-81.4725,-29.8125],[-81.3825,-29.9025],[-81.3375,-30.0375],[-81.1575,-30.2175],[-81.1575,-30.3525],[-81.1125,-30.3075],[-80.9325,-30.3075],[-80.8425,-30.2175],[-80.5275,-30.2175],[-80.5275,-30.0825],[-80.4375,-29.9925],[-80.1675,-29.9925],[-80.0325,-29.8125],[-79.8975,-29.8125],[-79.7625,-29.5875],[-79.4475,-29.5425],[-79.3575,-29.4525],[-79.2225,-29.4525],[-79.1775,-29.4075],[-78.9975,-29.4075],[-78.9075,-29.2725],[-78.7275,-29.2725],[-78.5025,-29.0925],[-78.4125,-29.0925],[-78.4125,-28.9575],[-78.3225,-28.8675],[-78.0975,-28.8675],[-78.0075,-28.7775],[-77.6925,-28.7775],[-77.5575,-28.9125],[-77.5575,-29.1825],[-77.6475,-29.2725],[-77.6475,-29.4075],[-77.7825,-29.4975],[-77.9625,-29.4975],[-78.0075,-29.5425],[-78.3225,-29.5425],[-78.4125,-29.6325],[-78.5475,-29.6325],[-78.6375,-29.7225],[-78.7725,-29.7225],[-78.8175,-29.7675],[-78.8175,-29.9475],[-78.9525,-30.0825],[-78.9975,-30.2175],[-79.0875,-30.3075],[-79.0875,-30.3975],[-79.3125,-30.5325],[-79.3125,-30.6225],[-79.4475,-30.7125],[-79.7175,-30.7125],[-79.7625,-30.7575],[-79.7625,-30.9825],[-79.8975,-31.0725],[-79.8975,-31.2975],[-79.7625,-31.2975],[-79.6725,-31.5225],[-79.4925,-31.5225],[-79.4475,-31.6125],[-79.3575,-31.6125],[-79.1775,-31.7475],[-79.0425,-31.7475],[-78.9975,-31.7925],[-78.9975,-32.0175],[-78.8175,-32.0175],[-78.7275,-32.0625],[-78.6825,-32.1525],[-78.3675,-32.1525],[-78.1875,-31.9725],[-78.0975,-31.9725],[-77.9175,-31.7025],[-77.7825,-31.7025],[-77.6925,-31.6125],[-77.1075,-31.6125],[-77.0625,-31.6575],[-76.9725,-31.6575],[-76.7025,-31.5225],[-76.1625,-31.5225],[-76.1175,-31.5675],[-75.9825,-31.5675],[-75.3075,-31.2975],[-75.2625,-31.2075],[-75.0375,-31.0275],[-74.8125,-31.0275],[-74.5875,-30.8925],[-74.5875,-30.7575],[-74.6775,-30.7125],[-74.7225,-30.5775],[-74.8125,-30.4875],[-74.9475,-30.1275],[-75.5775,-29.8575],[-75.6225,-29.7675],[-75.8025,-29.6325],[-75.8475,-28.7325],[-75.7575,-28.5975],[-75.7575,-28.3275],[-75.8925,-28.1475],[-75.8925,-27.8775],[-75.9375,-27.8325],[-75.9825,-27.5175],[-76.0725,-27.4725],[-76.3875,-27.4725],[-76.4775,-27.4275],[-76.7925,-27.1125],[-76.7925,-26.9325],[-76.8375,-26.8425],[-77.0175,-26.7075],[-77.1075,-26.7075],[-77.5125,-26.9325],[-77.8275,-26.9325],[-77.8725,-26.8875],[-78.7275,-26.8875],[-78.9075,-26.9775],[-78.9075,-27.0225],[-79.0875,-27.1575],[-79.4475,-27.1575],[-79.4925,-27.1125],[-79.6275,-27.1125],[-79.7625,-27.0225],[-79.9875,-27.0225],[-80.1675,-27.1125],[-80.1675,-27.4275],[-80.2575,-27.5625],[-80.3025,-27.9675],[-80.4375,-28.0575],[-80.6175,-28.0125],[-80.8425,-27.7425],[-80.8425,-27.6525],[-80.9325,-27.6075],[-81.1125,-27.6075],[-81.1575,-27.5625],[-81.3825,-27.5625],[-81.5175,-27.4725],[-81.5175,-27.3825],[-81.6525,-27.2925],[-81.8325,-27.3375]]]]}},{"type":"Feature","id":"Nova-Occidentalis","properties":{"id":"Nova-Occidentalis","tracedAreaKm2":516168},"geometry":{"type":"MultiPolygon","coordinates":[[[[-70.3125,-27.7875],[-70.3575,-27.8325],[-70.5375,-27.8325],[-70.7175,-27.9225],[-71.0325,-27.9225],[-71.5275,-27.6975],[-71.6625,-27.6975],[-71.8875,-27.8325],[-72.0675,-27.8325],[-72.1125,-27.8775],[-72.3825,-27.8775],[-72.4275,-27.8325],[-72.5175,-27.8325],[-72.5625,-27.8775],[-72.8325,-27.8775],[-72.8775,-27.9225],[-73.0125,-27.9225],[-73.0575,-27.9675],[-73.1925,-27.9675],[-73.2375,-28.0125],[-73.3725,-28.0125],[-73.5975,-28.1025],[-73.8675,-28.1025],[-74.0475,-28.1925],[-74.4075,-28.2375],[-74.5425,-28.3275],[-74.8575,-28.3275],[-75.2175,-28.1475],[-75.4425,-28.1475],[-75.7575,-28.2825],[-75.7575,-28.5525],[-75.8475,-28.6875],[-75.8475,-29.0025],[-75.8025,-29.0475],[-75.8025,-29.6775],[-74.9475,-30.0825],[-74.9025,-30.2625],[-74.6325,-30.7125],[-74.6325,-30.9375],[-74.7675,-31.0275],[-74.9475,-31.0275],[-75.1725,-31.1625],[-75.3525,-31.3875],[-75.5775,-31.4325],[-75.8475,-31.5675],[-76.5675,-31.5225],[-76.8375,-31.6575],[-77.1975,-31.6575],[-77.2425,-31.6125],[-77.3325,-31.6575],[-77.3325,-31.7925],[-77.2875,-31.7925],[-77.1975,-31.9275],[-77.1975,-32.2875],[-77.1075,-32.3775],[-77.0625,-32.5575],[-76.8825,-32.6925],[-76.8825,-32.8275],[-76.7475,-32.9625],[-76.7475,-33.1425],[-76.6575,-33.2325],[-76.6575,-33.5025],[-76.7025,-33.5475],[-76.8375,-33.5475],[-76.9275,-33.6375],[-76.9725,-33.8175],[-77.1075,-33.9975],[-76.8375,-34.1775],[-76.8375,-34.2675],[-76.7475,-34.4025],[-76.3425,-34.6275],[-76.3425,-34.7175],[-76.1625,-34.8075],[-76.1625,-35.6625],[-76.1175,-35.7075],[-76.1175,-35.8425],[-76.0275,-35.9775],[-75.9375,-35.9775],[-75.8025,-36.1125],[-75.8025,-36.2025],[-75.7575,-36.2475],[-75.7125,-36.2475],[-75.7125,-36.1575],[-75.4425,-35.9325],[-75.2175,-35.8425],[-75.0825,-35.8425],[-74.7675,-35.7075],[-74.2275,-35.7075],[-74.1825,-35.7525],[-73.8225,-35.7975],[-73.7775,-35.8425],[-73.5075,-35.8425],[-73.1475,-35.5725],[-72.6975,-34.6725],[-72.1125,-34.0875],[-71.8425,-33.9525],[-71.3925,-33.8625],[-70.7625,-34.2675],[-70.6275,-34.2675],[-70.3125,-34.0875],[-70.1325,-34.0875],[-69.8175,-34.2225],[-69.5475,-34.1775],[-69.0075,-33.8175],[-68.8275,-33.6375],[-68.6475,-33.5475],[-68.4225,-33.3225],[-68.1525,-32.9175],[-68.1975,-32.3775],[-67.9275,-32.1075],[-67.8825,-32.1075],[-67.8825,-31.9725],[-68.0175,-31.8825],[-68.0175,-31.7475],[-68.4225,-31.7475],[-68.5125,-31.6575],[-68.6475,-31.6575],[-68.6925,-31.6125],[-68.6925,-31.5225],[-68.7375,-31.4775],[-68.8275,-31.4775],[-68.8725,-31.3875],[-69.0075,-31.2975],[-69.0525,-30.8475],[-68.9625,-30.6675],[-69.0075,-30.6225],[-69.0075,-30.3525],[-69.1425,-30.1725],[-69.2775,-30.1725],[-69.3225,-30.1275],[-69.3225,-30.0375],[-69.4125,-29.9475],[-69.5475,-29.9475],[-69.5925,-29.8575],[-69.7275,-29.7675],[-69.7725,-29.8125],[-70.0425,-29.8125],[-70.1325,-29.7225],[-70.1325,-29.0925],[-70.0425,-29.0475],[-70.0425,-28.6875],[-70.2225,-28.4625],[-70.2225,-27.9225],[-70.3125,-27.8775],[-70.3125,-27.7875]]]]}},{"type":"Feature","id":"Kolhar","properties":{"id":"Kolhar","tracedAreaKm2":261499},"geometry":{"type":"MultiPolygon","coordinates":[[[[-111.7575,-13.9725],[-111.8475,-13.8825],[-111.8475,-13.7475],[-112.0275,-13.6125],[-112.1175,-13.4325],[-112.3875,-13.3875],[-112.5225,-13.2075],[-112.7025,-13.2075],[-112.8825,-12.9825],[-112.9725,-12.9825],[-113.0175,-12.9375],[-113.0175,-12.8475],[-113.1975,-12.7125],[-113.3325,-12.4875],[-113.3775,-12.5325],[-113.6925,-12.5325],[-113.7825,-12.4425],[-114.5025,-12.3975],[-114.6375,-12.3075],[-114.7275,-12.3975],[-115.0425,-12.3975],[-115.1325,-12.5775],[-115.7175,-12.6225],[-115.8075,-12.4875],[-116.0325,-12.4425],[-116.1225,-12.3525],[-116.2575,-12.4425],[-116.3025,-12.6675],[-116.3475,-12.7125],[-116.4825,-12.7125],[-116.4375,-12.8025],[-116.4375,-13.1625],[-116.5275,-13.2975],[-116.7975,-13.5225],[-116.7525,-13.6125],[-116.6625,-13.6125],[-116.6175,-13.6575],[-116.6175,-13.8375],[-116.4375,-13.9725],[-116.4375,-14.2875],[-116.4825,-14.3325],[-116.7525,-14.3325],[-117.0225,-14.0175],[-117.1125,-14.0175],[-117.2025,-13.9275],[-117.2025,-13.7475],[-117.2475,-13.7025],[-117.5175,-13.8825],[-117.5175,-14.3775],[-117.6525,-14.4675],[-117.7425,-14.4675],[-117.8325,-14.6475],[-118.1025,-14.6475],[-118.2375,-14.5575],[-118.5975,-14.5575],[-118.6425,-14.5125],[-118.7775,-14.6025],[-119.0025,-14.6025],[-119.1825,-14.7375],[-119.1825,-14.8275],[-119.4975,-15.0525],[-119.4525,-15.1425],[-119.4525,-15.4125],[-119.3625,-15.4575],[-119.2725,-15.5925],[-119.0925,-15.5925],[-119.0475,-15.6375],[-119.0475,-15.7275],[-118.9125,-15.9075],[-118.8225,-15.9525],[-118.7325,-15.9075],[-118.4625,-15.9075],[-118.1925,-15.5475],[-118.1925,-15.4575],[-117.8775,-15.0975],[-117.3825,-15.0975],[-117.3375,-15.1425],[-117.3375,-15.2325],[-117.2925,-15.2775],[-117.2025,-15.2775],[-117.1125,-15.4125],[-116.8875,-15.4125],[-116.8425,-15.4575],[-116.8425,-15.6375],[-116.7975,-15.6825],[-116.7075,-15.6825],[-116.6175,-15.5925],[-116.2575,-15.5925],[-116.1675,-15.6375],[-116.0775,-15.7725],[-115.9425,-15.8625],[-115.9425,-15.9525],[-115.8525,-16.0425],[-115.7175,-16.0425],[-115.6725,-16.0875],[-115.5825,-16.3125],[-115.5825,-16.5825],[-115.6275,-16.6275],[-115.7625,-16.6275],[-115.8975,-16.8075],[-116.0325,-16.8075],[-116.0775,-16.8975],[-116.3025,-17.0775],[-116.3025,-17.4825],[-116.1225,-17.6175],[-116.1225,-17.7075],[-115.9875,-17.8425],[-115.9425,-17.7975],[-115.6725,-17.7975],[-115.5825,-17.8875],[-115.2675,-17.8875],[-115.0875,-17.6625],[-115.0875,-17.5275],[-115.0425,-17.4825],[-114.9075,-17.4825],[-114.8175,-17.3025],[-114.5025,-17.3025],[-114.4575,-17.3475],[-114.2775,-17.2125],[-114.1425,-17.2125],[-114.0975,-17.1225],[-113.6025,-17.1225],[-113.5575,-17.1675],[-113.5125,-17.0775],[-113.2875,-16.8975],[-113.2875,-16.8075],[-113.0175,-16.5825],[-113.0175,-16.2675],[-112.9275,-16.1325],[-113.0625,-15.9975],[-113.0625,-15.5925],[-113.0175,-15.5025],[-112.8375,-15.3225],[-112.7025,-15.3225],[-112.5225,-15.1425],[-112.3875,-15.1425],[-112.3425,-15.0525],[-111.9825,-14.8725],[-111.9825,-14.7825],[-111.8025,-14.6475],[-111.8025,-14.4675],[-111.7125,-14.3325],[-111.7125,-14.2425],[-111.7575,-14.1975],[-111.7575,-13.9725]]]]}},{"type":"Feature","id":"Mito","properties":{"id":"Mito","tracedAreaKm2":55376},"geometry":{"type":"MultiPolygon","coordinates":[[[[-97.4925,-49.8375],[-97.5375,-49.7925],[-97.5825,-49.8825],[-97.7175,-49.8825],[-97.7625,-49.9275],[-98.0325,-49.9725],[-98.1675,-50.0625],[-98.2575,-50.0625],[-98.3475,-50.1975],[-98.6625,-50.1975],[-98.6625,-50.2875],[-98.7525,-50.3775],[-98.8425,-50.3775],[-98.7525,-50.4675],[-98.7075,-50.4225],[-98.3925,-50.4225],[-98.3475,-50.3325],[-98.2575,-50.3325],[-98.2125,-50.2875],[-97.8975,-50.2875],[-97.8525,-50.3325],[-97.7175,-50.2425],[-97.7175,-50.1525],[-97.6725,-50.1075],[-97.5825,-50.1075],[-97.5825,-50.0175],[-97.4925,-49.9275],[-97.4925,-49.8375]]],[[[-109.8225,-32.2425],[-109.7775,-32.5575],[-109.6425,-32.5575],[-109.5525,-32.3775],[-109.6425,-32.3775],[-109.8225,-32.2425]]],[[[-111.1275,-30.4425],[-111.2175,-30.4875],[-111.2175,-30.5775],[-111.3075,-30.7125],[-111.2625,-30.8025],[-111.2625,-31.0725],[-111.1725,-31.0725],[-110.9925,-30.8925],[-110.9025,-30.8925],[-110.8575,-30.8475],[-110.9475,-30.8025],[-110.9475,-30.6225],[-111.0825,-30.5325],[-111.1275,-30.4425]]],[[[-108.7875,-27.6075],[-108.7875,-27.6975],[-108.2025,-28.3725],[-107.4375,-28.4175],[-107.3025,-28.5975],[-107.1675,-28.5975],[-106.9875,-28.7325],[-106.8525,-28.7325],[-106.8075,-28.7775],[-106.8075,-28.9125],[-106.6725,-29.0475],[-106.1325,-29.0475],[-106.1325,-29.0025],[-105.9525,-28.8675],[-105.9525,-28.7775],[-105.9075,-28.7325],[-105.9525,-28.6875],[-105.9525,-28.1475],[-106.2675,-27.8775],[-106.3575,-27.6975],[-106.4025,-27.7425],[-106.6275,-27.7425],[-106.6725,-27.7875],[-106.9425,-27.7875],[-106.9875,-27.7425],[-106.9875,-27.3375],[-107.1675,-27.0675],[-107.9325,-27.0675],[-107.9775,-27.0225],[-108.1125,-27.1575],[-108.2925,-27.2475],[-108.2925,-27.3375],[-108.3825,-27.4275],[-108.6075,-27.4725],[-108.7875,-27.6075]]],[[[-111.8925,-26.7975],[-111.8925,-26.8425],[-112.1175,-27.0675],[-112.1175,-27.2925],[-112.3425,-27.4725],[-112.3875,-27.6075],[-112.4775,-27.6975],[-112.4775,-27.8325],[-112.5225,-27.8775],[-112.4775,-27.9675],[-112.2975,-28.1025],[-112.2525,-28.2825],[-112.0725,-28.3725],[-111.9825,-28.3275],[-111.9825,-28.2375],[-111.9375,-28.1925],[-111.7575,-28.1925],[-111.6675,-27.9675],[-111.3525,-27.9675],[-111.3525,-27.8775],[-111.1725,-27.6075],[-111.4425,-27.4725],[-111.4425,-27.2025],[-111.5325,-27.0675],[-111.5325,-26.9775],[-111.7575,-26.9775],[-111.8925,-26.7975]]]]}},{"type":"Feature","id":"Goankok","properties":{"id":"Goankok","tracedAreaKm2":41286},"geometry":{"type":"MultiPolygon","coordinates":[[[[-119.6325,-3.6225],[-120.2625,-3.5775],[-120.3525,-3.4875],[-120.5325,-3.7125],[-120.6225,-3.7125],[-120.6675,-3.7575],[-120.6675,-4.0275],[-120.7575,-4.2075],[-121.0725,-4.2075],[-121.1175,-4.1625],[-121.1175,-3.9375],[-121.1625,-3.8925],[-121.3425,-4.1625],[-121.3425,-4.3875],[-121.3875,-4.4325],[-121.5675,-4.4325],[-121.6575,-4.5225],[-121.6575,-4.6125],[-121.7475,-4.7025],[-121.8375,-4.7025],[-121.8825,-4.7475],[-121.8375,-4.7925],[-121.8375,-5.0625],[-121.7025,-5.2425],[-121.5225,-5.3775],[-121.4325,-5.5125],[-121.4325,-5.6475],[-121.3875,-5.6925],[-121.2975,-5.6925],[-121.2075,-5.5575],[-121.0725,-5.5575],[-120.8475,-5.3775],[-120.8475,-5.2875],[-120.7575,-5.1975],[-120.6675,-5.1975],[-120.5775,-5.0625],[-120.3075,-5.0625],[-120.2625,-5.1075],[-120.1725,-5.1075],[-120.1275,-5.0625],[-119.9025,-5.0625],[-119.8575,-4.9725],[-119.7225,-4.9725],[-119.6775,-4.8375],[-119.5425,-4.7025],[-119.4525,-4.7025],[-119.4525,-4.4775],[-119.3625,-4.3875],[-119.4525,-4.2525],[-119.4525,-3.9825],[-119.4075,-3.9375],[-119.5875,-3.8025],[-119.5875,-3.6675],[-119.6325,-3.6225]]],[[[-121.8825,-3.3075],[-121.9725,-3.3975],[-121.9275,-3.4875],[-121.7925,-3.6225],[-121.6575,-3.6225],[-121.6125,-3.5775],[-121.6125,-3.4875],[-121.7025,-3.4425],[-121.7925,-3.3075],[-121.8825,-3.3075]]],[[[-123.4125,-1.8225],[-123.4575,-1.9125],[-123.3675,-2.0025],[-123.3675,-2.1825],[-123.3225,-2.2275],[-123.0975,-2.2275],[-123.1425,-1.9125],[-123.3225,-1.9125],[-123.4125,-1.8225]]]]}},{"type":"Feature","id":"Kirvina","properties":{"id":"Kirvina","tracedAreaKm2":374185},"geometry":{"type":"MultiPolygon","coordinates":[[[[-81.5625,-40.8825],[-81.4275,-40.9725],[-81.3825,-41.1525],[-81.1125,-41.4225],[-80.8875,-41.5125],[-80.5275,-41.8725],[-80.3475,-41.9625],[-80.0775,-42.4575],[-79.9425,-42.5925],[-79.8075,-42.6375],[-79.7175,-42.5925],[-79.6275,-42.4575],[-79.4475,-42.4125],[-79.2675,-42.5475],[-79.1775,-42.7275],[-79.0425,-42.8625],[-78.4575,-43.1775],[-78.5025,-43.4925],[-78.7725,-43.7175],[-79.0875,-43.8525],[-79.2675,-44.0325],[-79.2675,-44.2575],[-78.9525,-44.5275],[-78.9075,-45.0675],[-78.4575,-45.2925],[-78.0975,-45.3375],[-77.9175,-45.2475],[-77.8725,-45.0675],[-77.7825,-44.9325],[-77.6025,-44.8425],[-77.2875,-44.8425],[-77.2425,-44.8875],[-76.8825,-44.8425],[-76.3425,-44.4375],[-75.9375,-44.4375],[-75.7575,-44.5275],[-75.6225,-44.5275],[-75.4875,-44.6175],[-74.8125,-44.6625],[-74.4975,-44.5275],[-74.3175,-44.2575],[-74.1825,-44.1675],[-73.9125,-44.1225],[-73.8675,-44.0775],[-73.1475,-44.1225],[-72.8325,-43.8525],[-72.6075,-43.8075],[-72.5625,-43.7625],[-72.2475,-43.7625],[-71.9325,-43.9875],[-71.8425,-43.9875],[-71.7975,-44.0325],[-71.3925,-44.0325],[-71.1225,-44.1675],[-70.7175,-44.1675],[-70.6725,-44.1225],[-70.4475,-44.1225],[-70.4025,-44.1675],[-70.4025,-44.0775],[-70.3575,-44.0325],[-70.3575,-43.8975],[-70.5825,-43.8075],[-70.7175,-43.6725],[-70.7175,-43.3125],[-71.0325,-43.3125],[-71.0775,-43.2675],[-71.0775,-42.9975],[-71.2575,-42.8175],[-71.2125,-42.1875],[-71.1675,-42.1425],[-71.1675,-42.0525],[-71.0325,-41.9175],[-71.0775,-41.8725],[-71.0775,-41.5125],[-71.0325,-41.4675],[-71.0775,-41.3775],[-71.0775,-40.9275],[-71.1675,-40.8825],[-71.2575,-40.9275],[-71.5275,-40.9275],[-71.7525,-40.7925],[-72.0225,-40.7925],[-72.0675,-40.7475],[-72.4275,-40.7025],[-72.8325,-40.4325],[-73.0125,-40.4325],[-73.1025,-40.4775],[-73.1475,-40.6125],[-73.3275,-40.7475],[-73.6425,-40.7475],[-73.7775,-40.8375],[-73.9125,-40.7475],[-73.9575,-40.7925],[-74.1825,-40.7925],[-74.4525,-40.6575],[-74.5425,-40.5675],[-74.7675,-40.4775],[-74.9025,-40.3425],[-75.1725,-40.2525],[-75.2175,-40.1625],[-75.3525,-40.2525],[-75.4875,-40.2525],[-75.6225,-40.3425],[-75.5775,-40.3875],[-75.5775,-40.6575],[-75.6225,-40.7025],[-75.9825,-40.7025],[-76.0275,-40.6575],[-76.0275,-40.5225],[-76.2075,-40.4325],[-76.2975,-40.2975],[-76.4775,-40.1625],[-76.5225,-40.1625],[-76.6125,-40.2975],[-76.8375,-40.2975],[-76.9275,-40.3425],[-76.9275,-40.5225],[-77.0175,-40.6125],[-77.3325,-40.6125],[-77.3775,-40.5675],[-77.3775,-40.4775],[-77.5125,-40.4775],[-77.5575,-40.4325],[-77.7825,-40.3875],[-78.1425,-39.9825],[-78.2325,-39.9825],[-78.2775,-39.8925],[-78.4575,-39.7575],[-78.4575,-39.3975],[-78.3225,-39.2625],[-78.0975,-39.2625],[-77.9625,-39.1275],[-77.8275,-39.0825],[-77.6475,-38.9475],[-77.6475,-38.7225],[-77.6925,-38.6325],[-77.7825,-38.5875],[-77.9625,-38.3625],[-78.0975,-38.3625],[-78.3225,-38.2725],[-78.3675,-38.3175],[-78.5475,-38.3175],[-78.5925,-38.4075],[-79.2225,-38.3625],[-79.2675,-38.3175],[-79.4475,-38.3175],[-79.5825,-38.1375],[-80.0325,-38.0925],[-80.1225,-38.2275],[-80.1675,-38.4525],[-80.0325,-38.5425],[-79.9425,-38.6775],[-79.9425,-39.1275],[-79.9875,-39.2175],[-80.2125,-39.3975],[-80.6175,-39.5325],[-80.6175,-39.6675],[-80.7075,-39.7575],[-80.8425,-39.8025],[-80.7975,-40.0725],[-80.9325,-40.3425],[-81.0675,-40.4775],[-81.3825,-40.6125],[-81.4275,-40.7925],[-81.5625,-40.8825]]]]}},{"type":"Feature","id":"Ymutz-Mizlan","properties":{"id":"Ymutz-Mizlan","tracedAreaKm2":672308},"geometry":{"type":"MultiPolygon","coordinates":[[[[-93.1725,15.7275],[-93.1725,15.5475],[-93.0825,15.4575],[-93.0375,15.1875],[-92.9025,15.0975],[-92.9025,14.8275],[-92.7225,14.6475],[-92.6775,14.4675],[-92.6325,14.4225],[-92.3175,14.3775],[-92.1825,14.1525],[-92.0025,14.1525],[-91.9125,14.0175],[-91.8225,14.0175],[-91.6425,13.8375],[-91.5975,13.7025],[-91.4175,13.6575],[-91.3725,13.5675],[-91.2825,13.5225],[-91.2825,13.2975],[-91.2375,13.2525],[-91.1475,13.2525],[-91.0575,13.1625],[-91.0575,13.0275],[-91.0125,12.9825],[-90.8775,12.9825],[-90.8325,12.9375],[-90.8325,12.6675],[-90.6975,12.5775],[-90.6975,12.3975],[-90.6525,12.3525],[-90.3825,12.3525],[-90.3375,12.3075],[-90.2475,12.3075],[-90.0675,12.1725],[-89.9775,12.0375],[-89.9775,11.8575],[-89.9325,11.8125],[-89.8875,11.5425],[-89.6625,11.4075],[-89.5275,11.4075],[-89.4825,11.3625],[-89.4825,11.2275],[-89.3925,11.1375],[-89.3025,11.1375],[-89.2575,11.0925],[-89.2575,10.9125],[-89.1675,10.8675],[-89.1675,10.7325],[-88.9875,10.5975],[-88.9875,10.5075],[-88.9425,10.4625],[-88.9425,10.1475],[-88.8975,10.1025],[-88.8975,9.7425],[-88.9425,9.6975],[-88.8525,9.6075],[-88.8525,9.3825],[-88.6725,9.1575],[-88.6725,9.0675],[-88.4925,8.9325],[-88.2675,8.8875],[-88.0875,8.6625],[-88.0425,8.7075],[-87.7725,8.7075],[-87.6825,8.4825],[-87.6375,8.4375],[-87.5475,8.4375],[-87.3675,8.3025],[-87.3675,8.0775],[-87.2775,8.0775],[-87.1425,7.9875],[-87.0075,7.8075],[-86.9175,7.8075],[-86.8275,7.6725],[-86.5575,7.6725],[-86.5125,7.6275],[-86.5125,7.5375],[-86.3325,7.1775],[-86.2875,7.2225],[-85.9725,7.2225],[-85.9275,7.1775],[-85.8375,7.1775],[-85.7925,7.1325],[-85.7925,7.0425],[-85.5675,7.0425],[-85.5225,7.0875],[-85.0275,7.1325],[-84.8025,7.2675],[-84.6225,7.2675],[-84.4875,7.1775],[-84.3525,7.1775],[-84.2175,7.2675],[-83.6775,7.2675],[-83.4525,7.4025],[-83.3175,7.4025],[-83.2725,7.4475],[-83.0475,7.4925],[-82.9125,7.5825],[-82.6425,7.4475],[-82.1925,7.5825],[-81.9675,7.4475],[-81.7425,7.4025],[-81.6975,7.3575],[-81.6975,7.2675],[-81.5625,7.2225],[-81.4725,7.0875],[-81.3375,6.9975],[-81.2925,6.8625],[-81.2475,6.8625],[-81.2025,6.7725],[-81.0675,6.6825],[-80.9775,6.7275],[-80.7525,6.7275],[-80.5275,6.5925],[-80.3475,6.6825],[-80.2575,6.8175],[-80.0775,6.9525],[-80.0775,7.0425],[-80.2575,7.1775],[-80.2575,7.2675],[-80.3925,7.4925],[-80.3925,7.5825],[-80.3025,7.7175],[-80.3025,7.9425],[-80.3925,8.0325],[-80.3925,8.1225],[-80.3025,8.2125],[-80.1675,8.2575],[-80.0775,8.3475],[-80.0325,8.4825],[-79.8975,8.5725],[-79.8975,8.6175],[-80.0775,8.7525],[-80.0775,8.8425],[-80.1675,8.8875],[-80.2125,8.8425],[-80.3925,8.8875],[-80.5725,9.1125],[-80.8425,9.2925],[-80.8425,9.3825],[-81.0225,9.4725],[-81.1125,9.4725],[-81.2475,9.3825],[-81.5175,9.3825],[-81.7875,9.5625],[-81.7875,9.8325],[-82.1025,10.0575],[-82.2375,10.0575],[-82.2825,10.1025],[-82.3725,10.0575],[-82.4625,10.1025],[-82.6425,10.2825],[-82.6425,10.3275],[-82.7775,10.4175],[-83.0025,10.4625],[-83.2275,10.3725],[-83.4975,10.3725],[-83.5875,10.3275],[-83.8575,10.5075],[-83.8575,10.6425],[-83.7675,10.7325],[-83.7225,10.9125],[-83.7675,10.9575],[-83.7675,11.1375],[-83.9025,11.3625],[-83.9025,11.4525],[-83.7675,11.5425],[-83.7675,11.7225],[-84.0375,12.0375],[-84.0825,12.2175],[-84.1725,12.3525],[-84.3525,12.4425],[-84.4425,12.3975],[-84.6225,12.4875],[-84.7125,12.6225],[-84.7125,12.7125],[-84.4875,12.8925],[-84.2625,12.9825],[-84.1725,13.2075],[-84.0825,13.2525],[-84.0825,13.3425],[-84.1725,13.4325],[-84.1725,13.5675],[-84.0375,13.7475],[-83.9025,13.8375],[-83.9025,13.9275],[-83.9925,14.0175],[-84.3975,14.1525],[-84.6675,14.3775],[-84.8475,14.3775],[-84.8925,14.4225],[-85.0725,14.3775],[-85.2075,14.4675],[-85.4325,14.3325],[-85.5225,14.3325],[-85.7475,14.4225],[-85.9275,14.5575],[-86.4225,14.2875],[-86.9625,14.2875],[-87.0975,14.3775],[-87.0975,14.5125],[-87.2325,14.6025],[-87.4575,14.4675],[-87.5925,14.4675],[-87.8625,14.6025],[-87.9075,14.6925],[-88.2225,14.8275],[-88.6725,15.1425],[-88.8075,15.3225],[-88.8975,15.3675],[-89.1675,15.2325],[-89.4825,15.4575],[-89.6175,15.6825],[-89.7975,15.7725],[-90.0675,15.8175],[-90.4275,15.9975],[-90.8775,16.1325],[-90.9225,16.2225],[-90.9675,16.2225],[-91.0125,16.1325],[-91.1475,16.0875],[-91.5075,15.7725],[-91.6875,15.8625],[-92.1825,15.7725],[-92.4525,15.9075],[-92.5875,15.9075],[-92.8125,15.7725],[-93.0375,15.7725],[-93.0825,15.7275],[-93.1725,15.7275]]]]}},{"type":"Feature","id":"Denawar","properties":{"id":"Denawar","tracedAreaKm2":171659},"geometry":{"type":"MultiPolygon","coordinates":[[[[-24.9975,-0.3375],[-25.0425,-0.4275],[-25.1325,-0.4725],[-25.1775,-0.5625],[-25.2675,-0.5625],[-25.3575,-0.6525],[-25.4025,-0.7875],[-25.4925,-0.8325],[-25.4925,-0.9225],[-25.5825,-1.1025],[-25.6275,-1.4625],[-25.4925,-1.5525],[-25.4475,-1.6425],[-25.4475,-1.8225],[-25.3575,-1.9575],[-25.2675,-1.9575],[-25.2225,-2.0475],[-25.0425,-2.0475],[-24.8625,-2.3175],[-24.7725,-2.3625],[-24.5025,-2.3625],[-24.4125,-2.4525],[-24.2325,-2.1825],[-24.0075,-2.1825],[-23.9625,-2.1375],[-23.9625,-1.9575],[-23.9175,-1.9125],[-23.7825,-1.9125],[-23.6475,-1.7775],[-23.5575,-1.7775],[-23.5125,-1.7325],[-23.5575,-1.6875],[-23.5575,-1.5525],[-23.6475,-1.4625],[-23.7375,-1.4625],[-23.7825,-1.4175],[-23.7825,-1.1925],[-23.9175,-1.0575],[-23.9175,-0.8775],[-24.0075,-0.8775],[-24.1425,-0.6525],[-24.3225,-0.5625],[-24.4125,-0.5625],[-24.5025,-0.4275],[-24.9975,-0.3375]]],[[[-31.1625,0.6075],[-31.2525,0.5175],[-31.2525,0.3825],[-31.3875,0.2475],[-31.3875,0.1575],[-31.2975,0.1125],[-31.2525,-0.1125],[-31.4325,-0.2925],[-31.6575,-0.3825],[-31.7475,-0.5175],[-31.7475,-0.6525],[-31.8375,-0.6975],[-31.8375,-0.8775],[-31.7925,-0.8775],[-31.7025,-1.0125],[-31.6125,-1.0575],[-31.4325,-1.0575],[-31.2075,-1.2375],[-31.2075,-1.3275],[-31.3425,-1.5975],[-31.3425,-1.7325],[-31.2975,-1.7775],[-31.2525,-2.0025],[-31.3425,-2.1375],[-31.3425,-2.2275],[-31.3875,-2.2725],[-31.3875,-2.4975],[-31.4775,-2.6325],[-31.4775,-2.9475],[-31.4325,-3.0375],[-31.2075,-3.0825],[-30.9375,-3.2625],[-30.3075,-3.2625],[-30.0375,-3.4425],[-29.9475,-3.4425],[-29.6775,-3.3075],[-29.4975,-3.1275],[-29.3175,-3.0375],[-29.0475,-3.0375],[-28.8225,-3.2175],[-28.8225,-3.3525],[-28.7325,-3.5325],[-28.5975,-3.6675],[-28.3275,-3.7575],[-28.2375,-3.6225],[-28.3275,-3.5325],[-28.3725,-3.1275],[-28.5075,-2.9925],[-28.5525,-2.7675],[-28.7325,-2.7675],[-28.7775,-2.7225],[-28.7775,-2.5875],[-28.8675,-2.5875],[-28.9125,-2.5425],[-28.9575,-2.3625],[-29.2275,-2.2275],[-29.2275,-1.9125],[-28.9125,-1.6875],[-28.9125,-1.2375],[-28.8675,-1.1925],[-29.0475,-1.0125],[-29.0475,-0.6525],[-29.0025,-0.6075],[-29.0025,-0.4725],[-28.9575,-0.4275],[-28.7325,-0.3825],[-28.6425,-0.2025],[-28.4625,-0.2025],[-28.2375,-0.0675],[-27.7875,-0.0225],[-27.6525,0.1125],[-27.6975,0.2925],[-27.8325,0.4275],[-28.0575,0.4725],[-28.4175,0.6975],[-28.8225,0.6975],[-28.9575,0.7875],[-29.2275,0.6975],[-29.2275,0.6075],[-29.4075,0.4725],[-29.7675,0.5175],[-29.9025,0.4275],[-30.0825,0.4275],[-30.1275,0.3825],[-30.3525,0.4275],[-30.4875,0.6075],[-30.7575,0.7425],[-30.8475,0.7425],[-31.1625,0.6075]]]]}},{"type":"Feature","id":"Bamraland","properties":{"id":"Bamraland","tracedAreaKm2":420852},"geometry":{"type":"MultiPolygon","coordinates":[[[[-53.7525,15.4125],[-53.7525,15.1875],[-53.8875,14.9625],[-53.8875,14.6475],[-53.7525,14.5125],[-53.7525,14.3775],[-53.9775,14.0625],[-53.9775,13.6575],[-53.8425,13.5225],[-53.8425,13.4325],[-54.1125,13.2525],[-54.1125,13.2075],[-53.8425,13.0725],[-53.6625,12.8925],[-53.6625,12.7125],[-53.7975,12.5775],[-53.7975,11.9475],[-53.7975,11.3175],[-53.5275,11.1825],[-53.3475,11.0025],[-53.0325,10.8225],[-52.8075,10.5975],[-52.7625,10.5975],[-52.6725,10.4625],[-52.4475,10.3725],[-52.2675,10.3725],[-51.9075,10.1925],[-51.7275,10.0125],[-51.7275,9.9225],[-51.6375,9.7425],[-51.4575,9.6525],[-51.3225,9.6525],[-51.0525,9.4725],[-51.0525,9.2475],[-51.0075,9.1575],[-50.8275,9.1125],[-50.6925,9.0225],[-50.6025,9.0675],[-50.4225,9.0225],[-50.3775,8.9775],[-50.3775,8.8425],[-50.0625,8.7075],[-49.9725,8.6175],[-49.7925,8.7075],[-49.7925,9.0225],[-49.6125,9.1125],[-49.5675,9.3825],[-49.4325,9.4725],[-49.4325,9.7425],[-49.2975,9.9225],[-49.1625,9.9225],[-49.1625,9.9675],[-49.0275,10.0575],[-49.0275,10.1925],[-48.9825,10.2375],[-49.0275,10.2825],[-49.0275,10.5975],[-49.2075,10.6875],[-49.2525,11.0925],[-49.2975,11.1375],[-49.2975,11.4075],[-49.2075,11.4525],[-49.2075,11.6325],[-49.1175,11.7225],[-49.1175,11.8575],[-49.0725,11.9025],[-48.5775,11.9025],[-48.4425,11.7675],[-48.3525,11.7675],[-48.3075,11.7225],[-48.3075,11.5425],[-48.1275,11.4075],[-48.0375,11.2725],[-47.9025,11.2725],[-47.7675,11.1825],[-47.4975,11.1825],[-47.4525,11.2275],[-46.9575,11.3175],[-46.9575,11.4525],[-46.8675,11.5425],[-46.8675,11.6325],[-46.6425,11.8125],[-46.6425,11.9925],[-46.6875,12.0825],[-46.8675,12.2175],[-46.8675,12.3075],[-46.9125,12.3525],[-46.9125,12.9825],[-47.0475,13.1175],[-47.0475,13.2975],[-46.9125,13.3875],[-46.9125,13.5225],[-47.1375,13.7025],[-47.2725,13.7475],[-47.4075,13.8825],[-47.4075,13.9725],[-47.3625,14.0175],[-47.3625,14.2425],[-47.5875,14.4675],[-47.7225,14.5125],[-47.9025,14.7825],[-48.0825,14.8725],[-48.2625,15.0525],[-48.2625,15.1875],[-48.6225,15.5025],[-48.8475,15.5925],[-49.0275,15.5925],[-49.4325,15.3675],[-49.5225,15.3675],[-49.7925,15.5475],[-50.0175,15.5925],[-50.0625,15.6375],[-50.2425,15.6375],[-50.2875,15.5925],[-50.3775,15.5925],[-50.4225,15.6375],[-50.5125,15.6375],[-50.5575,15.5925],[-51.0075,15.5925],[-51.0525,15.6375],[-51.2775,15.6375],[-51.3225,15.6825],[-51.6375,15.7275],[-52.0425,15.9525],[-52.1325,15.9525],[-52.6725,15.6825],[-53.1675,15.6825],[-53.2125,15.6375],[-53.4375,15.6375],[-53.7525,15.4125]]]]}},{"type":"Feature","id":"Arneland","properties":{"id":"Arneland","tracedAreaKm2":284437},"geometry":{"type":"MultiPolygon","coordinates":[[[[-91.0575,29.8575],[-90.9225,29.6775],[-90.8775,29.4075],[-90.6975,29.3625],[-90.6525,29.3175],[-90.6075,29.0925],[-90.5175,29.0925],[-90.4725,29.0475],[-90.4725,28.7775],[-90.5175,28.7325],[-90.4725,28.6425],[-90.2475,28.6425],[-90.1125,28.5525],[-90.0675,28.4625],[-89.7525,28.7325],[-89.4825,28.7325],[-89.2125,28.5975],[-89.0325,28.7325],[-88.8975,29.0475],[-88.8975,29.2725],[-89.1675,29.4075],[-89.1675,29.6325],[-89.3475,29.9925],[-89.5275,29.9925],[-89.5725,29.9025],[-89.7975,29.8575],[-89.9325,29.7675],[-90.2475,29.7675],[-90.4275,29.9025],[-90.6525,29.9025],[-90.7875,29.9925],[-91.0575,29.8575]]],[[[-84.7125,33.8625],[-84.8025,33.9075],[-85.1625,34.3125],[-85.1625,34.3575],[-85.4325,34.5825],[-85.7475,34.4925],[-86.2875,34.7625],[-86.6025,34.7625],[-86.6475,34.8075],[-87.0075,34.7175],[-87.1425,34.6275],[-87.4125,34.6275],[-87.5475,34.7175],[-87.5925,34.9875],[-87.6825,35.0775],[-87.9525,35.2125],[-88.1325,35.1225],[-88.4025,35.2575],[-88.4475,35.2125],[-88.5825,35.2125],[-88.6275,35.2575],[-88.9425,35.3025],[-88.9875,35.2575],[-89.1675,35.2575],[-89.5275,35.0775],[-89.5275,35.0325],[-89.7075,34.8975],[-89.5725,34.8075],[-89.5725,34.4475],[-89.6175,34.4025],[-89.9325,34.4025],[-90.1125,34.4925],[-90.2475,34.4925],[-90.2925,34.4025],[-90.4725,34.3575],[-90.6525,34.2225],[-91.0125,34.2225],[-91.1025,34.1325],[-91.3725,34.1325],[-91.4625,33.9975],[-91.8225,33.9975],[-91.8225,33.7275],[-91.9575,33.6375],[-92.4525,33.6375],[-92.4975,33.5475],[-92.9925,33.5475],[-93.0375,33.5925],[-93.3525,33.5925],[-93.3975,33.6825],[-93.6225,33.7275],[-93.7575,33.6375],[-93.8925,33.6825],[-94.0725,33.5025],[-94.2525,33.4575],[-94.4325,33.3225],[-94.7925,33.3225],[-94.9275,33.2325],[-95.0625,33.0525],[-95.3325,33.0525],[-95.4225,33.1425],[-95.6925,33.1425],[-95.7375,33.2325],[-95.7825,33.2325],[-95.9175,33.1425],[-96.0975,33.1425],[-96.0975,33.0525],[-96.1425,33.0075],[-96.5025,33.0075],[-96.5475,33.0525],[-96.5475,33.4125],[-96.8625,33.4125],[-96.9975,33.5025],[-97.2225,33.5025],[-97.2675,33.5475],[-97.2675,33.6825],[-97.4475,33.6825],[-97.5375,33.9075],[-97.6725,33.9525],[-97.6725,33.4575],[-97.7625,33.4125],[-97.7625,33.3675],[-97.8975,33.2775],[-97.8975,33.1875],[-98.0325,33.0975],[-98.3025,33.0975],[-98.3475,33.1425],[-98.3475,33.2325],[-98.4375,33.3225],[-98.4375,33.6375],[-98.4825,33.6825],[-98.4825,33.8175],[-98.6625,33.9075],[-98.6625,33.7725],[-98.7075,33.7275],[-98.8875,33.7275],[-98.8875,33.5475],[-99.1575,33.3225],[-98.8875,33.2775],[-98.6625,33.1875],[-98.4825,33.0075],[-98.4825,32.9625],[-98.4375,33.0075],[-98.1675,33.0075],[-98.1225,32.9625],[-97.6725,32.9175],[-97.6275,32.8725],[-97.4025,32.8725],[-97.3575,32.9175],[-96.9975,32.9175],[-96.9525,32.8725],[-96.7725,32.8725],[-96.6825,32.9625],[-96.3675,32.9625],[-96.3225,32.9175],[-96.2325,32.9175],[-96.1875,32.8275],[-96.0975,32.8275],[-96.0525,32.7375],[-95.9625,32.6925],[-95.9625,32.4675],[-95.8725,32.4675],[-95.8275,32.4225],[-95.8275,32.3325],[-95.7375,32.3325],[-95.5575,32.1075],[-94.9275,32.0175],[-94.7925,31.8825],[-94.7925,31.7925],[-94.7475,31.7925],[-94.5225,31.5225],[-94.4325,31.5225],[-94.3875,31.4775],[-94.3425,31.5225],[-93.9375,31.5225],[-93.8475,31.4325],[-93.7575,31.4325],[-93.5775,31.3425],[-93.3975,31.3425],[-93.2175,31.4325],[-92.5875,31.3875],[-92.3625,31.2075],[-92.2275,31.2075],[-92.0475,31.3425],[-91.7775,31.3425],[-91.7325,31.2975],[-91.6425,31.2975],[-91.5525,31.2075],[-91.5525,30.9825],[-91.3275,30.8925],[-91.2375,30.8025],[-91.1475,30.8925],[-91.0575,30.8925],[-91.0575,31.0725],[-91.0125,31.1175],[-90.6975,31.1175],[-90.6075,30.9375],[-90.2475,30.9375],[-90.1125,31.0275],[-89.7525,31.0275],[-89.6625,30.9375],[-89.5275,31.0275],[-89.3925,31.0275],[-89.5275,31.2975],[-89.5725,31.9275],[-89.4825,32.0625],[-89.4825,32.1975],[-89.2575,32.5125],[-88.9425,32.7375],[-88.7175,32.7375],[-88.6725,32.6925],[-88.3125,32.9175],[-88.0875,32.9175],[-87.8175,33.0525],[-87.5025,33.0525],[-87.3225,33.1425],[-87.1875,33.1425],[-86.9625,33.0525],[-86.5575,33.2775],[-86.2875,33.2775],[-86.2425,33.3225],[-86.1525,33.3225],[-85.9725,33.4125],[-85.9725,33.4575],[-85.8375,33.5475],[-85.4325,33.5475],[-85.2075,33.6825],[-85.0275,33.6825],[-84.8475,33.8175],[-84.7125,33.8625]]]]}},{"type":"Feature","id":"Verraine","properties":{"id":"Verraine","tracedAreaKm2":739093},"geometry":{"type":"MultiPolygon","coordinates":[[[[-113.3775,18.9225],[-113.2875,18.8325],[-113.0175,18.6975],[-112.7925,18.8325],[-112.6575,18.7425],[-112.5225,18.8325],[-112.2975,18.8325],[-111.9825,18.9675],[-111.7125,19.2375],[-111.6675,19.2375],[-111.5325,19.4175],[-111.4425,19.4625],[-110.7675,19.2825],[-110.5425,19.4625],[-110.3175,19.5525],[-109.7775,20.1375],[-109.6875,20.1825],[-109.5075,20.1825],[-109.2825,20.0025],[-109.2825,19.8675],[-109.3725,19.7775],[-109.3725,19.5525],[-109.4625,19.4625],[-109.4175,19.2825],[-109.3275,19.1925],[-109.0575,19.0575],[-108.7425,19.0575],[-108.5175,18.9225],[-108.3825,18.7425],[-108.3825,18.4725],[-108.4275,18.4275],[-108.4275,18.3375],[-108.2925,18.2025],[-108.0675,18.2025],[-108.0225,18.1125],[-107.8425,17.9775],[-107.4375,17.9775],[-107.3475,17.8875],[-107.3025,17.9325],[-106.8975,17.9325],[-106.8075,17.8875],[-106.7625,17.7975],[-106.6275,17.7075],[-106.6275,17.6175],[-106.4475,17.5275],[-106.3125,17.3475],[-106.2225,17.3475],[-106.1775,17.2575],[-105.9975,17.2575],[-105.9525,17.3025],[-105.8175,17.3025],[-105.6375,17.6625],[-105.5925,17.9325],[-105.5025,17.9775],[-105.4125,18.1125],[-105.2775,18.1125],[-105.2325,18.2025],[-105.0075,18.2025],[-104.9625,18.2925],[-104.7825,18.3375],[-104.6925,18.4275],[-104.5125,18.4275],[-104.5125,18.5625],[-104.4675,18.6075],[-104.1975,18.6075],[-104.0625,18.5175],[-103.9725,18.5175],[-103.9725,18.6525],[-103.7925,18.7875],[-103.5225,18.7875],[-103.3875,18.9675],[-103.2525,18.9675],[-103.0725,19.1475],[-102.8025,19.1475],[-102.7125,19.2375],[-102.7125,19.3275],[-102.6675,19.3725],[-102.3525,19.3725],[-102.2625,19.4625],[-101.6775,19.4625],[-101.5875,19.5525],[-101.5875,19.7325],[-101.4525,19.8675],[-101.4525,19.9575],[-101.3175,20.0925],[-101.2275,20.0925],[-101.1375,20.2725],[-100.9125,20.3175],[-100.8225,20.4975],[-100.6875,20.4975],[-100.5075,20.6775],[-100.1925,20.7675],[-100.1025,20.8575],[-99.7875,20.8575],[-99.6075,20.7225],[-99.4275,20.7225],[-99.3825,20.6775],[-99.3825,20.7225],[-99.2475,20.8125],[-99.2025,20.9025],[-99.1125,20.9475],[-98.8425,20.9475],[-98.8425,20.9925],[-99.0675,21.1275],[-99.2475,21.0375],[-99.3825,21.0375],[-99.5625,21.1725],[-99.6975,21.2175],[-99.7425,21.2625],[-99.6975,21.4875],[-99.9675,21.6225],[-100.0125,21.7125],[-100.1925,21.8025],[-100.3275,21.9825],[-100.5075,22.0275],[-100.7775,21.8925],[-100.9575,21.9825],[-101.0025,22.0725],[-101.1375,22.1625],[-101.1825,22.2525],[-101.1375,22.6575],[-101.3625,22.8375],[-101.4975,23.0625],[-101.4975,23.1975],[-101.3175,23.2875],[-101.1825,23.4675],[-101.2275,24.0075],[-101.2725,24.0525],[-101.2725,24.3225],[-101.4075,24.4125],[-101.5425,24.3675],[-101.8575,24.0975],[-102.2625,24.0525],[-102.3075,24.0075],[-102.6225,23.9625],[-102.8025,23.8725],[-103.2075,23.8725],[-103.5225,24.0075],[-103.6575,24.0075],[-104.0175,24.3225],[-104.1525,24.3675],[-104.2425,24.3225],[-104.2875,24.1425],[-104.4225,24.0075],[-104.5575,23.6925],[-104.7375,23.5575],[-104.7825,23.6025],[-105.0075,23.6025],[-105.5025,23.8275],[-105.7725,23.6475],[-105.8625,23.4225],[-105.9525,23.3325],[-106.1775,23.2875],[-106.2225,23.3325],[-106.4475,23.3775],[-106.6275,23.6025],[-106.6725,23.7825],[-106.7625,23.8275],[-106.9425,23.8275],[-107.0775,23.7375],[-107.3025,23.7375],[-107.3925,23.7825],[-108.0675,24.4125],[-108.0675,24.7275],[-107.9325,24.8175],[-107.7975,24.9975],[-107.7975,25.0875],[-107.9775,25.2225],[-108.2025,25.2225],[-108.3375,25.3125],[-108.6525,25.1775],[-108.9225,24.9525],[-109.1475,25.0875],[-109.2825,25.0875],[-109.6875,24.9075],[-109.9575,24.7275],[-110.0475,24.7275],[-110.2275,24.6375],[-110.3625,24.6825],[-110.6775,24.9525],[-110.8575,25.0425],[-111.0375,24.9525],[-111.3075,24.9525],[-111.3525,24.9075],[-111.5775,24.9075],[-111.6225,24.8625],[-111.6225,24.6825],[-111.5325,24.5925],[-111.5325,24.4575],[-111.4425,24.4125],[-111.4425,24.1425],[-111.4875,24.0975],[-111.4875,23.9625],[-111.6675,23.8725],[-111.7575,23.6475],[-111.7575,23.4225],[-111.8475,23.3325],[-111.8475,23.0175],[-111.9825,22.8375],[-111.9825,22.4325],[-112.0275,22.3875],[-112.0275,22.1625],[-112.1175,21.9825],[-112.1175,21.7125],[-112.1625,21.6675],[-112.1625,21.5775],[-112.3425,21.3975],[-112.3425,21.1725],[-112.4775,21.0825],[-112.4775,20.9475],[-112.5675,20.8575],[-112.6575,20.8575],[-112.7475,20.7675],[-112.7925,20.6325],[-113.0625,20.3625],[-113.1525,20.3625],[-113.2875,20.2725],[-113.4225,20.2725],[-113.3775,20.2275],[-113.4225,20.1825],[-113.2425,20.0025],[-113.2425,19.5975],[-113.3775,19.4175],[-113.3775,18.9225]]]]}},{"type":"Feature","id":"Ralzawr","properties":{"id":"Ralzawr","tracedAreaKm2":1544874},"geometry":{"type":"MultiPolygon","coordinates":[[[[-81.3375,17.2125],[-81.1575,17.1225],[-81.0225,17.1225],[-80.9775,17.0775],[-80.7525,17.0325],[-80.7075,16.9875],[-80.3475,16.9875],[-79.9875,16.8075],[-79.8975,16.8075],[-79.6725,16.9875],[-79.2675,17.1675],[-78.7275,17.2125],[-78.5475,17.1225],[-78.4125,17.1225],[-78.2775,17.0325],[-78.2775,16.6275],[-77.8725,16.3575],[-77.9175,16.0875],[-77.8275,16.0425],[-77.7375,15.9075],[-77.4225,15.7725],[-77.3325,15.6825],[-77.2875,15.4575],[-76.8825,15.2325],[-76.7025,15.0525],[-76.7025,14.9625],[-77.0175,14.7375],[-77.1525,14.7375],[-77.2875,14.6475],[-77.4225,14.6475],[-77.4675,14.6925],[-77.5575,14.6475],[-77.5575,14.5125],[-77.5125,14.5125],[-77.3325,14.2875],[-77.3325,13.8825],[-77.2875,13.8375],[-77.2875,13.6575],[-77.9175,13.3425],[-77.9175,13.2525],[-77.8275,13.1175],[-77.3775,12.9375],[-77.2875,12.8475],[-77.2875,12.7575],[-77.5575,12.6225],[-77.8725,12.2625],[-78.0075,12.2175],[-78.1425,11.9925],[-78.2325,11.9475],[-78.4125,12.0375],[-78.6825,12.0375],[-78.7725,11.9925],[-78.8175,11.8575],[-79.1775,11.4975],[-79.2225,11.4975],[-79.3575,11.3175],[-79.3575,11.1375],[-79.1325,10.9575],[-79.1325,10.4175],[-79.3125,10.0125],[-79.4025,9.9225],[-79.4025,9.8325],[-79.3125,9.7875],[-78.9975,9.8325],[-78.5025,10.1475],[-78.0975,10.1475],[-77.9625,10.0575],[-77.9175,9.9225],[-77.7375,9.7425],[-77.5575,9.6525],[-77.4225,9.6525],[-77.2425,9.7425],[-77.0175,10.0125],[-77.0175,10.1025],[-76.8825,10.1925],[-76.7475,10.1925],[-76.6125,10.1025],[-76.2525,10.1025],[-76.1175,10.0125],[-75.7575,10.0125],[-75.7125,10.0575],[-75.5325,10.0575],[-75.4425,10.0125],[-75.3975,10.0575],[-75.3075,10.0575],[-75.1275,9.9225],[-75.0825,9.7875],[-74.9025,9.6525],[-74.7675,9.6525],[-74.4075,9.4725],[-74.2725,9.4725],[-73.9125,9.3375],[-73.4175,9.3375],[-73.3725,9.2925],[-73.1925,9.2925],[-73.0575,9.2025],[-72.9675,9.2025],[-72.6525,9.0675],[-72.4725,9.0675],[-72.2925,9.1575],[-72.2925,9.2925],[-72.1575,9.4275],[-71.8875,9.5625],[-71.6625,9.4275],[-71.5275,9.4275],[-71.3025,9.2925],[-71.1675,9.1575],[-71.1675,9.0675],[-71.0325,8.9775],[-70.6275,8.9325],[-70.4025,9.0225],[-70.1325,8.8425],[-69.9075,8.6175],[-69.7275,8.5275],[-69.4575,8.7075],[-69.2325,8.7075],[-68.8725,8.4825],[-68.3775,8.4825],[-68.1975,8.3475],[-68.0175,7.9875],[-67.7475,7.8525],[-67.6125,7.7175],[-67.4775,7.2225],[-67.3425,6.9525],[-67.0725,6.8175],[-66.7125,6.9975],[-66.5325,7.0425],[-66.4425,7.1775],[-66.3075,7.2225],[-66.1275,7.5825],[-66.1275,7.8975],[-66.4875,8.3925],[-66.4875,8.6175],[-66.1725,9.0675],[-66.0825,9.1125],[-65.7225,9.5175],[-65.5425,9.6075],[-65.0925,9.6525],[-65.0475,9.6975],[-64.5525,9.6975],[-64.4175,9.7875],[-63.7425,9.9225],[-63.3825,10.1025],[-63.2925,10.1925],[-63.1125,10.5525],[-63.1125,10.7325],[-63.3375,11.0025],[-63.3375,11.0925],[-63.4275,11.2275],[-63.4275,12.0375],[-62.8875,12.4875],[-62.6175,12.6225],[-62.3475,12.6675],[-62.1675,12.7575],[-61.9425,12.9825],[-61.8975,12.9825],[-61.8975,13.1625],[-61.9875,13.2075],[-61.9875,13.4325],[-62.3025,13.6575],[-62.4375,13.6125],[-62.4825,13.5225],[-62.7525,13.3875],[-63.0225,13.3875],[-63.3375,13.1625],[-63.5175,13.2075],[-63.5625,13.2525],[-63.5625,13.3875],[-63.7875,13.5675],[-63.7425,13.9725],[-63.8775,14.0175],[-63.9675,14.1075],[-64.0125,14.2425],[-64.3275,14.3325],[-64.5075,14.5125],[-64.5075,14.8725],[-64.6425,14.9625],[-65.0925,14.9625],[-65.3625,14.8275],[-65.4975,14.9175],[-65.5875,15.0975],[-65.9475,15.1875],[-65.9925,15.2325],[-65.9475,15.7275],[-66.3525,16.0425],[-66.3525,16.1325],[-66.8025,16.5825],[-67.0725,16.7625],[-67.2975,16.7625],[-67.3425,16.7175],[-67.6125,16.7175],[-67.7025,16.7625],[-67.8375,16.8975],[-67.8825,17.0325],[-68.0175,17.2125],[-68.1075,17.2575],[-68.4225,17.1225],[-68.7375,17.1225],[-68.9175,17.0325],[-68.9625,16.9425],[-68.9625,16.4025],[-68.9175,16.3575],[-68.9175,16.2675],[-68.7825,16.1325],[-68.7825,16.0425],[-68.8725,15.9525],[-69.0525,15.8625],[-69.3225,15.8625],[-69.3675,15.8175],[-69.5475,15.8175],[-69.6375,15.8625],[-69.8175,16.0875],[-69.8175,16.2675],[-69.8625,16.3125],[-69.8625,16.4475],[-69.9525,16.6725],[-70.2225,16.8525],[-70.4025,16.8525],[-70.5825,16.7625],[-70.9425,16.7625],[-71.0325,16.8075],[-71.1675,17.1675],[-71.1225,17.4375],[-71.2125,17.5725],[-71.1675,17.7975],[-71.2575,17.9775],[-71.3475,18.0225],[-71.4825,17.9325],[-71.6625,17.9325],[-71.7525,17.9775],[-71.8875,18.1125],[-71.9775,18.2925],[-72.2025,18.4725],[-72.2925,18.6075],[-72.2925,18.9225],[-72.2025,19.0575],[-72.2025,19.1475],[-72.2475,19.1925],[-72.2475,19.7775],[-72.3825,20.0925],[-72.6075,20.1825],[-72.9225,20.0025],[-73.1475,20.0475],[-73.4625,19.8675],[-73.8225,19.8675],[-73.9575,19.9575],[-74.0475,19.9575],[-74.2275,19.8675],[-74.4975,19.6425],[-74.7675,19.6425],[-75.0375,19.7775],[-75.3525,19.5525],[-75.5325,19.5525],[-75.9825,19.7775],[-76.1175,19.7775],[-76.2075,19.7325],[-76.2075,19.5525],[-76.3875,19.4175],[-76.7475,19.4175],[-76.8375,19.4625],[-77.0175,19.3725],[-77.0175,19.3275],[-77.1525,19.2375],[-77.8275,19.2375],[-78.1875,19.0575],[-78.4575,19.0125],[-78.8625,18.7875],[-78.9525,18.7875],[-79.1325,18.6975],[-79.2225,18.6075],[-79.2225,18.3825],[-79.0875,18.2475],[-79.0875,18.0675],[-79.4475,17.7075],[-79.5825,17.6625],[-79.8525,17.3925],[-79.9425,17.3475],[-79.9875,17.3925],[-80.0775,17.3475],[-80.3025,17.3475],[-80.3475,17.3025],[-80.7075,17.3025],[-80.9775,17.4375],[-81.3375,17.2125]]]]}},{"type":"Feature","id":"Helsium","properties":{"id":"Helsium","tracedAreaKm2":248731},"geometry":{"type":"MultiPolygon","coordinates":[[[[-64.6425,45.5175],[-64.5075,45.3825],[-64.1925,45.3375],[-64.1925,45.4275],[-64.3275,45.5175],[-64.6425,45.5175]]],[[[-64.4625,44.8875],[-64.7325,44.8875],[-64.8675,44.9775],[-64.9125,44.9325],[-65.3175,44.9325],[-65.4075,45.0675],[-65.4525,45.0225],[-66.0825,45.0225],[-66.1725,45.1125],[-66.8025,45.1125],[-66.8925,45.2025],[-66.9375,45.1575],[-67.4325,45.1575],[-67.5225,45.2925],[-67.7025,45.2925],[-67.7475,45.3375],[-67.7925,45.2925],[-68.6925,45.2925],[-68.8275,45.3825],[-68.9175,45.3825],[-69.0075,45.6075],[-69.0975,45.6525],[-69.3675,45.6525],[-69.5475,45.7875],[-69.6375,45.7875],[-69.7725,45.6975],[-69.9075,45.4725],[-70.1775,45.3375],[-70.2675,45.1125],[-70.2675,44.7075],[-70.3125,44.6625],[-70.3125,44.5725],[-70.1775,44.4825],[-70.1325,44.3025],[-70.0425,44.2125],[-70.0425,44.1225],[-70.2675,43.9875],[-70.3575,43.9875],[-70.5825,44.1225],[-70.6725,44.0775],[-70.6725,43.9425],[-70.5825,43.8075],[-70.5825,43.7175],[-70.7175,43.5825],[-70.8975,43.5375],[-71.2575,43.3575],[-71.2575,43.1775],[-71.0775,42.8175],[-71.0325,42.5925],[-70.8525,42.2775],[-70.8525,42.1425],[-70.7625,42.0975],[-70.7175,42.1425],[-70.5825,42.0975],[-70.4925,41.9175],[-70.4925,41.7825],[-70.5825,41.6925],[-70.8075,41.6025],[-70.8975,41.5125],[-70.8975,41.4225],[-71.1225,41.1975],[-71.1675,41.1975],[-71.2575,41.0625],[-71.2575,40.9725],[-71.3025,40.9275],[-71.3025,40.6125],[-71.1675,40.4325],[-71.1675,40.0725],[-70.8525,39.8025],[-70.8525,39.7125],[-70.9425,39.6225],[-70.8975,39.3525],[-71.2575,39.0375],[-71.5725,38.9025],[-71.5725,38.8575],[-71.4825,38.8125],[-71.3025,38.5875],[-71.3475,38.2725],[-71.0775,38.1375],[-70.9425,38.2275],[-70.5825,37.9125],[-70.5825,37.8225],[-70.6725,37.7325],[-70.6725,37.3275],[-70.4925,37.2825],[-70.1325,37.1025],[-69.9525,36.9225],[-69.9075,36.5175],[-69.7725,36.4725],[-69.6375,36.5625],[-69.4575,36.6075],[-69.4575,36.8325],[-69.4125,36.8775],[-69.0975,36.9675],[-68.6475,37.1925],[-68.6475,37.2825],[-68.7825,37.4175],[-68.9625,37.7325],[-68.9625,37.9125],[-68.8275,38.0925],[-68.6475,38.1825],[-68.5125,38.1825],[-68.3775,38.0925],[-68.3325,37.8675],[-68.1975,37.7775],[-68.0175,37.9125],[-67.9725,38.0925],[-67.8825,38.1375],[-67.5225,38.5425],[-67.2525,38.6325],[-67.2525,38.7675],[-67.7475,39.2175],[-68.0625,39.3525],[-68.4675,39.8475],[-68.4675,39.9375],[-68.6925,40.2975],[-68.6925,40.5675],[-68.8275,40.7925],[-68.8275,41.0175],[-68.9175,41.1075],[-68.9175,41.2425],[-68.6925,41.5125],[-68.6025,41.5575],[-68.5575,41.5125],[-68.4225,41.5125],[-68.1525,41.6475],[-67.9275,41.8275],[-67.6575,41.9175],[-67.5675,42.0525],[-67.2075,42.1425],[-66.8025,42.5025],[-66.4875,42.5475],[-66.4425,42.5925],[-66.2175,42.5925],[-66.1725,42.6375],[-65.9475,42.6825],[-65.9475,42.7275],[-65.8125,42.8175],[-65.8125,42.9075],[-65.7225,42.9975],[-65.5875,43.0425],[-65.4525,43.1325],[-65.3625,43.2675],[-65.0925,43.4025],[-64.5975,43.3575],[-64.4625,43.4475],[-64.3725,43.4475],[-64.2375,43.3575],[-64.1025,43.3575],[-64.0575,43.3125],[-63.9225,43.4025],[-63.9225,43.4925],[-64.1025,43.6275],[-64.1025,43.8075],[-64.1925,43.8075],[-64.2375,43.8525],[-64.2375,43.9875],[-64.3725,44.0775],[-64.4625,44.0325],[-64.8225,44.0325],[-65.0025,44.1225],[-65.0025,44.3925],[-64.9575,44.4375],[-64.5075,44.4375],[-64.4625,44.4825],[-64.4625,44.7075],[-64.4175,44.7525],[-64.4175,44.8425],[-64.4625,44.8875]],[[-69.7725,42.5475],[-69.7725,42.9075],[-69.6825,42.9525],[-69.6825,43.1775],[-69.5475,43.3575],[-69.5475,43.4475],[-69.5025,43.4925],[-69.5025,43.8975],[-69.4575,43.9425],[-69.3225,43.9425],[-69.2325,44.0325],[-69.2325,44.1225],[-69.1425,44.3025],[-68.8275,44.3475],[-68.7825,44.3925],[-68.9625,44.5725],[-68.9625,44.8425],[-68.9175,44.8875],[-68.3775,44.8875],[-68.1525,44.7525],[-68.1525,44.5725],[-68.0625,44.5275],[-67.9275,44.3475],[-67.8375,44.3475],[-67.8375,44.5725],[-67.7925,44.6175],[-67.5225,44.6175],[-67.4775,44.5725],[-67.2525,44.5725],[-67.2075,44.5275],[-67.1175,44.5725],[-66.5325,44.5725],[-66.4425,44.4825],[-66.3525,44.5275],[-66.0825,44.5275],[-66.0375,44.4375],[-65.5875,44.3925],[-65.5425,44.3025],[-65.4975,44.3475],[-65.1825,44.3475],[-65.1375,44.3025],[-65.1375,44.0325],[-65.1825,43.9875],[-65.4075,43.9425],[-65.4525,43.8975],[-65.8125,43.8975],[-65.8125,43.8525],[-65.9475,43.7625],[-66.6225,43.5825],[-66.8025,43.4475],[-67.2075,43.4475],[-67.3425,43.5375],[-67.3425,43.7175],[-67.4775,43.7175],[-67.6125,43.8075],[-67.7025,43.8075],[-67.7925,43.5825],[-67.9725,43.4475],[-67.9725,42.9075],[-68.0625,42.8175],[-68.7825,42.7725],[-68.9625,42.6375],[-69.2325,42.6375],[-69.3675,42.5025],[-69.7275,42.5025],[-69.7725,42.5475]]],[[[-66.8925,46.6875],[-66.8475,46.5075],[-66.6225,46.3275],[-66.6225,46.5525],[-66.8025,46.6875],[-66.8925,46.6875]]]]}},{"type":"Feature","id":"Sahra","properties":{"id":"Sahra","tracedAreaKm2":797550},"geometry":{"type":"MultiPolygon","coordinates":[[[[-68.1525,25.9425],[-68.1975,25.4925],[-68.1075,25.3125],[-67.9725,25.1775],[-67.9725,25.0425],[-67.6125,24.7275],[-67.6125,24.6375],[-67.7025,24.5475],[-67.7025,24.3675],[-67.7475,24.3225],[-67.7025,24.0975],[-67.8375,23.9175],[-67.8375,23.8275],[-68.0625,23.6025],[-68.0625,23.4675],[-68.3325,23.2875],[-68.3775,23.1975],[-68.3775,23.0175],[-68.6025,22.8825],[-68.1525,22.6125],[-68.1075,22.5225],[-67.8825,22.3425],[-67.6125,22.2075],[-67.5225,22.2525],[-67.3875,22.1625],[-67.3875,22.0725],[-67.3425,22.0275],[-67.3425,21.7575],[-66.9825,21.4425],[-66.9825,21.2175],[-66.5325,20.9475],[-66.5325,20.8125],[-66.3525,20.5875],[-66.3525,20.4975],[-66.4425,20.3625],[-66.4425,20.2275],[-66.1725,20.1375],[-65.7675,19.7325],[-65.8125,18.7425],[-65.7675,18.6975],[-65.7675,18.4725],[-65.7225,18.4275],[-65.6775,17.9775],[-66.06,17.19],[-66.4425,16.4025],[-66.4425,16.2225],[-66.3075,16.0425],[-66.0375,15.8625],[-65.9475,15.7275],[-65.9925,15.2775],[-65.9025,15.1875],[-65.5875,15.0975],[-65.4975,14.9625],[-65.3175,14.8725],[-65.0475,15.0525],[-65.0925,15.3675],[-65.0025,15.4575],[-64.7325,15.5925],[-64.5525,15.5925],[-64.5075,15.5475],[-64.3725,15.6375],[-64.2825,15.8175],[-64.1025,15.9075],[-63.8775,15.9075],[-63.8325,15.8625],[-63.6975,15.9075],[-63.5625,16.0425],[-63.1575,16.2225],[-63.1575,16.2675],[-62.9775,16.4025],[-62.8875,16.6275],[-62.7525,16.7175],[-62.5275,16.5825],[-62.4375,16.6275],[-62.2125,16.6275],[-61.9425,16.4925],[-61.6725,16.6725],[-61.4025,16.5375],[-61.0425,16.7625],[-60.8175,16.7625],[-60.5475,16.5825],[-60.2775,16.5375],[-60.0525,16.4475],[-60.0075,16.4025],[-60.0075,16.2675],[-59.7375,16.1325],[-59.5125,16.0875],[-59.3775,15.9525],[-59.3325,15.6825],[-59.1975,15.6825],[-58.9275,15.5025],[-58.8825,15.4125],[-58.5675,15.5025],[-58.4325,15.6375],[-58.4325,15.8625],[-58.3425,15.9075],[-58.3425,16.2675],[-58.2075,16.3575],[-57.8475,16.3575],[-57.7125,16.2675],[-57.7125,16.1775],[-57.6675,16.1325],[-57.4425,16.1775],[-57.3525,16.1325],[-57.3075,16.0425],[-57.0825,16.0425],[-57.0825,16.0875],[-56.9025,16.2675],[-56.6775,16.3575],[-56.8575,16.4475],[-56.9925,16.4475],[-57.1725,16.5825],[-57.1275,16.8525],[-57.2625,16.8975],[-57.4425,17.0775],[-57.4425,17.2125],[-57.6225,17.4825],[-57.6225,17.7525],[-57.4875,17.8875],[-57.4875,17.9775],[-57.3525,18.0675],[-57.1725,18.1125],[-57.0825,18.2475],[-56.6775,18.6075],[-56.9475,18.7875],[-56.9475,18.9675],[-56.8125,19.1475],[-56.8125,19.3725],[-56.7225,19.4175],[-56.6775,19.5075],[-56.8125,19.5525],[-56.9475,19.6875],[-56.9475,19.7775],[-57.1725,19.9125],[-57.2625,20.0925],[-57.2625,20.2725],[-57.3075,20.3625],[-57.5325,20.3625],[-57.5775,20.4075],[-57.5775,20.6775],[-57.5325,20.7225],[-57.3975,20.7225],[-57.3075,20.8125],[-57.3075,20.9025],[-57.5325,20.9475],[-57.5775,21.0375],[-57.6225,21.0375],[-57.7575,21.2175],[-57.8925,21.3075],[-58.0725,21.3075],[-58.0725,21.2175],[-58.1175,21.1725],[-58.3875,21.1725],[-58.5225,21.3075],[-58.6575,21.3075],[-58.7025,21.3525],[-58.9275,21.3975],[-58.9725,21.4875],[-59.0625,21.5325],[-59.2875,21.3525],[-59.6475,21.3525],[-59.7375,21.4875],[-59.8275,21.4875],[-59.9175,21.5775],[-60.0075,21.5775],[-60.1875,21.6675],[-60.7725,21.6675],[-60.8625,21.7575],[-60.9525,21.7575],[-60.9975,21.8025],[-61.3575,21.8025],[-61.4025,21.8475],[-61.4025,21.9375],[-61.4925,21.9825],[-61.4925,22.3425],[-61.5825,22.4325],[-61.8075,22.4325],[-61.8975,22.5225],[-62.3475,22.5225],[-62.3925,22.6125],[-62.4375,22.6125],[-62.5275,22.7475],[-62.6175,22.7925],[-62.6625,22.9275],[-62.7525,22.8825],[-63.1125,22.8825],[-63.1575,22.9275],[-63.1575,23.1075],[-63.3375,23.2425],[-63.5175,23.2425],[-63.6525,23.3325],[-63.7875,23.3325],[-63.9225,23.4675],[-64.1475,23.4675],[-64.2375,23.5575],[-64.2825,23.7375],[-64.3275,23.7375],[-64.3725,23.8275],[-64.5075,23.9175],[-64.5075,24.2775],[-64.5975,24.3675],[-64.8225,24.3675],[-65.0925,24.5475],[-65.0925,24.8175],[-65.0025,24.9075],[-65.0025,25.2225],[-64.9575,25.2675],[-64.8675,25.2675],[-64.7775,25.3575],[-64.7775,25.4475],[-64.6875,25.5375],[-64.6875,25.7175],[-64.9575,25.7175],[-65.2725,25.9425],[-65.4525,25.9425],[-65.8125,26.2125],[-65.9025,26.1675],[-65.9025,26.0775],[-66.0375,25.9875],[-66.2625,26.1225],[-66.5325,26.0775],[-66.8025,26.2125],[-66.9825,26.3925],[-67.2525,26.5275],[-67.3425,26.4825],[-67.3425,26.3475],[-67.5225,26.1675],[-67.6125,26.1225],[-67.7025,26.1225],[-67.7475,26.1675],[-67.7925,26.1225],[-67.8825,26.1225],[-68.1525,25.9425]],[[-62.0775,20.4975],[-61.8975,20.5875],[-61.7625,20.4975],[-61.7625,20.4075],[-61.9425,20.3175],[-62.0775,20.4075],[-62.0775,20.4975]]]]}},{"type":"Feature","id":"Lenelia","properties":{"id":"Lenelia","tracedAreaKm2":668653},"geometry":{"type":"MultiPolygon","coordinates":[[[[107.9325,26.8875],[107.7975,26.8875],[107.6175,26.7975],[107.2125,26.4825],[106.8525,26.4825],[106.6725,26.6175],[106.4925,26.6625],[105.8625,26.3025],[105.5475,26.3025],[105.5025,26.3475],[105.1425,26.1225],[104.8275,26.2575],[104.6925,26.1675],[104.6925,26.0775],[104.4675,25.9425],[104.4675,25.8075],[104.3325,25.7175],[104.1525,25.7175],[104.0175,25.6275],[103.7025,25.6275],[103.4775,25.7625],[103.2975,25.6725],[103.0725,25.6725],[102.8025,25.8525],[102.5775,25.7625],[102.6225,25.4475],[102.3975,25.1325],[102.3525,24.8625],[102.2625,24.6825],[102.2625,24.4575],[102.1725,24.3675],[102.1725,24.2325],[102.0825,24.1425],[102.0375,23.9625],[101.9025,23.8725],[101.9475,23.5125],[101.8575,23.4675],[101.8575,23.2875],[101.8125,23.1975],[101.6775,23.1075],[101.6775,23.0625],[101.8575,22.9725],[101.9925,22.7925],[102.2175,22.6125],[102.5325,22.5675],[102.8025,22.7025],[103.1175,22.5225],[103.3875,22.5225],[103.6575,22.3425],[103.6575,22.1175],[103.8375,21.9375],[103.8375,21.8475],[103.7025,21.7575],[103.2975,21.6675],[103.1625,21.4875],[103.1625,21.3525],[103.2525,21.1725],[103.3425,21.1275],[103.4325,21.1275],[103.4775,21.1725],[103.5675,21.1275],[103.8375,20.8575],[104.0625,20.7675],[104.1975,20.5875],[104.1975,20.3625],[104.3775,20.2275],[104.3775,20.0025],[104.1075,19.8225],[104.1075,19.7325],[104.1525,19.6875],[104.1525,19.4175],[104.2875,19.3725],[104.3775,19.2825],[104.3775,19.1475],[104.7375,18.7425],[104.9625,18.6525],[105.1425,18.5175],[105.5025,18.1575],[105.5925,18.1125],[106.1325,18.1125],[106.2225,18.0225],[106.2225,17.9325],[106.4475,17.7525],[106.4475,17.4825],[106.4025,17.4375],[106.4025,17.3475],[106.4925,17.2575],[106.5375,16.7625],[106.6275,16.6725],[106.7625,16.6725],[106.8075,16.5825],[107.0325,16.5825],[107.0775,16.5375],[107.1225,16.5825],[107.2575,16.5825],[107.3925,16.7625],[107.5275,16.8075],[107.6625,16.9425],[107.8425,16.9875],[107.8425,17.0775],[107.9325,17.1675],[108.0675,17.1675],[108.1125,17.3925],[108.2925,17.4825],[108.2475,17.5275],[108.2475,17.8425],[108.1575,17.9325],[108.1575,18.2025],[108.0225,18.3375],[108.0225,18.6525],[107.8425,18.9225],[107.8425,19.2825],[107.8875,19.3275],[108.1125,19.3275],[108.1575,19.3725],[108.1575,19.4625],[108.3375,19.5975],[108.3375,19.7325],[108.4275,19.7775],[108.4275,19.8225],[108.3375,19.9575],[108.2475,19.9575],[108.2025,20.0025],[108.2025,20.1375],[108.0225,20.2275],[107.9325,20.3175],[107.9325,20.4075],[107.7975,20.4975],[107.7975,20.8575],[107.8875,20.9925],[108.1575,20.9925],[108.2025,20.9475],[108.2025,20.8125],[108.2475,20.7675],[108.3825,20.7675],[108.4275,20.6775],[108.6075,20.5425],[108.6525,20.2725],[108.7425,20.2725],[108.8775,20.1825],[108.8775,19.9575],[108.9225,19.9125],[108.9675,19.9125],[109.1925,19.6875],[109.4175,19.6425],[109.5075,19.4175],[109.5975,19.3275],[109.6425,19.3725],[109.9125,19.3725],[109.9125,19.4625],[110.0475,19.6425],[109.9575,19.7775],[109.9575,20.0475],[110.0475,20.1375],[110.0475,20.3175],[110.0925,20.4075],[110.0475,20.4525],[110.0475,20.5425],[109.8675,20.7225],[109.6875,20.8125],[109.5075,20.8125],[109.4175,20.9475],[109.4175,21.2175],[109.5075,21.3525],[109.5975,21.3525],[109.6875,21.4425],[110.1375,21.4425],[110.3625,21.2625],[110.4975,21.4425],[110.8575,21.4875],[110.9925,21.6225],[111.1725,21.6225],[111.3525,21.7125],[111.5325,21.7125],[111.5775,21.8025],[111.8025,21.8025],[111.8025,22.0275],[111.9825,22.1625],[111.9825,22.2975],[111.7575,22.4325],[111.7575,22.7025],[111.6675,22.7925],[111.4875,22.8375],[111.3525,22.7475],[111.2175,22.7475],[111.0375,22.8825],[111.0375,23.0175],[111.0825,23.0625],[111.0825,23.1975],[111.1725,23.3325],[111.1725,23.4675],[111.1275,23.5125],[111.1275,23.7375],[111.0375,23.8275],[111.0825,24.1425],[110.9925,24.2325],[110.9475,24.4575],[110.8125,24.6375],[110.7225,25.0875],[110.6775,25.1325],[110.6775,25.3125],[110.7675,25.4025],[110.7225,25.6275],[110.4525,25.7625],[110.3625,25.8525],[110.1375,25.8975],[109.9575,25.9875],[109.8225,26.1225],[109.6425,26.1675],[109.5075,26.2575],[109.4175,26.2575],[109.3725,26.2125],[109.2375,26.2125],[109.1925,26.2575],[109.1025,26.2125],[108.7425,26.2125],[108.5625,26.3025],[108.4725,26.2575],[108.2475,26.2575],[108.1125,26.3475],[108.1125,26.4825],[108.2025,26.5725],[108.2025,26.7525],[107.9325,26.8875]]]]}},{"type":"Feature","id":"Ahrana","properties":{"id":"Ahrana","tracedAreaKm2":558076},"geometry":{"type":"MultiPolygon","coordinates":[[[[-45.4725,60.8625],[-45.4725,60.8175],[-45.3825,60.7725],[-45.3825,59.9625],[-45.4725,59.9175],[-45.4725,59.6025],[-45.3375,59.5125],[-44.7975,59.4675],[-44.7525,59.3775],[-44.5275,59.1975],[-44.2575,59.1975],[-44.1225,59.0175],[-43.9425,58.9725],[-43.8075,58.8375],[-43.5375,58.8375],[-43.4475,58.7475],[-43.3575,58.8375],[-43.0875,58.8375],[-42.9975,58.7475],[-42.9975,58.5675],[-42.9075,58.5675],[-42.8175,58.4775],[-42.7725,58.1625],[-42.6825,57.9825],[-42.6825,57.7125],[-42.5025,57.6225],[-42.4125,57.4875],[-42.2775,57.4875],[-42.2325,57.3975],[-42.0075,57.2175],[-41.7825,57.2175],[-41.7375,57.1725],[-41.7375,57.0375],[-41.6475,56.9025],[-41.5575,56.9925],[-41.3775,56.9925],[-41.3775,57.0825],[-41.3325,57.1275],[-40.5225,57.1275],[-40.4325,56.9475],[-40.2975,56.8125],[-40.2075,56.8125],[-40.1625,56.7675],[-40.0275,56.8575],[-39.7125,56.8575],[-39.6675,56.8125],[-39.5775,56.9025],[-39.4425,56.9025],[-39.3975,56.9925],[-39.1275,56.9925],[-38.9475,56.8575],[-38.9475,56.4975],[-38.9925,56.4525],[-39.5325,56.4525],[-39.5775,56.4975],[-39.6225,56.4525],[-40.0275,56.4525],[-40.0725,56.4075],[-40.3425,56.3625],[-40.5675,56.0925],[-40.6575,56.0925],[-40.8375,55.9575],[-40.8375,55.7775],[-40.8825,55.7325],[-41.0175,55.7325],[-41.1975,55.6425],[-41.1975,54.9675],[-41.2425,54.9225],[-41.4225,54.9225],[-41.4225,54.8325],[-41.0625,54.7425],[-40.6575,54.4275],[-40.0725,54.4275],[-39.7575,54.2475],[-39.4875,54.3825],[-39.3975,54.4725],[-39.1725,54.5175],[-39.1275,54.5625],[-38.6325,54.5625],[-38.5875,54.6075],[-38.3175,54.6075],[-38.0925,54.4725],[-37.8675,54.5625],[-37.6875,54.5175],[-37.4625,54.2925],[-37.4625,54.2025],[-37.5525,54.0225],[-37.5525,53.8425],[-37.4625,53.7975],[-37.0125,53.7975],[-36.7425,53.6175],[-36.5175,53.3025],[-36.5175,53.1675],[-36.5625,53.1225],[-36.5625,52.9425],[-36.5175,52.8525],[-36.4725,52.8525],[-36.2925,52.6275],[-36.0225,52.4925],[-35.9325,52.3575],[-35.9325,52.0425],[-35.7975,51.9525],[-35.6175,51.9525],[-35.5725,51.9975],[-35.3925,51.9975],[-35.3475,52.0425],[-35.1225,52.0425],[-35.0775,52.0875],[-34.8975,52.0875],[-34.8525,52.1325],[-34.6725,52.1325],[-34.6275,52.1775],[-34.3125,52.1775],[-33.8175,51.7725],[-33.7275,51.7275],[-33.6825,51.8175],[-33.3675,51.8175],[-33.2775,51.7275],[-33.2775,51.5925],[-33.1425,51.5925],[-33.0975,51.5475],[-32.7825,51.5475],[-32.6025,51.6825],[-31.9275,51.6375],[-31.7925,51.7725],[-31.7475,51.9975],[-31.6125,52.1325],[-31.6125,52.2225],[-31.4775,52.3125],[-31.4775,52.4025],[-31.4325,52.4475],[-31.5675,52.6725],[-31.6575,52.6725],[-31.7025,52.7175],[-31.9275,52.7175],[-32.0175,52.8975],[-32.1075,52.8975],[-32.1525,52.9425],[-32.1975,53.1225],[-32.6025,53.1225],[-32.6925,52.9425],[-33.2775,52.9875],[-33.3225,53.0325],[-33.3225,53.2575],[-33.4125,53.3475],[-33.4125,53.4375],[-33.4575,53.4825],[-33.4575,53.7525],[-33.5025,53.7975],[-33.5025,54.1125],[-33.3675,54.2475],[-33.3675,54.3375],[-33.3225,54.3825],[-33.3225,54.6075],[-33.2775,54.6525],[-32.9625,54.7425],[-32.9175,54.8325],[-32.7375,54.9675],[-32.6025,54.9675],[-32.4675,54.8775],[-32.1975,55.1025],[-31.9725,55.1025],[-31.8375,55.1925],[-31.8375,55.3275],[-31.9275,55.5075],[-32.3775,56.0025],[-32.3775,56.4075],[-32.4225,56.4525],[-32.4225,56.5425],[-32.6025,56.6325],[-32.8275,56.6775],[-33.0075,56.8575],[-33.0075,56.9925],[-33.0975,57.0825],[-33.0975,57.2175],[-32.9625,57.3525],[-32.8275,57.3975],[-32.7825,57.5775],[-32.6925,57.6225],[-32.6925,57.7575],[-32.9625,57.8925],[-33.2775,57.8925],[-33.6375,58.0725],[-33.8625,58.3875],[-34.1325,58.5675],[-34.4025,58.3425],[-34.5825,58.2525],[-34.6725,58.2525],[-34.7625,58.2975],[-34.9875,58.5675],[-35.3025,58.7475],[-35.3025,59.1075],[-35.1675,59.3775],[-35.1675,59.6475],[-35.2125,59.7375],[-35.4375,59.8275],[-35.5275,59.9175],[-35.5725,60.1425],[-35.4825,60.2325],[-35.4825,60.3225],[-35.4375,60.3675],[-35.4375,60.7275],[-35.2575,60.9525],[-35.1225,60.9975],[-35.1225,61.1325],[-35.0325,61.2675],[-35.0325,61.4025],[-35.0775,61.4475],[-35.0775,61.6275],[-35.1225,61.6275],[-35.3475,61.8975],[-35.3925,62.3475],[-35.7075,62.5275],[-36.0675,62.5275],[-36.2025,62.4375],[-36.4725,62.4375],[-36.7425,62.2575],[-36.8775,62.2575],[-37.2375,62.4375],[-37.4175,62.4825],[-37.7325,62.8875],[-37.7325,63.2925],[-37.9125,63.5175],[-38.1825,63.6525],[-38.2275,63.8325],[-38.4075,63.9675],[-38.4975,64.1475],[-38.8575,64.2375],[-38.9025,64.2825],[-38.9025,64.5075],[-38.9925,64.5525],[-39.2625,64.5075],[-39.4875,64.6425],[-39.6675,64.6425],[-39.8475,64.7325],[-39.9375,64.8675],[-40.0275,64.9125],[-40.0275,64.8225],[-40.1175,64.7325],[-40.1175,64.6425],[-40.1625,64.5975],[-40.68,64.6425],[-41.1975,64.6875],[-41.1975,64.5975],[-41.2875,64.5075],[-41.5575,64.5075],[-41.6475,64.4175],[-41.8275,64.4175],[-41.9175,64.2825],[-42.0975,64.2825],[-42.1875,64.2375],[-42.2775,64.1025],[-42.3225,64.1025],[-42.2775,64.0575],[-42.2775,63.8775],[-42.2325,63.7875],[-42.0075,63.6075],[-42.0075,63.4725],[-41.8725,63.2925],[-41.8725,63.2025],[-41.8275,63.1575],[-41.8275,62.8425],[-41.4225,62.3925],[-41.3325,62.0775],[-41.1975,61.9875],[-40.9725,61.9875],[-40.8375,62.0775],[-40.6575,61.9875],[-40.6575,61.7175],[-40.5675,61.6275],[-40.5675,61.4475],[-40.4775,61.3575],[-40.4775,61.2225],[-40.5225,61.1775],[-40.6575,61.1325],[-40.7925,61.2225],[-41.0175,61.2225],[-41.1525,61.1325],[-41.5125,61.0875],[-41.6925,60.9975],[-42.3225,60.9975],[-42.6825,60.8625],[-43.4025,60.8625],[-43.4475,60.9075],[-43.7175,60.9075],[-43.8525,60.9975],[-44.0775,60.9975],[-44.2575,60.8625],[-44.3925,60.8175],[-44.5725,60.9525],[-44.7975,61.0425],[-45.0675,60.9075],[-45.3375,60.9525],[-45.4725,60.8625]]]]}},{"type":"Feature","id":"Marchyydion","properties":{"id":"Marchyydion","tracedAreaKm2":761519},"geometry":{"type":"MultiPolygon","coordinates":[[[[-0.2925,70.3125],[-0.5625,70.5375],[-0.7425,70.5375],[-0.7875,70.4925],[-0.9675,70.4925],[-1.0125,70.4475],[-1.3275,70.4475],[-1.3725,70.4925],[-1.7325,70.5375],[-2.0475,70.6725],[-2.5875,71.0325],[-3.0375,70.8075],[-3.3525,70.8075],[-3.8475,71.0775],[-4.0725,71.0775],[-4.1175,71.0325],[-4.5225,70.9875],[-4.8375,70.7625],[-5.5575,70.7625],[-5.6025,70.8075],[-5.8275,70.8075],[-6.0075,70.7175],[-6.3225,70.7175],[-6.5925,70.9425],[-6.7725,71.0325],[-6.8625,71.0325],[-6.9975,70.9425],[-7.4025,70.9425],[-7.6275,71.0325],[-8.0325,71.3025],[-8.2575,71.3025],[-8.4825,71.2125],[-8.7975,71.2125],[-8.9775,71.3025],[-9.2025,71.5275],[-9.3375,71.7525],[-9.5625,71.8875],[-9.9675,71.8875],[-10.4175,72.2025],[-10.7775,72.6975],[-10.9575,72.7425],[-11.0925,72.8325],[-11.2725,72.8325],[-11.4075,72.7425],[-11.5875,72.7425],[-12.2625,72.4275],[-12.6675,72.3825],[-13.1625,72.2025],[-13.2075,72.1575],[-13.2075,71.8425],[-12.9825,71.6175],[-12.8925,71.4375],[-12.8925,71.1225],[-12.7125,70.6275],[-12.7125,70.3125],[-12.7575,70.2225],[-12.9375,70.0425],[-13.4775,69.7725],[-13.6125,69.6375],[-13.8825,69.5025],[-14.1525,69.4575],[-14.5125,69.2775],[-14.7825,69.0525],[-15.3225,68.7825],[-15.4125,68.6025],[-15.7275,68.2875],[-15.9525,68.1975],[-15.9525,68.0175],[-15.9975,67.9725],[-15.9975,67.7925],[-16.0425,67.7475],[-16.0425,67.5225],[-16.0875,67.4775],[-16.0875,67.2975],[-16.1325,67.2525],[-16.1325,67.0725],[-16.1775,67.0275],[-16.3125,66.9825],[-16.9425,66.5325],[-17.4825,66.3075],[-17.4825,66.2175],[-17.9325,65.9025],[-18.1575,65.5875],[-18.5625,65.3625],[-18.5625,65.2275],[-18.7875,64.9575],[-18.9225,64.9125],[-19.0125,64.8225],[-19.1025,64.6425],[-19.1925,64.5975],[-19.5975,64.5975],[-19.6875,64.5525],[-19.8225,64.3725],[-19.8675,64.3725],[-19.9125,64.1925],[-19.6425,63.9675],[-19.6875,63.5625],[-19.4625,63.4725],[-19.3725,63.3825],[-19.3725,62.9775],[-19.2375,62.8875],[-19.2375,62.4375],[-19.1925,62.3925],[-19.1925,62.1225],[-19.1475,62.0775],[-19.1475,61.9875],[-19.3275,61.8525],[-19.3725,61.6275],[-19.1025,61.4025],[-19.1025,61.1775],[-19.3725,60.9075],[-19.3725,60.7275],[-19.2375,60.7275],[-19.1475,60.5475],[-19.0125,60.5475],[-18.9675,60.5025],[-18.8325,60.6375],[-18.4275,60.6375],[-18.3375,60.5025],[-18.2025,60.4575],[-18.0225,60.2775],[-17.8425,60.2775],[-17.7075,60.1425],[-17.5275,60.1425],[-17.3475,59.9625],[-17.2575,59.9625],[-17.0775,59.8275],[-17.0775,59.6475],[-16.9875,59.5575],[-16.9875,59.2425],[-16.8075,59.1975],[-16.7175,59.0175],[-16.7175,58.7025],[-16.7625,58.6575],[-17.0325,58.6125],[-17.0325,58.4775],[-17.2125,58.3425],[-17.3025,58.3425],[-17.3025,58.2975],[-17.1675,58.2075],[-17.0775,57.9825],[-16.9425,57.8475],[-16.7175,57.8025],[-16.5825,57.7125],[-16.5825,57.3975],[-16.4925,57.2625],[-16.4925,57.1725],[-16.4025,57.1275],[-16.3575,57.1725],[-15.9975,57.1725],[-15.9075,57.2175],[-15.5925,57.5775],[-15.5925,57.6675],[-15.4575,57.9375],[-15.3225,58.0725],[-15.1875,58.1175],[-14.9625,58.2975],[-14.8725,58.2975],[-14.8275,58.3425],[-14.6025,58.3425],[-14.5575,58.3875],[-14.0175,58.3875],[-13.7925,58.4775],[-13.5675,58.4775],[-13.5225,58.5225],[-13.2975,58.5675],[-13.0725,58.7025],[-12.8025,58.7475],[-12.5325,58.8825],[-12.3075,59.0625],[-12.1275,59.3325],[-11.6325,59.6925],[-11.4075,59.7825],[-11.1375,59.9625],[-11.0925,60.0525],[-10.7775,60.3225],[-10.6875,60.5025],[-10.6875,60.5925],[-10.5525,60.7275],[-10.5075,60.9075],[-10.3275,61.2675],[-9.8325,61.7625],[-9.7875,61.8525],[-9.2475,62.1675],[-8.5725,62.2575],[-8.01,62.5725],[-7.4475,62.8875],[-7.3575,62.8875],[-7.0425,63.0675],[-6.9525,63.0675],[-6.8175,63.1575],[-6.5025,63.2475],[-6.4125,63.3375],[-5.9175,63.5625],[-5.8725,63.6525],[-5.5125,63.8325],[-5.4225,63.8325],[-5.2875,63.9225],[-5.0175,63.9225],[-4.9275,63.9675],[-4.9725,64.2375],[-5.1975,64.4625],[-5.2875,64.5075],[-5.3775,64.5075],[-5.4225,64.4625],[-5.5575,64.5075],[-5.6925,64.7325],[-5.6925,64.8675],[-5.8725,65.0475],[-6.0975,65.1375],[-6.1425,65.1825],[-6.1425,65.2725],[-6.2775,65.4525],[-6.4575,65.4975],[-6.6375,65.6325],[-6.6375,65.7225],[-6.7725,65.9025],[-6.7725,66.2175],[-6.8625,66.3075],[-6.8625,66.7125],[-6.6375,66.9825],[-5.9175,67.3425],[-5.6925,67.3425],[-5.6475,67.2975],[-5.6025,67.3425],[-5.2875,67.3875],[-5.1975,67.4325],[-5.1525,67.5225],[-4.8375,67.6575],[-4.7475,67.7475],[-4.5225,67.8375],[-4.2525,68.0175],[-3.9375,67.9725],[-3.4875,67.6125],[-3.1725,67.4775],[-2.7225,67.0725],[-2.6325,66.8925],[-2.3175,66.8025],[-2.2725,66.7125],[-2.0925,66.5775],[-2.0475,66.3525],[-1.9575,66.3075],[-1.8225,66.3525],[-1.7325,66.5775],[-1.5525,66.8475],[-1.3725,66.9825],[-1.0575,66.9825],[-0.3375,66.5325],[-0.1125,66.5325],[0.2025,66.7125],[0.3825,66.9375],[0.7875,67.1175],[1.0125,67.2975],[1.1475,67.3425],[1.1475,67.5225],[1.1025,67.5225],[0.8775,67.7925],[0.6975,67.8825],[0.5175,67.8825],[0.2025,68.0625],[-0.0675,68.3775],[-0.1575,68.7375],[-0.2925,68.9625],[-0.2925,69.4125],[-0.1575,69.5475],[-0.1575,69.6375],[-0.1125,69.6825],[-0.1125,69.8625],[-0.2925,70.2225],[-0.2925,70.3125]]]]}},{"type":"Feature","id":"Pentium","properties":{"id":"Pentium","tracedAreaKm2":398804},"geometry":{"type":"MultiPolygon","coordinates":[[[[-5.6925,44.7075],[-5.9175,44.6175],[-6.0975,44.4825],[-6.0975,44.3475],[-6.0525,44.3475],[-5.9175,44.1675],[-5.6475,44.0325],[-5.6025,44.3925],[-5.4675,44.5725],[-5.5575,44.6625],[-5.6925,44.7075]]],[[[34.8975,63.5625],[34.9875,63.4275],[34.9875,63.3375],[35.0775,63.2475],[35.1225,63.2925],[35.4375,63.2925],[35.4825,63.3375],[35.3925,63.5175],[35.2125,63.5175],[35.1675,63.5625],[34.9875,63.5625],[34.9425,63.6075],[34.8975,63.5625]]],[[[33.5025,54.6075],[33.5025,55.2375],[33.5475,55.2825],[33.5475,55.4625],[33.6375,55.5525],[33.6375,55.9125],[33.7275,56.0025],[33.8175,56.0025],[33.9975,56.1825],[33.9525,56.2275],[33.9525,56.5425],[34.0425,56.5875],[34.0425,56.6775],[33.8625,56.7675],[33.8625,57.0375],[33.9525,57.1275],[33.9525,57.6675],[33.9975,57.7125],[33.9525,57.8025],[33.9525,58.0725],[33.9975,58.1175],[33.8175,58.2075],[33.8175,58.4775],[33.8625,58.5225],[33.8625,58.7475],[33.9075,58.7925],[33.8175,58.8375],[33.8175,59.1525],[33.7275,59.2425],[33.3675,59.2875],[33.2325,59.5575],[33.2325,59.8725],[33.2775,59.9175],[33.1425,60.1875],[33.1425,60.3675],[33.0525,60.3675],[33.0075,60.4125],[33.0075,60.7275],[33.0975,60.9075],[33.3225,60.9075],[33.3675,60.9975],[33.5025,61.0875],[33.5025,61.3125],[33.5925,61.3575],[33.6825,61.4925],[33.6825,61.5825],[33.7275,61.6275],[33.8175,61.6275],[33.9525,61.7625],[33.9975,61.8525],[33.9975,62.0775],[34.2225,62.1675],[33.9975,62.3025],[33.9525,62.3925],[33.8175,62.4825],[33.8175,62.6625],[33.7725,62.7075],[33.7725,63.2925],[33.8625,63.4725],[33.8175,63.5175],[33.8175,63.6975],[33.7275,63.7875],[33.5925,63.7875],[33.5475,63.8325],[33.2325,63.8325],[33.1425,64.0125],[32.9175,64.0125],[32.8725,63.9675],[32.8725,63.7875],[32.6925,63.6075],[32.5575,63.6075],[32.5125,63.5625],[32.5125,63.4725],[32.6025,63.3825],[32.7375,63.1125],[32.7375,62.8875],[32.6025,62.7525],[32.6025,62.6175],[32.3775,62.4825],[32.1975,62.4825],[32.1525,62.5275],[32.0625,62.5275],[32.0175,62.4825],[31.7025,62.4825],[31.4775,62.6175],[31.3875,62.5725],[31.2525,62.3925],[31.1625,62.3475],[30.9825,62.3475],[30.8025,62.4825],[30.6675,62.5275],[30.5775,62.4825],[30.3975,62.2125],[30.2175,62.0775],[29.9925,62.0775],[29.9025,62.1225],[29.8575,62.0775],[29.7225,62.0775],[29.4975,61.9425],[29.2275,61.9875],[29.1825,61.9425],[29.0025,61.9425],[28.8225,61.8525],[28.7775,61.7625],[28.5525,61.6725],[28.5075,61.3125],[28.5975,61.2225],[28.5975,61.0425],[28.4175,60.9075],[28.1925,60.8625],[28.1475,60.8175],[28.0125,60.8625],[27.8775,60.9975],[27.8775,61.2225],[27.7425,61.3125],[27.5625,61.3125],[27.5175,61.3575],[26.9325,61.3575],[26.8875,61.4025],[26.7075,61.4025],[26.4825,61.4925],[26.1225,61.4925],[25.8975,61.6275],[25.7625,61.6275],[25.7175,61.6725],[25.3575,61.6725],[25.2675,61.6275],[25.1325,61.4475],[24.8625,61.3575],[24.8625,61.3125],[24.6825,61.1325],[24.5475,61.0875],[24.2775,61.3125],[23.3775,61.3575],[23.1975,61.4925],[22.8375,61.6275],[22.6125,61.8075],[22.4325,61.6725],[22.0275,61.4925],[21.8025,61.3125],[21.4425,61.1325],[21.3525,61.1325],[21.0825,60.9525],[20.9925,60.9525],[21.0375,60.7725],[21.2175,60.7725],[21.3525,60.6825],[21.3975,60.5925],[21.5775,60.4575],[21.5775,60.3675],[21.6225,60.3225],[21.6675,60.3675],[22.0275,60.3675],[22.1625,60.2325],[22.3425,60.1875],[22.3875,60.1425],[22.3875,59.9625],[22.4325,59.9175],[22.6125,59.9175],[22.6575,59.8725],[22.6575,59.7825],[22.8825,59.6025],[22.9725,59.4225],[23.1075,59.3775],[23.2425,59.1975],[23.3775,59.1975],[23.4675,59.0625],[23.6025,58.9725],[23.6925,58.9725],[23.7825,58.8375],[23.8275,58.8825],[24.1425,58.8825],[24.1875,58.8375],[24.3225,58.8375],[24.5475,58.7475],[24.7725,58.7475],[24.9075,58.6575],[24.9975,58.5225],[25.3125,58.5225],[25.4925,58.2975],[25.4925,58.2075],[25.7175,57.9825],[25.7175,57.7125],[25.8075,57.6225],[25.8975,57.6225],[25.9425,57.5775],[25.9425,57.3525],[26.0325,57.3075],[26.3025,56.9925],[26.3925,56.9475],[26.6175,56.9475],[26.6625,56.9025],[26.6625,56.7225],[26.7075,56.6775],[26.7975,56.7225],[27.0675,56.7225],[27.1575,56.6325],[27.1575,56.4975],[27.2475,56.4525],[27.4725,56.4525],[27.5175,56.4075],[27.7425,56.3625],[27.8775,56.2725],[27.9675,56.2725],[28.0125,56.3625],[28.7775,56.4075],[29.0025,56.1375],[29.1375,56.1375],[29.2725,55.9125],[29.4525,55.9125],[29.4975,55.8225],[29.6325,55.8225],[29.7675,55.6425],[30.0375,55.6425],[30.1275,55.5525],[30.1275,55.4625],[30.2625,55.3275],[30.4875,55.2825],[30.6225,55.1025],[30.8925,55.1025],[30.9825,55.0575],[31.1625,54.8775],[31.1625,54.6975],[31.2525,54.6975],[31.3875,54.6075],[31.5225,54.3825],[31.7475,54.3825],[31.8375,54.2925],[32.0625,54.2925],[32.1975,54.1125],[32.3775,54.1125],[32.4225,54.0675],[32.4675,54.1125],[33.0525,54.1125],[33.1425,54.2025],[33.1425,54.3375],[33.2325,54.4275],[33.3225,54.4275],[33.5025,54.6075]]]]}},{"type":"Feature","id":"Poja","properties":{"id":"Poja","tracedAreaKm2":509572},"geometry":{"type":"MultiPolygon","coordinates":[[[[-43.9425,54.6075],[-44.0775,54.5175],[-44.1225,54.4275],[-44.2125,54.4275],[-44.2575,54.3375],[-44.2575,53.9775],[-44.2125,53.9325],[-44.2125,53.7975],[-44.1225,53.7075],[-43.9875,53.7075],[-43.9425,53.6625],[-43.9425,53.3925],[-43.9875,53.3475],[-44.3025,53.3475],[-44.3475,53.3025],[-44.7975,53.3475],[-44.7975,53.3025],[-44.8875,53.2125],[-44.9775,53.2125],[-45.0675,53.0775],[-45.3375,53.0325],[-45.3825,52.9875],[-45.3825,52.7625],[-45.4725,52.6275],[-45.7425,52.6275],[-45.8775,52.4475],[-45.9225,52.3125],[-45.9675,52.2675],[-46.1025,52.2675],[-46.2825,52.0875],[-46.2825,51.7275],[-46.3275,51.6825],[-46.2375,51.5475],[-46.2375,51.0975],[-46.3275,51.0525],[-46.2825,50.4225],[-46.3275,50.3775],[-46.6875,50.3775],[-46.7325,50.4225],[-46.9125,50.3775],[-46.9125,50.2875],[-47.0475,50.1975],[-47.4525,49.7475],[-47.5875,49.7475],[-47.5875,49.6125],[-47.6325,49.5675],[-47.8575,49.5675],[-47.6775,49.4325],[-47.6775,49.1175],[-47.3175,48.7125],[-47.3175,48.5775],[-47.2275,48.3525],[-46.9575,48.1275],[-46.9575,47.4525],[-46.8225,47.2725],[-46.8225,46.9125],[-46.9125,46.8225],[-46.9125,46.6875],[-46.7325,46.6425],[-46.5975,46.5525],[-46.5975,46.1925],[-46.5075,46.1475],[-46.4625,46.1925],[-46.3275,46.1925],[-45.6525,45.8325],[-45.4275,45.7875],[-45.3375,45.6975],[-45.2925,45.2475],[-45.0225,45.0675],[-44.9325,45.1125],[-44.9325,45.2025],[-44.7525,45.3375],[-44.4825,45.3375],[-44.3475,45.4275],[-44.1675,45.3825],[-44.0325,45.2025],[-44.0325,45.1125],[-43.8975,45.0225],[-43.6725,45.1125],[-43.6725,45.1575],[-43.5375,45.2475],[-43.2225,45.1575],[-43.0875,45.2475],[-43.0875,45.3375],[-42.9525,45.4275],[-42.5475,45.1125],[-42.5475,45.0225],[-42.6375,44.9325],[-42.6375,44.7975],[-42.5025,44.7075],[-42.3225,44.7975],[-42.2325,44.7975],[-42.1875,44.7525],[-41.9625,44.7975],[-41.9175,44.7525],[-41.7375,44.7525],[-41.6925,44.7075],[-41.5575,44.7975],[-41.3325,44.7975],[-41.1975,44.7075],[-41.1075,44.7525],[-40.9275,44.7525],[-40.7925,44.6625],[-40.6575,44.6625],[-40.6125,44.7075],[-40.3875,44.6625],[-40.2075,44.5275],[-40.2075,44.3475],[-40.0725,44.3025],[-39.9375,44.1675],[-39.9375,43.8975],[-39.8925,43.8975],[-39.7125,43.7175],[-39.6225,43.6725],[-39.5325,43.7175],[-39.3975,43.6275],[-39.3975,43.3575],[-39.2175,43.2225],[-39.0825,42.9975],[-39.0825,42.9075],[-39.1725,42.8175],[-39.1725,42.7275],[-39.1275,42.6825],[-39.1725,42.4575],[-38.6325,42.1875],[-38.4525,42.1875],[-38.4525,42.3225],[-38.4975,42.3675],[-38.4975,42.8175],[-38.2725,42.9975],[-38.3175,43.0425],[-38.2725,43.7175],[-38.1375,43.8075],[-38.1375,43.8525],[-38.2725,43.9425],[-38.2725,44.2125],[-38.4075,44.3025],[-38.4975,44.5275],[-38.4975,44.7975],[-38.3625,44.8875],[-38.3625,44.9775],[-38.3175,45.0225],[-38.3625,45.3375],[-38.4975,45.5175],[-38.4975,45.7875],[-38.4525,45.8325],[-38.1375,45.8325],[-38.0925,45.7875],[-38.0025,45.7875],[-37.9575,45.8325],[-37.9575,46.0125],[-37.9125,46.0575],[-37.8225,46.0575],[-37.7775,46.1475],[-38.1825,46.5075],[-38.3175,46.7325],[-38.4525,46.7775],[-38.6775,47.0025],[-38.6775,47.2275],[-38.7675,47.2275],[-39.0375,47.3625],[-39.2625,47.6325],[-39.5775,47.7675],[-39.8025,48.0825],[-40.0275,48.1725],[-40.1625,48.3075],[-40.1625,48.5325],[-40.1175,48.5775],[-40.1175,48.6675],[-40.2975,48.8025],[-40.2975,49.0275],[-40.1175,49.2525],[-40.1175,49.6575],[-40.1625,49.7025],[-40.1625,49.8375],[-40.6125,50.1975],[-40.7475,50.4675],[-40.7475,50.6025],[-40.4775,50.7375],[-40.2975,50.9175],[-40.2975,51.1875],[-40.2075,51.2325],[-40.2075,51.4125],[-40.1625,51.5025],[-40.0275,51.5925],[-39.6675,51.5925],[-39.5775,51.6375],[-39.5775,51.7275],[-39.6675,51.8175],[-39.6675,51.9075],[-39.7575,51.9975],[-39.8025,52.1775],[-40.0725,52.3125],[-40.1625,52.4025],[-40.1625,52.7175],[-40.3425,52.9875],[-40.4325,53.0325],[-40.7025,53.0325],[-40.8825,52.9425],[-41.0175,52.8075],[-41.0175,52.7175],[-41.1975,52.5825],[-41.4225,52.5825],[-41.6475,52.7625],[-41.6475,53.1225],[-41.6925,53.2125],[-41.9625,53.3025],[-42.0975,53.5725],[-42.4575,53.7075],[-42.6375,53.8875],[-42.6825,54.1125],[-42.7275,54.1575],[-42.8175,54.1575],[-43.0425,53.9775],[-43.3125,53.9775],[-43.4475,54.2925],[-43.4925,54.3375],[-43.7625,54.3375],[-43.8075,54.3825],[-43.8075,54.5175],[-43.9425,54.6075]]]]}},{"type":"Feature","id":"Stedoria","properties":{"id":"Stedoria","tracedAreaKm2":311106},"geometry":{"type":"MultiPolygon","coordinates":[[[[-16.6725,45.0225],[-16.7625,45.0225],[-16.8525,44.9325],[-17.0325,44.9325],[-17.1675,44.7525],[-17.1675,44.4375],[-17.1225,44.3925],[-17.0325,44.3925],[-16.9875,44.3475],[-16.9875,44.2575],[-16.8975,44.1675],[-16.8525,44.2125],[-16.4925,44.2125],[-16.3575,44.3925],[-16.3575,44.4825],[-16.2675,44.5725],[-16.3125,44.6175],[-16.3125,44.7975],[-16.3575,44.8425],[-16.4925,44.8425],[-16.6275,44.9325],[-16.6725,45.0225]]],[[[-15.0075,53.7975],[-15.1875,53.7075],[-15.3675,53.4825],[-15.3675,53.2125],[-15.2325,53.0325],[-15.2325,52.9425],[-15.3225,52.8525],[-15.3225,52.4475],[-15.4125,52.3575],[-15.8625,52.2675],[-15.9975,52.0425],[-16.1775,51.9075],[-16.2675,51.9075],[-16.3125,51.9525],[-16.8975,51.9525],[-17.0775,52.0425],[-17.3475,52.0425],[-17.4375,51.9975],[-17.4375,51.8625],[-17.4825,51.8175],[-17.4825,51.4125],[-17.4375,51.3675],[-17.4375,51.2775],[-17.5725,51.1875],[-17.6175,51.0975],[-17.5725,51.0975],[-17.3925,50.9175],[-17.1675,50.8725],[-16.9875,50.7375],[-16.9875,50.3775],[-16.8975,50.2875],[-16.8525,50.1525],[-16.6275,49.9725],[-16.4925,49.7025],[-16.2675,49.5225],[-16.1775,49.3875],[-16.1775,49.2975],[-16.0875,49.2525],[-15.8175,49.3875],[-15.6375,49.2525],[-15.5025,48.9825],[-15.4125,48.9375],[-15.4125,48.8025],[-15.5925,48.7125],[-15.8175,48.3975],[-15.8175,48.2175],[-15.9525,48.1275],[-16.1775,48.1275],[-16.2225,48.0825],[-16.3575,48.0825],[-16.4925,48.1725],[-16.9425,48.0825],[-16.9425,47.2275],[-16.8975,47.1825],[-16.8975,46.9125],[-16.8525,46.8675],[-16.8525,46.5075],[-16.5825,46.5075],[-16.4925,46.3725],[-15.9975,46.3725],[-15.9075,46.1475],[-15.7275,46.2375],[-14.7375,46.1925],[-14.6475,46.3275],[-14.4225,46.3725],[-14.3775,46.4175],[-14.2425,46.4175],[-14.0625,46.5525],[-14.0625,46.8225],[-13.7925,47.0475],[-13.7025,47.2725],[-13.4325,47.2725],[-13.2975,47.1825],[-13.0725,47.1825],[-12.9375,47.0925],[-12.8475,47.0925],[-12.7575,46.8675],[-12.6225,46.7775],[-12.6225,46.6875],[-12.5775,46.6425],[-12.3975,46.6425],[-12.1275,46.4625],[-12.0375,46.5525],[-11.9025,46.5525],[-11.8575,46.6425],[-11.7225,46.6425],[-11.4975,46.8225],[-11.4075,46.8225],[-11.2725,46.9125],[-11.2725,47.0025],[-11.3625,47.0925],[-11.3625,47.1825],[-11.4075,47.2275],[-11.4075,47.6775],[-11.5875,47.9475],[-11.5875,48.0375],[-11.5425,48.0825],[-11.5425,48.3525],[-11.6775,48.4875],[-11.7675,48.6675],[-11.8575,48.7125],[-11.8575,49.0275],[-11.7225,49.2525],[-11.5425,49.3875],[-11.4075,49.6575],[-11.3175,49.7475],[-11.0925,49.7925],[-10.9125,49.8825],[-10.4625,50.2875],[-9.9225,50.3325],[-9.6075,50.1525],[-9.4725,50.1525],[-9.4275,50.1075],[-9.3375,50.1075],[-9.1575,50.1975],[-9.0225,50.1975],[-8.8425,50.2875],[-8.7075,50.4675],[-8.7075,50.5575],[-8.7975,50.6475],[-8.7975,50.7825],[-8.5275,50.9625],[-8.7075,51.0525],[-8.8425,51.1875],[-8.8425,51.3225],[-8.7525,51.4125],[-8.7525,51.5475],[-8.8425,51.5925],[-8.9775,51.5025],[-9.0675,51.5025],[-9.2025,51.5925],[-9.2925,51.5925],[-9.6075,51.7725],[-9.6075,51.9525],[-9.7425,52.0425],[-9.8325,51.9975],[-10.3725,52.0425],[-10.5075,52.1325],[-10.5075,52.2225],[-10.5975,52.2675],[-10.9575,52.2675],[-11.1375,52.3575],[-11.1825,52.4475],[-11.2275,52.4475],[-11.3625,52.6275],[-11.4525,52.6725],[-11.8125,52.4925],[-11.9475,52.3575],[-12.0825,52.3125],[-12.2175,52.4025],[-12.3975,52.4475],[-12.4875,52.5375],[-12.4875,52.6725],[-12.5775,52.8075],[-12.5775,52.8975],[-12.7125,53.0325],[-12.9375,53.0775],[-13.2075,53.2575],[-13.5675,53.2575],[-13.9725,53.6175],[-14.7375,53.6625],[-15.0075,53.7975]]]]}},{"type":"Feature","id":"Garindina","properties":{"id":"Garindina","tracedAreaKm2":401161},"geometry":{"type":"MultiPolygon","coordinates":[[[[-45.7875,63.5175],[-46.2375,63.5175],[-46.2825,63.5625],[-46.5075,63.5625],[-46.5525,63.6075],[-46.7775,63.6075],[-46.9125,63.5175],[-47.0925,63.5625],[-47.1825,63.6975],[-47.1825,63.7875],[-47.2725,63.9675],[-47.4075,64.1025],[-47.4525,64.2825],[-47.5875,64.3275],[-47.7225,64.4625],[-47.7675,64.6425],[-47.9475,64.8225],[-47.9475,65.0475],[-47.9925,65.1375],[-48.1275,65.2275],[-48.2175,65.1825],[-48.2175,65.0925],[-48.3075,64.9125],[-48.6675,64.6425],[-48.7125,64.4175],[-48.9825,64.1475],[-49.2975,63.9225],[-49.5225,63.9675],[-49.7475,64.1025],[-49.8825,64.1025],[-50.0625,64.1925],[-50.3325,64.4175],[-50.5575,64.4175],[-50.7375,64.2825],[-51.0975,64.1025],[-51.1875,64.1025],[-51.5025,63.9225],[-51.9075,64.1475],[-52.2225,64.1475],[-52.4475,64.2825],[-52.5825,64.1925],[-52.5825,64.1025],[-52.7175,63.9225],[-52.8975,63.8325],[-53.1225,63.8775],[-53.2575,63.7875],[-53.6625,63.8775],[-53.8425,64.1475],[-53.9325,64.1925],[-54.2025,64.1475],[-54.2475,64.1025],[-54.4275,64.1025],[-54.5175,64.1475],[-54.6525,64.0575],[-54.8775,64.1475],[-55.1025,64.0125],[-55.4625,64.3275],[-55.4625,64.4175],[-55.5525,64.5525],[-55.5525,64.7775],[-55.7775,64.9575],[-55.8675,64.9125],[-55.9125,64.7775],[-56.0025,64.6875],[-56.2275,64.5975],[-56.2275,64.3725],[-56.1375,64.2825],[-56.1375,64.1925],[-56.3175,64.1025],[-56.3175,63.9225],[-56.4075,63.7875],[-56.5425,63.7425],[-56.5875,63.6525],[-56.5875,63.4725],[-56.7675,63.3825],[-56.9025,63.2475],[-56.9025,63.0675],[-56.7225,62.7075],[-56.7225,62.5725],[-56.6775,62.5725],[-56.4525,62.3475],[-56.3175,62.3025],[-56.0925,62.4375],[-55.6875,62.4825],[-55.5525,62.3925],[-55.5525,62.1675],[-55.4625,62.1225],[-55.3725,62.1225],[-55.3275,62.1675],[-55.1475,62.1675],[-55.0125,62.0775],[-55.0125,61.6275],[-55.0575,61.5825],[-55.0575,61.3575],[-55.0125,61.3125],[-55.0125,61.2225],[-55.3275,60.9075],[-55.5525,60.8625],[-55.5525,60.6825],[-55.6425,60.5475],[-56.0475,60.5475],[-56.3175,60.3675],[-56.7225,60.3675],[-56.8575,60.2775],[-57.2175,60.2775],[-57.5325,60.0975],[-57.5325,59.6025],[-57.6675,59.5125],[-57.6675,59.3775],[-57.4425,59.2425],[-57.4425,59.1075],[-57.4875,59.0625],[-57.4875,58.8375],[-57.6225,58.7475],[-57.6675,58.5675],[-57.6225,58.5675],[-57.5775,58.4775],[-57.4425,58.3875],[-57.4425,58.2975],[-57.5325,58.2075],[-57.8475,58.0725],[-57.9375,57.9375],[-58.1175,57.8925],[-58.1175,57.5775],[-58.2975,57.4425],[-58.2525,57.3525],[-58.2525,56.8575],[-58.1175,56.6775],[-57.8475,56.4525],[-57.4875,56.4525],[-57.3975,56.4075],[-57.3075,56.5425],[-57.0375,56.5425],[-56.8575,56.2725],[-56.6775,56.2725],[-56.5875,56.1825],[-56.5875,55.9575],[-56.5425,55.9125],[-56.4525,55.9125],[-56.3625,55.8225],[-56.2725,55.8225],[-56.2275,55.7775],[-56.2275,55.4625],[-56.1825,55.4175],[-56.0025,55.4175],[-55.9575,55.3725],[-55.9575,55.2375],[-55.7775,55.2375],[-55.6875,55.3275],[-55.2825,55.3275],[-55.2375,55.2825],[-55.1025,55.4625],[-54.9675,55.4625],[-54.7425,55.6425],[-54.5175,55.6425],[-54.4275,55.6875],[-54.2925,56.0025],[-53.8875,56.0025],[-53.8425,55.9575],[-53.7075,55.9575],[-53.5275,55.8225],[-53.1675,55.8225],[-53.1225,55.7775],[-53.0325,55.8675],[-53.0325,55.9575],[-52.9875,56.0025],[-52.8525,56.0025],[-52.7625,56.0925],[-52.4925,56.1375],[-52.4475,56.2275],[-52.3575,56.2725],[-52.3575,56.3625],[-52.2225,56.4525],[-52.1775,56.6775],[-51.9975,56.9475],[-51.9975,57.2175],[-51.9525,57.2625],[-52.1325,57.3975],[-52.1775,57.5775],[-52.2675,57.6675],[-52.3575,57.6675],[-52.4475,57.8025],[-52.4475,57.9825],[-52.4925,58.0275],[-52.4925,58.1175],[-52.5825,58.2075],[-52.5825,58.4775],[-52.6725,58.5675],[-52.7175,59.1075],[-52.6275,59.1975],[-52.4925,59.1975],[-52.4025,59.4225],[-52.1325,59.4225],[-52.0875,59.3775],[-51.8625,59.5575],[-51.6375,59.5575],[-51.5025,59.8275],[-51.1425,59.8275],[-51.0975,59.7825],[-51.0525,59.8275],[-50.9625,59.8275],[-50.8275,59.9625],[-50.6925,59.9625],[-50.6025,60.0525],[-49.9275,60.0525],[-49.8375,59.9175],[-49.5675,59.9175],[-49.4325,59.8275],[-49.3425,59.9625],[-49.1625,59.9625],[-49.0275,60.0525],[-48.8925,60.2775],[-48.8025,60.2775],[-48.4875,60.5475],[-48.2175,60.5475],[-48.1275,60.6825],[-48.0375,60.6825],[-47.9475,60.7725],[-47.7675,60.7725],[-47.7225,60.8175],[-47.3625,60.8175],[-47.1825,60.6375],[-47.1825,60.5475],[-47.0025,60.4575],[-47.0025,60.2775],[-46.8225,60.2325],[-46.7775,60.1425],[-46.5075,60.1425],[-46.4625,60.0975],[-46.4175,59.7825],[-46.2825,59.6475],[-46.1925,59.6475],[-45.9225,59.4225],[-45.6075,59.4225],[-45.5625,59.4675],[-45.4725,59.4675],[-45.4275,59.5125],[-45.4275,59.9625],[-45.3375,60.0075],[-45.3375,60.8175],[-45.4275,60.8625],[-45.4275,61.0425],[-45.6075,61.1775],[-45.6075,61.3125],[-45.6975,61.3575],[-45.6975,62.3475],[-45.8775,62.4825],[-45.9675,62.6175],[-45.9675,63.2025],[-45.7875,63.2925],[-45.7875,63.5175]]]]}},{"type":"Feature","id":"Volhynia","properties":{"id":"Volhynia","tracedAreaKm2":94330},"geometry":{"type":"MultiPolygon","coordinates":[[[[-32.3775,57.8025],[-32.6025,57.7125],[-32.6025,57.6675],[-32.7825,57.5325],[-32.7825,57.4425],[-33.0525,57.2175],[-33.0525,57.0375],[-33.0075,56.9925],[-33.0075,56.8575],[-32.9175,56.7675],[-32.4225,56.5425],[-32.3775,56.4525],[-32.3775,55.9575],[-32.1525,55.6875],[-32.0175,55.6425],[-31.9275,55.5525],[-31.9275,55.4625],[-31.8375,55.3725],[-31.8375,55.2375],[-32.0175,55.1025],[-32.1975,55.1025],[-32.5125,54.8775],[-32.6475,54.9675],[-32.7375,54.9675],[-32.8275,54.9225],[-32.9625,54.7425],[-33.2775,54.6075],[-33.3675,54.2475],[-33.5475,54.1125],[-33.5475,53.7975],[-33.4575,53.7525],[-33.4575,53.5725],[-33.3675,53.3925],[-33.2325,53.4375],[-33.1425,53.5275],[-32.8725,53.5275],[-32.7825,53.4375],[-32.6925,53.5275],[-32.3775,53.5275],[-32.2875,53.6625],[-32.0175,53.6625],[-31.7475,53.4375],[-31.6575,53.4375],[-31.6125,53.3925],[-31.3425,53.3925],[-30.9375,53.1225],[-30.9375,53.1675],[-30.7125,53.3475],[-30.7125,53.4375],[-30.6225,53.5275],[-30.3975,53.6175],[-30.3075,53.8425],[-30.2175,53.8875],[-30.0375,53.8875],[-29.8575,53.9775],[-29.7225,54.1575],[-29.4075,54.2475],[-29.2275,54.5175],[-29.1375,54.8325],[-29.0475,54.8775],[-29.0025,55.1925],[-29.0475,55.2375],[-29.0475,55.4625],[-29.1375,55.5075],[-29.1375,55.5975],[-29.2725,55.8225],[-29.2725,56.0025],[-29.3625,56.1375],[-29.3625,56.2275],[-29.2725,56.3175],[-29.2725,56.4075],[-29.3175,56.4975],[-29.4075,56.5425],[-29.4075,56.7225],[-29.4975,56.7675],[-29.5875,56.7225],[-29.7225,56.7675],[-29.8575,56.9025],[-29.8575,57.0375],[-30.0375,57.1275],[-30.3525,57.1725],[-30.7125,57.3975],[-30.9375,57.4425],[-31.1625,57.5775],[-31.4325,57.4425],[-31.6125,57.4425],[-31.6575,57.4875],[-31.8375,57.4425],[-32.0175,57.5775],[-32.0175,57.6675],[-32.2875,57.8025],[-32.3775,57.8025]]]]}},{"type":"Feature","id":"Erisoria","properties":{"id":"Erisoria","tracedAreaKm2":518476},"geometry":{"type":"MultiPolygon","coordinates":[[[[-62.2575,72.4725],[-62.3475,72.5175],[-62.7975,72.5175],[-62.8875,72.5625],[-63.0225,72.4275],[-63.2475,72.4275],[-63.3825,72.1575],[-63.6525,72.1575],[-63.7425,72.0675],[-63.9225,72.0675],[-64.1025,71.7525],[-64.1925,71.7525],[-64.2825,71.6625],[-64.4175,71.6625],[-64.4625,71.5725],[-64.7775,71.5275],[-65.0925,71.2575],[-65.6775,71.2575],[-65.7675,71.3475],[-65.8575,71.2575],[-66.1275,71.2575],[-66.1725,71.3025],[-66.2625,71.1675],[-66.4425,71.1675],[-66.6225,71.0325],[-66.6675,70.8975],[-66.7125,70.8525],[-66.8025,70.8525],[-66.8475,70.6275],[-67.0275,70.3575],[-67.2075,70.2225],[-67.2075,70.1325],[-67.2975,70.0425],[-67.7025,70.0425],[-67.7475,70.0875],[-67.9275,69.9525],[-67.9275,69.8175],[-68.1075,69.6375],[-68.1975,69.6375],[-68.3325,69.5025],[-68.7375,69.5025],[-68.8725,69.3225],[-69.3225,69.3225],[-69.4125,69.4125],[-69.5025,69.1875],[-69.5925,69.1875],[-69.7725,69.0975],[-69.7725,68.9175],[-69.9075,68.7375],[-70.1775,68.7375],[-70.2675,68.6025],[-70.4475,68.6025],[-70.4925,68.5575],[-70.4475,68.5125],[-70.4475,68.1975],[-70.4925,68.1525],[-70.4475,68.1075],[-70.4475,67.8375],[-70.3125,67.7025],[-70.1325,67.7025],[-69.9975,67.5675],[-69.9975,67.4775],[-69.9525,67.4325],[-69.9525,66.9375],[-70.0875,66.8475],[-70.0875,66.6675],[-70.1775,66.6225],[-70.1775,66.4875],[-70.3125,66.3975],[-70.3125,66.1275],[-70.4025,66.0825],[-70.4025,65.9475],[-70.4925,65.8575],[-70.4025,65.4975],[-70.2225,65.3625],[-70.2225,65.1825],[-69.9525,65.1825],[-69.7275,65.3175],[-69.6825,65.4075],[-69.6825,65.6325],[-69.5925,65.7675],[-69.2325,65.7675],[-69.1875,65.8125],[-68.9175,65.8125],[-68.6925,65.6325],[-68.4225,65.6325],[-68.3775,65.5875],[-68.3775,65.3175],[-68.4675,65.1825],[-68.5575,65.1375],[-68.6025,64.8225],[-68.6475,64.7775],[-68.7375,64.7775],[-68.8275,64.6875],[-68.8275,64.5525],[-68.8725,64.5075],[-69.1425,64.5075],[-69.4575,64.3725],[-69.9075,64.3725],[-70.0875,64.5075],[-70.2225,64.3275],[-70.4925,64.3275],[-70.6725,64.1925],[-70.8075,64.1925],[-70.8525,64.1025],[-71.3925,64.1025],[-71.4375,64.1475],[-71.7075,64.1025],[-72.0675,63.8775],[-72.1575,63.7425],[-72.1575,63.6525],[-72.2025,63.6075],[-72.2025,63.2025],[-72.2925,63.1125],[-72.2475,62.7975],[-72.4275,62.4375],[-72.4275,62.3025],[-72.6975,62.0775],[-72.6975,61.7625],[-72.6525,61.7175],[-72.6525,61.6275],[-72.7425,61.5375],[-72.7425,61.3575],[-72.8325,61.3125],[-72.8325,61.1775],[-72.7875,61.1775],[-72.6525,60.9975],[-72.6525,60.7725],[-72.5175,60.6375],[-72.2925,60.5475],[-72.0675,60.2775],[-71.8875,60.1875],[-71.8875,60.0525],[-72.1125,59.7825],[-72.1125,59.6025],[-72.0675,59.5575],[-72.0675,59.0625],[-72.2025,58.9725],[-72.2025,58.9275],[-72.3375,58.8375],[-72.4725,58.6575],[-72.4275,58.3875],[-72.5625,58.2075],[-72.5175,57.8025],[-72.3375,57.7125],[-72.0225,57.3525],[-72.0675,57.0375],[-71.9325,56.8575],[-71.9325,56.7225],[-71.8875,56.6775],[-71.5725,56.6775],[-71.4825,56.5875],[-71.3925,56.7225],[-71.3025,56.7225],[-71.1675,56.8575],[-71.1675,56.9925],[-71.1225,57.0375],[-71.0325,57.0375],[-70.9875,57.0825],[-70.7625,57.0825],[-70.6275,57.1725],[-70.5825,57.2625],[-70.2675,57.2625],[-70.2225,57.3075],[-70.2225,57.4425],[-69.9525,57.5775],[-69.9525,57.8475],[-70.0425,57.9375],[-70.0425,58.2525],[-69.9975,58.2975],[-69.8625,58.2975],[-69.8175,58.3425],[-69.5025,58.3425],[-69.4575,58.3875],[-69.2325,58.4325],[-69.1425,58.5225],[-69.1425,58.6575],[-69.0975,58.7025],[-68.6475,58.7475],[-68.6025,58.7925],[-68.5575,59.0175],[-68.5125,59.0625],[-68.4225,59.0625],[-68.3325,59.1525],[-68.0175,59.1525],[-67.9725,59.1075],[-67.9275,59.1525],[-67.7925,59.1525],[-67.5675,59.2875],[-67.1625,59.2875],[-67.1175,59.2425],[-67.1175,59.0625],[-66.9825,58.9275],[-66.7125,58.9275],[-66.6675,59.0175],[-66.3075,59.0175],[-66.2175,59.1075],[-65.9925,59.1075],[-65.9475,59.1525],[-65.9475,59.3325],[-65.9025,59.3775],[-65.6325,59.3775],[-65.5425,59.5125],[-65.4525,59.5125],[-65.4525,59.6925],[-65.3175,59.8275],[-65.3175,60.1425],[-65.4525,60.2775],[-65.7675,60.4575],[-66.3075,60.4575],[-66.4425,60.5475],[-66.4425,60.7725],[-66.5775,61.0425],[-66.5775,61.1775],[-66.2625,61.4475],[-66.2175,61.5375],[-66.2175,61.7175],[-66.2625,61.7625],[-66.3075,62.0325],[-66.5325,62.4375],[-66.5325,62.5275],[-66.8475,62.9325],[-66.9825,63.2025],[-66.9825,63.3375],[-66.5775,63.8325],[-66.4875,63.8775],[-66.3075,63.8775],[-66.1275,63.9675],[-65.8575,64.1925],[-65.8575,64.4175],[-65.7225,64.5075],[-65.2275,64.4625],[-64.6875,64.7775],[-64.2825,64.7775],[-64.0125,64.5975],[-63.7875,64.5075],[-63.1575,64.8225],[-62.8875,64.8225],[-62.8425,64.8675],[-62.4375,64.9125],[-61.8975,65.2275],[-61.6275,65.0475],[-61.4475,65.0475],[-61.3125,64.9575],[-61.0875,64.9575],[-60.9525,64.8675],[-60.6375,64.8675],[-60.5025,64.7775],[-60.3225,64.8225],[-60.3225,64.9125],[-60.2775,64.9575],[-60.3225,65.1825],[-60.1425,65.2725],[-60.1425,65.4525],[-60.1875,65.4975],[-60.1875,65.6325],[-60.2775,65.7675],[-60.4125,65.8575],[-60.6825,66.1725],[-60.6825,66.3075],[-60.5925,66.3975],[-60.3225,66.4875],[-60.2775,66.5775],[-60.1875,66.6225],[-60.1875,66.7125],[-60.2325,66.7575],[-60.2325,66.9825],[-60.4575,67.1625],[-60.4575,67.2525],[-60.2325,67.4325],[-60.0525,67.4775],[-59.9175,67.5675],[-59.9175,67.8375],[-59.8275,68.0175],[-59.8275,68.2875],[-59.5575,68.4675],[-59.5575,68.6925],[-59.6475,68.7825],[-59.6475,68.8725],[-59.6925,68.9175],[-59.6925,69.3225],[-59.5575,69.4575],[-59.5575,69.7725],[-59.5125,69.8175],[-59.5125,69.9075],[-59.4225,69.9525],[-59.4225,70.1325],[-59.5125,70.1775],[-59.5125,70.2675],[-59.7375,70.3125],[-59.7825,70.4025],[-60.0075,70.4475],[-60.1425,70.6275],[-60.2775,70.6275],[-60.3675,70.7175],[-60.6375,70.7175],[-60.7275,70.8075],[-61.0875,70.8075],[-61.1325,70.8525],[-61.3125,70.8525],[-61.4025,70.9425],[-61.4925,70.9425],[-61.5375,70.9875],[-61.5375,71.2125],[-61.6275,71.3025],[-61.6275,71.7525],[-61.8525,71.8425],[-61.9425,72.0225],[-61.9425,72.2025],[-62.1225,72.2925],[-62.2575,72.4725]]]]}},{"type":"Feature","id":"Iverica","properties":{"id":"Iverica","tracedAreaKm2":307471},"geometry":{"type":"MultiPolygon","coordinates":[[[[-132.0075,37.6875],[-132.0975,37.4625],[-132.1875,37.4175],[-132.2775,37.2825],[-132.3675,37.2825],[-132.4575,37.1475],[-132.4575,36.8775],[-132.5025,36.8325],[-132.4575,36.7425],[-132.4575,36.2025],[-132.3675,36.0675],[-132.0525,35.7975],[-132.0525,35.4825],[-132.3225,35.2575],[-132.2775,35.2125],[-132.2775,35.1225],[-132.1875,34.9875],[-132.0075,34.8975],[-131.8275,34.6725],[-131.6925,34.7625],[-131.6925,34.8525],[-131.6475,34.8975],[-131.3325,34.8975],[-131.1075,34.6725],[-131.0175,34.7175],[-130.6575,34.7175],[-130.5675,34.6275],[-130.4325,34.6275],[-130.3875,34.7175],[-130.2975,34.7625],[-130.2975,34.8975],[-130.1175,35.1225],[-130.1175,35.2125],[-130.2525,35.3025],[-130.2975,35.4825],[-130.4325,35.5725],[-130.4325,36.0225],[-130.3425,36.1125],[-130.3425,36.4275],[-130.2975,36.5175],[-130.4775,36.6075],[-130.4775,36.7425],[-130.6575,37.0125],[-130.8375,37.1025],[-130.8825,37.1925],[-131.0175,37.2825],[-131.0175,37.3275],[-131.1525,37.4175],[-131.3325,37.4625],[-131.5125,37.6425],[-131.5125,37.7325],[-131.6025,37.7775],[-131.7375,37.6875],[-132.0075,37.6875]]],[[[-87.8175,47.4075],[-87.8625,47.4525],[-87.8625,47.7675],[-87.9525,47.8575],[-88.0425,47.8575],[-88.3575,48.0375],[-88.4025,47.9925],[-89.3475,47.9925],[-89.4825,47.9025],[-89.4825,47.8125],[-89.6625,47.6775],[-89.6625,47.6325],[-89.5725,47.6325],[-89.4375,47.4525],[-89.4375,47.2275],[-89.3925,47.1825],[-88.8975,47.1825],[-88.7625,47.0925],[-88.7175,47.0025],[-88.5375,47.0025],[-88.4925,46.9575],[-88.4475,47.0025],[-88.2675,47.0025],[-88.0425,47.1825],[-88.0425,47.2725],[-87.8175,47.4075]]],[[[-95.5125,51.8175],[-95.6475,51.6825],[-95.7825,51.6825],[-95.8275,51.6375],[-95.8275,51.3225],[-95.6475,51.0525],[-95.5575,51.1875],[-95.4675,51.1875],[-95.4225,51.2325],[-95.4225,51.3225],[-95.2875,51.4575],[-95.4225,51.6375],[-95.4225,51.7275],[-95.5125,51.8175]]],[[[-90.0675,56.2275],[-90.1575,56.2275],[-90.1575,56.1375],[-90.2475,55.9575],[-90.2475,55.7775],[-90.4725,55.6875],[-90.5625,55.5075],[-90.7425,55.5075],[-90.8325,55.4175],[-91.6425,55.4175],[-91.6875,55.4625],[-91.8225,55.4625],[-91.9125,55.4175],[-91.9125,55.1925],[-91.9575,55.1475],[-91.9575,55.0575],[-92.0475,55.0125],[-92.1825,54.8325],[-92.4975,54.7875],[-92.6325,54.6525],[-92.9025,54.6525],[-92.9925,54.5175],[-93.1725,54.5175],[-93.3525,54.2925],[-93.6675,54.2475],[-93.8925,54.0675],[-93.8925,53.9775],[-93.9375,53.9325],[-94.0725,53.9325],[-94.1175,53.7525],[-94.2075,53.6625],[-94.2075,53.5725],[-94.2525,53.5275],[-94.2525,53.3475],[-94.1625,53.1675],[-94.1625,52.7625],[-94.2075,52.7175],[-94.2075,52.6275],[-94.2975,52.5375],[-94.2975,52.0875],[-94.3425,52.0425],[-94.2975,51.9975],[-94.2975,51.7275],[-94.3425,51.6825],[-94.3425,51.2325],[-94.3875,51.1875],[-94.3875,51.0975],[-94.2975,51.0075],[-94.2975,50.7825],[-94.2075,50.6475],[-94.0725,50.6475],[-93.9825,50.4675],[-93.8475,50.6025],[-93.8475,50.7375],[-93.8025,50.7825],[-93.5325,50.7825],[-93.4875,50.8725],[-93.3525,50.8725],[-93.3075,50.9175],[-93.0375,50.9175],[-92.9925,50.8275],[-92.7225,50.8275],[-92.6775,50.7825],[-92.6775,50.6025],[-92.6325,50.5575],[-92.5425,50.5575],[-92.4975,50.4675],[-92.2725,50.3325],[-92.2275,50.1075],[-91.8225,50.1075],[-91.7775,50.0625],[-91.7775,49.6575],[-91.8225,49.6125],[-91.5975,49.4325],[-91.5525,49.2075],[-91.4175,49.0275],[-91.4175,48.8475],[-91.3725,48.8025],[-91.2375,48.8025],[-91.1925,48.7575],[-91.1925,48.6675],[-91.1025,48.6225],[-90.9675,48.4425],[-90.8775,48.3975],[-90.5625,48.3975],[-90.5175,48.3525],[-90.4275,48.3525],[-90.2025,48.5325],[-90.2025,48.6675],[-90.0675,48.8025],[-90.0675,48.8925],[-89.7975,49.0725],[-89.7975,49.1625],[-89.7075,49.2975],[-89.7075,49.4775],[-89.6625,49.5225],[-89.7525,49.6125],[-89.8875,49.6125],[-89.9325,49.6575],[-89.9325,49.9725],[-89.8875,50.0175],[-89.8875,50.2875],[-89.7075,50.5125],[-89.6175,50.5125],[-89.5725,50.5575],[-89.5275,50.9625],[-89.4825,51.0525],[-89.3475,51.1425],[-89.1675,51.1425],[-89.1675,51.1875],[-89.1225,51.2325],[-89.0325,51.2325],[-88.9425,51.3675],[-88.4925,51.3675],[-88.4475,51.4125],[-88.4475,51.6825],[-88.3575,51.7725],[-88.3125,51.9975],[-88.0425,52.2675],[-87.9975,52.5825],[-88.0875,52.5825],[-88.1775,52.6725],[-88.3575,52.7625],[-88.4475,52.7625],[-88.4925,52.8075],[-88.4925,53.0775],[-88.3125,53.3025],[-88.0875,53.3025],[-88.0425,53.3925],[-88.0425,53.5725],[-87.9975,53.6175],[-87.7275,53.6175],[-87.7275,53.8875],[-87.6375,54.0225],[-87.6375,54.1125],[-87.7275,54.2025],[-87.7275,54.3825],[-87.7725,54.4275],[-87.9975,54.4725],[-88.2675,54.6075],[-88.4475,54.8775],[-88.5825,54.9225],[-88.8075,55.1025],[-88.8075,55.5525],[-88.8975,55.5975],[-88.8975,55.9125],[-89.0325,56.0025],[-89.0775,55.9575],[-89.6175,55.9575],[-89.7075,56.0475],[-89.7075,56.1375],[-89.7525,56.1825],[-90.0225,56.1825],[-90.0675,56.2275]]],[[[-140.4675,70.7625],[-140.4225,70.5375],[-140.2875,70.4475],[-139.9725,70.4475],[-139.9275,70.4925],[-139.9275,70.6275],[-140.0175,70.6725],[-140.1075,70.8075],[-140.1975,70.8525],[-140.3775,70.8525],[-140.4675,70.7625]]],[[[-142.0425,72.2475],[-141.9975,72.2025],[-141.9075,72.2025],[-141.8625,72.1575],[-141.5925,72.1575],[-141.5475,72.1125],[-141.5475,71.8425],[-141.2775,71.8425],[-141.1875,71.7525],[-141.0075,71.7525],[-140.8725,71.5725],[-140.7825,71.5275],[-140.6475,71.2575],[-140.4675,71.2575],[-140.2875,71.3475],[-140.2875,72.0225],[-140.4225,72.1125],[-140.4225,72.3825],[-140.5125,72.4275],[-140.5125,72.5625],[-140.5575,72.6075],[-140.9625,72.6075],[-141.0975,72.4275],[-141.7275,72.4275],[-141.7725,72.4725],[-141.8625,72.3825],[-141.9525,72.3825],[-142.0425,72.2475]]]]}},{"type":"Feature","id":"Abantium","properties":{"id":"Abantium","tracedAreaKm2":224747},"geometry":{"type":"MultiPolygon","coordinates":[[[[91.6425,4.2975],[91.5975,4.2525],[91.5975,4.1175],[91.4625,3.9375],[91.3725,3.7125],[91.3725,3.5775],[91.3275,3.5325],[91.3725,3.2625],[91.1025,3.1275],[91.1025,3.0375],[91.0125,2.9025],[91.0125,2.7675],[90.8775,2.5875],[90.8775,2.2725],[90.7875,2.2275],[90.7875,1.8675],[90.8325,1.8675],[90.9675,1.6875],[90.9675,1.3275],[91.0125,1.2825],[91.1925,1.2825],[91.2375,1.2375],[91.3725,1.2375],[91.5975,1.1475],[91.5975,0.8775],[91.5075,0.7875],[91.5525,0.7425],[91.5975,0.5175],[91.8675,0.5175],[91.9125,0.4725],[92.0925,0.6525],[92.4525,0.6525],[92.4975,0.6075],[92.8125,0.6075],[92.9025,0.5175],[93.0375,0.5175],[93.0825,0.4725],[93.0825,0.2025],[92.9025,-0.0225],[92.6325,-0.0675],[92.5875,-0.1125],[92.5875,-0.2475],[92.4525,-0.5175],[92.5875,-0.6075],[92.5875,-0.7875],[92.7225,-0.8775],[92.7225,-1.2825],[92.6775,-1.3725],[92.9025,-1.6425],[92.9925,-1.5975],[93.3075,-1.5975],[93.5775,-1.7775],[93.7125,-1.7775],[93.7125,-1.6875],[93.7575,-1.6425],[94.0725,-1.6425],[94.1625,-1.7775],[94.2975,-1.6425],[94.8375,-1.5975],[94.8825,-1.5525],[94.8825,-1.4625],[94.9725,-1.3725],[94.9725,-1.2375],[95.0175,-1.1925],[95.1075,-1.1925],[95.1975,-1.0125],[95.1975,-0.6975],[95.2425,-0.6525],[95.2425,-0.5625],[95.1975,-0.5175],[95.1975,-0.2925],[95.2875,-0.2025],[95.2875,0.2475],[95.3775,0.2925],[95.3775,0.4275],[95.2875,0.4725],[95.2425,0.6975],[95.1525,0.8325],[95.1525,0.9225],[95.2875,1.0575],[95.2875,1.1475],[95.1975,1.2825],[95.1975,1.4175],[95.1075,1.5525],[95.1075,1.6875],[95.2425,1.8225],[95.2425,1.9575],[95.1075,2.0025],[94.8825,2.3175],[94.8825,2.5425],[95.0175,2.7225],[95.0175,2.8125],[94.9275,2.9025],[94.7925,2.9475],[94.7025,3.0825],[94.5225,3.2175],[94.0275,3.2175],[93.7125,3.3975],[93.5325,3.4425],[93.4425,3.5775],[93.4425,3.6675],[93.3525,3.7125],[93.1725,3.7125],[92.8575,3.9375],[92.8575,4.2525],[92.7675,4.2975],[92.6775,4.2975],[92.5425,4.2075],[92.3175,4.2075],[92.0925,4.3425],[92.0475,4.2975],[91.8675,4.2975],[91.8225,4.3425],[91.6425,4.2975]]]]}},{"type":"Feature","id":"Adaptus","properties":{"id":"Adaptus","tracedAreaKm2":1149716},"geometry":{"type":"MultiPolygon","coordinates":[[[[63.9225,43.7625],[63.8325,43.6725],[63.5625,43.6275],[63.5175,43.5825],[63.5625,43.5375],[63.6075,43.1325],[63.6975,43.0425],[63.6525,42.4575],[63.5625,42.3675],[63.5625,42.0075],[63.6075,41.9625],[63.6075,41.7825],[63.7425,41.6475],[63.7425,41.5125],[63.8325,41.4225],[63.8325,41.1075],[63.7425,40.9725],[63.8775,40.8825],[63.9675,40.7475],[64.1475,40.6575],[64.2825,40.8375],[64.3725,40.8375],[64.3725,40.8825],[64.5075,40.9725],[64.5975,41.1075],[64.5975,41.1975],[64.6875,41.3775],[65.0925,41.4225],[65.4525,41.6925],[65.4075,41.7375],[65.4075,41.8725],[65.3625,41.8725],[65.3175,41.9625],[65.0925,42.1425],[65.0925,42.2775],[65.0025,42.3675],[64.8225,42.3675],[64.6425,42.6825],[64.4625,42.7725],[64.4625,42.9975],[64.2825,43.1325],[64.2825,43.4475],[64.1925,43.5375],[64.0575,43.5375],[63.9675,43.6275],[63.9675,43.7175],[63.9225,43.7625]]],[[[80.3025,52.7175],[79.9875,52.7175],[79.8525,52.8075],[79.7625,52.8075],[79.6725,52.7625],[79.6725,52.6725],[79.5825,52.4925],[79.4025,52.3575],[79.1325,52.3575],[79.0425,52.4025],[78.6825,52.1775],[78.3225,52.1775],[78.2325,52.2225],[77.9175,52.0425],[77.6025,52.0425],[77.5125,52.0875],[77.0175,51.8175],[76.4775,51.7725],[76.3425,51.6825],[76.2075,51.5025],[75.9375,51.5025],[75.8925,51.4575],[75.6225,51.4575],[75.4425,51.5925],[75.1275,51.5925],[74.8575,51.8175],[74.5425,51.8175],[74.4075,51.9975],[74.2725,51.8625],[73.9125,51.6375],[73.9125,51.4125],[73.8225,51.3225],[73.7325,51.3225],[73.7325,51.2325],[73.6875,51.1875],[73.6875,50.9625],[73.5525,50.8725],[73.0575,50.8725],[73.0125,50.8275],[72.8325,50.8275],[72.6525,50.5125],[72.6975,50.3325],[72.6525,50.2875],[72.6075,49.8825],[72.5625,49.8375],[72.4275,49.8375],[72.3375,49.7475],[72.2475,49.7475],[72.1125,49.5225],[71.9775,49.5225],[71.8425,49.3875],[71.7525,49.3875],[71.6625,49.2975],[71.4375,49.2975],[71.3025,49.2075],[70.7175,49.2075],[70.0875,48.6675],[70.2225,48.5325],[70.2225,48.3975],[70.3125,48.3075],[70.4475,48.3075],[70.5825,48.1725],[70.6275,48.0375],[70.7175,48.0375],[70.8525,47.8575],[71.0325,47.7675],[71.0325,47.1375],[70.9875,47.0925],[70.9425,46.8675],[70.8075,46.7775],[70.8075,46.6425],[70.7625,46.5975],[70.8975,46.4175],[71.0325,46.4175],[71.0775,46.3725],[71.0775,46.2825],[71.2125,46.1025],[71.3025,46.0575],[71.4825,46.0575],[71.5275,45.9675],[71.6625,45.8775],[71.6625,45.7875],[71.7975,45.6975],[71.7975,45.3375],[71.7525,45.2925],[71.8875,45.1575],[71.8875,44.7075],[71.7975,44.6175],[72.0675,44.3925],[72.0675,44.3025],[72.1575,44.2125],[72.3825,44.1675],[72.4275,44.1225],[72.4275,44.0325],[72.5625,44.0325],[72.6525,43.8975],[72.7425,43.8975],[72.8325,43.8075],[72.8325,43.6725],[72.9225,43.5825],[73.1025,43.5375],[73.2825,43.3125],[73.2825,43.2225],[73.4625,43.2225],[73.5525,43.0875],[73.6875,43.0875],[73.7775,42.9975],[73.7775,42.9075],[73.8675,42.8625],[74.1825,42.5025],[74.4525,42.4575],[74.4975,42.4125],[74.4975,42.2775],[74.5875,42.1875],[74.5875,42.0975],[74.7675,41.9625],[74.9025,41.9625],[74.9925,41.8275],[75.2175,41.6475],[75.2175,41.5125],[75.3525,41.4225],[75.3525,40.9725],[75.3075,40.9275],[75.3975,40.8375],[75.3975,40.5675],[75.3525,40.5225],[75.4425,40.4325],[75.4425,39.9825],[75.3075,39.8925],[75.0375,39.8475],[75.0375,39.7125],[75.0825,39.6675],[75.2175,39.6675],[75.2625,39.6225],[75.2625,39.5325],[75.3525,39.4875],[75.3525,39.3975],[75.4875,39.3975],[75.5325,39.3525],[75.5325,39.2175],[75.8475,38.8575],[75.9825,38.8575],[76.0725,38.7675],[76.3875,38.7675],[76.4325,38.6775],[76.7025,38.6775],[76.8375,38.5875],[76.8375,38.3625],[77.0625,38.3175],[77.1075,38.2725],[77.5575,38.3625],[77.6475,38.4525],[77.6925,38.6775],[77.8275,38.7675],[78.3225,38.7675],[78.3675,38.8125],[78.6375,38.8125],[78.6825,38.8575],[78.8625,38.8575],[78.9075,38.9025],[79.4925,38.9025],[79.8075,39.0375],[79.9425,39.1725],[80.0775,39.2175],[80.0775,39.4875],[80.0325,39.5325],[80.0775,39.8475],[79.9875,39.9375],[79.9875,40.0725],[80.0775,40.1625],[80.2125,40.2075],[80.3475,40.3875],[80.4825,40.4325],[80.5275,40.7025],[80.4375,40.7925],[80.4375,40.9275],[80.5275,41.0175],[80.8425,41.1525],[81.0225,41.1525],[81.0675,41.1075],[81.7425,41.1075],[81.9225,41.0175],[82.5525,41.0175],[82.5975,41.0625],[82.8225,41.0625],[82.8675,41.1075],[82.9575,41.1075],[83.0925,41.1975],[83.0475,41.8275],[83.1375,41.9175],[83.3625,41.9625],[83.6325,42.1425],[83.9925,42.1425],[84.1275,42.2325],[84.3075,42.1425],[84.5325,42.1875],[84.7125,42.3225],[84.7125,42.4575],[84.9825,42.5925],[85.2525,42.9975],[85.3425,43.0425],[85.3425,43.2225],[85.3875,43.2675],[85.2525,43.3575],[85.2525,44.0325],[85.1625,44.1675],[84.5775,44.7075],[84.5325,44.7975],[84.5325,44.9775],[84.7575,45.1125],[84.7575,45.2475],[84.9375,45.3375],[85.0725,45.5175],[85.0725,45.6525],[84.8925,45.7425],[84.7575,45.8775],[84.7575,46.0575],[84.7125,46.1475],[84.6225,46.1925],[84.1725,46.1925],[84.1275,46.1475],[83.9025,46.1475],[83.8125,46.1025],[83.7675,45.9225],[83.6325,45.7875],[83.4075,45.6975],[83.3625,45.6075],[83.3625,45.2925],[83.2275,45.1575],[82.9575,45.0675],[82.9125,44.9775],[82.9125,44.5725],[82.7775,44.4825],[82.5075,44.4825],[82.3725,44.5725],[82.3275,44.7075],[82.0575,44.7975],[81.7875,45.1125],[81.7425,45.2475],[81.5175,45.5175],[81.4275,45.7425],[81.2025,45.9225],[81.1575,46.0125],[81.1575,46.1925],[81.1125,46.2825],[81.0225,46.3275],[81.0225,46.7325],[81.0675,46.7775],[81.1125,47.0925],[80.9775,47.2275],[80.9775,47.4075],[80.7075,47.5875],[80.6625,48.3525],[80.7525,48.3975],[80.7525,48.6225],[80.8875,48.8025],[80.9775,48.8475],[81.1575,48.8475],[81.3375,48.9375],[81.4725,49.1175],[81.8325,49.2975],[82.2375,49.2975],[82.2825,49.2525],[82.3725,49.2525],[82.4625,49.2975],[82.6425,49.5225],[83.0475,49.6575],[83.1375,49.7475],[83.1375,49.8375],[83.1825,49.8825],[83.1825,50.1075],[83.3175,50.2875],[83.3175,50.3775],[83.0475,50.5575],[82.8675,50.5575],[82.5525,50.7825],[82.1925,50.9625],[82.0125,50.9625],[81.8325,51.0525],[81.6975,51.2325],[81.4725,51.4125],[81.2925,51.4125],[81.2025,51.3675],[81.1575,51.2775],[80.9775,51.1425],[80.5725,51.1425],[80.4375,51.2325],[80.4825,51.5475],[80.5725,51.6375],[80.7975,51.7275],[80.8875,51.9075],[81.0225,52.0425],[81.0225,52.1325],[80.9775,52.2225],[80.5725,52.6275],[80.3475,52.6725],[80.3025,52.7175]]],[[[65.6325,58.4325],[65.4975,58.4325],[65.4075,58.2975],[65.4525,58.2525],[65.4525,58.0725],[65.5425,58.0275],[65.5425,57.8925],[65.6325,57.9375],[65.6775,58.0275],[65.8125,58.0275],[65.7225,58.1175],[65.6325,58.4325]]],[[[61.4925,59.9625],[61.5825,59.7825],[61.8075,59.7375],[61.8975,59.6475],[61.8975,59.5125],[61.9425,59.4675],[62.0775,59.4675],[62.2125,59.3325],[62.2125,59.1975],[62.2575,59.1525],[62.3475,59.1975],[62.9775,59.1525],[63.1575,59.2875],[63.5175,59.2875],[63.5625,59.2425],[63.9225,59.2425],[63.9675,59.2875],[64.5975,59.2875],[64.6425,59.1975],[65.0025,58.8825],[65.0925,58.8825],[65.1375,58.8375],[65.1825,58.8825],[65.4525,58.8825],[65.5425,58.7925],[65.6775,58.8825],[65.8125,58.8825],[65.8575,58.9275],[65.8575,59.1075],[65.9475,59.1975],[65.9925,59.5125],[66.2175,59.6475],[66.1725,59.6925],[66.1725,60.0525],[66.1275,60.0525],[65.9475,60.2325],[65.8575,60.1875],[65.5875,60.1875],[65.4525,60.3225],[65.1375,60.3225],[65.0475,60.5475],[64.8225,60.5475],[64.7325,60.6375],[64.5525,60.6375],[64.5075,60.6825],[64.5075,60.8625],[64.4625,60.9075],[64.1475,60.9525],[64.0575,61.0875],[63.8325,61.0875],[63.7425,61.1775],[63.7425,61.2675],[63.6975,61.3125],[63.3825,61.3125],[63.3375,61.3575],[63.2925,61.3125],[62.8875,61.3125],[62.8875,61.2675],[62.7525,61.1775],[62.4825,61.1775],[62.3025,60.9525],[62.2125,60.9525],[62.1225,60.8175],[62.0325,60.8175],[61.9875,60.7725],[61.9425,60.5025],[61.7175,60.4125],[61.7175,60.2775],[61.5825,60.1425],[61.5825,60.0525],[61.4925,59.9625]]]]}},{"type":"Feature","id":"Afropa","properties":{"id":"Afropa","tracedAreaKm2":394358},"geometry":{"type":"MultiPolygon","coordinates":[[[[84.6225,7.8075],[84.2175,7.5825],[83.7675,7.4925],[83.6325,7.4025],[83.5425,7.4025],[83.3625,7.3125],[83.0925,7.3125],[83.0475,7.3575],[82.8675,7.3575],[82.7325,7.4475],[82.4625,7.4475],[82.4175,7.4025],[82.2825,7.4025],[81.6975,7.0875],[81.4275,7.0875],[81.1125,7.2225],[80.9775,7.2225],[80.8425,7.3125],[80.4375,7.3575],[80.0775,7.4925],[80.0775,7.4025],[79.8525,7.2675],[79.8525,7.1325],[79.7625,7.0875],[79.7625,6.8175],[79.8075,6.8175],[80.0325,6.5025],[80.3025,6.2775],[80.4375,5.9175],[80.4375,5.7825],[80.2575,5.6025],[80.2575,5.4225],[80.4375,5.1525],[80.4825,4.9275],[80.2575,4.6125],[80.2575,4.3425],[80.1225,4.0725],[80.1225,3.8925],[80.3025,3.6225],[80.3025,3.3525],[80.2125,3.2625],[80.2125,3.0825],[80.2575,2.9925],[80.8425,2.4525],[80.8875,2.2275],[81.0225,2.0925],[81.0225,2.0025],[81.1125,1.9125],[81.2475,1.3275],[81.4275,1.1925],[81.5625,1.1475],[81.8325,0.8775],[81.9675,0.6075],[81.9675,0.3825],[82.5525,0.3375],[82.5975,0.2475],[82.6875,0.2925],[83.0025,0.2925],[83.1825,0.2025],[83.2725,0.2925],[83.3625,0.2925],[83.5875,0.5175],[83.6775,0.5175],[83.7675,0.6075],[84.0375,0.6075],[84.0825,0.6525],[84.0825,0.7875],[84.1725,0.8775],[84.3975,0.9225],[84.3975,1.0575],[84.3075,1.1475],[84.1725,1.1925],[83.9475,1.4625],[83.7675,1.5525],[83.7225,1.9575],[83.8125,2.0025],[83.8125,2.0925],[83.9475,2.2275],[84.0825,2.2725],[84.2175,2.4975],[84.2175,2.6775],[84.5325,2.8575],[84.6675,2.8575],[85.0275,3.0375],[85.0725,3.1275],[85.0725,3.3525],[84.8925,3.6675],[84.8925,4.0275],[84.9375,4.0725],[84.9375,4.2075],[85.1625,4.3875],[85.5225,4.3875],[85.6125,4.3425],[85.7025,4.2075],[85.7925,4.1625],[85.9725,4.1625],[86.0625,4.2075],[86.1525,4.3875],[86.1525,4.7025],[86.0175,4.8825],[86.0175,5.4675],[86.0625,5.5575],[86.1525,5.6025],[86.2875,5.7825],[86.3325,5.7825],[86.3325,5.9175],[86.2425,5.9625],[86.2425,6.0525],[86.0625,6.3675],[86.1075,6.6825],[86.1525,6.7275],[86.1525,6.8175],[86.2425,6.9075],[86.2425,6.9975],[85.5675,7.1775],[85.2975,7.3575],[85.0725,7.4475],[84.6225,7.8075]],[[81.5625,1.7775],[81.6525,1.8675],[82.1475,1.8675],[82.2375,1.7325],[82.4625,1.7325],[82.5075,1.6875],[82.5075,1.3725],[82.3275,1.2375],[81.8775,1.2825],[81.7875,1.4175],[81.6075,1.4175],[81.5625,1.4625],[81.5625,1.7775]]]]}},{"type":"Feature","id":"Andalla","properties":{"id":"Andalla","tracedAreaKm2":51963},"geometry":{"type":"MultiPolygon","coordinates":[[[[-129.0375,3.9375],[-129.1275,3.8025],[-129.0825,3.7575],[-129.0825,3.6225],[-128.9925,3.5325],[-128.9925,3.3525],[-128.9475,3.2625],[-128.7225,3.1725],[-128.7225,3.0825],[-128.6325,2.9475],[-128.5425,3.0825],[-128.4075,3.1725],[-128.5425,3.3525],[-128.5425,3.8025],[-128.4525,3.8925],[-128.9925,3.8925],[-129.0375,3.9375]]],[[[-129.7575,5.2425],[-129.7575,5.0175],[-129.8025,4.9275],[-129.6225,4.8375],[-129.6225,4.7025],[-129.5775,4.6575],[-129.4425,4.6575],[-129.3525,4.5675],[-129.0825,4.5675],[-129.0375,4.6125],[-129.0375,4.7025],[-128.9925,4.7475],[-128.9925,5.0625],[-129.0375,5.1075],[-129.0375,5.1975],[-129.1275,5.2425],[-129.7575,5.2425]]],[[[-131.0625,6.1425],[-130.9725,6.0075],[-130.9725,5.6925],[-131.0175,5.6475],[-130.9725,5.5575],[-130.8825,5.5575],[-130.7925,5.4675],[-130.5675,5.4675],[-130.4775,5.3775],[-130.0725,5.3775],[-130.0275,5.3325],[-129.8475,5.3325],[-129.8475,5.5575],[-130.1175,5.8275],[-130.1175,5.9175],[-130.2075,6.0075],[-130.2075,6.2325],[-130.2525,6.2775],[-130.4325,6.1425],[-131.0625,6.1425]]],[[[-131.4225,6.6825],[-131.4225,6.4125],[-131.3325,6.3225],[-131.1075,6.3225],[-131.1525,6.5925],[-131.1975,6.6375],[-131.4225,6.6825]]],[[[-133.1325,10.6875],[-133.2675,10.5525],[-133.2675,10.4625],[-133.3125,10.4175],[-133.3125,10.3725],[-133.1775,10.2825],[-133.1775,10.0125],[-133.2225,9.9675],[-133.1325,9.8775],[-132.9975,9.8775],[-132.9075,9.7425],[-132.9525,9.1575],[-132.7275,9.0675],[-132.7275,8.7975],[-132.8175,8.7525],[-132.9525,8.5725],[-132.9975,8.5725],[-132.9975,8.4825],[-132.8625,8.3925],[-132.8625,8.3025],[-132.7275,8.2125],[-132.4575,8.2125],[-132.3225,8.0775],[-132.2775,8.1225],[-132.0075,8.1225],[-131.9625,8.0775],[-131.9625,7.9875],[-131.7375,7.8525],[-131.7375,7.4925],[-131.8275,7.4025],[-131.7375,7.1775],[-131.6025,7.1775],[-131.5575,7.1325],[-131.3325,7.3575],[-131.0625,7.3575],[-131.0175,7.3125],[-131.0175,7.0875],[-130.7925,6.9525],[-130.6125,7.0875],[-130.6125,7.6275],[-130.7025,7.7175],[-130.9275,7.7625],[-130.9725,7.8525],[-131.0625,7.8975],[-131.2875,7.8975],[-131.3775,8.1225],[-131.6925,8.1225],[-131.8725,8.2575],[-131.8725,8.6625],[-131.8275,8.7075],[-132.0075,8.8875],[-132.0975,8.9325],[-132.5925,8.9775],[-132.6375,9.0225],[-132.6375,9.2925],[-132.7275,9.3825],[-132.7275,9.8775],[-132.6825,9.9225],[-132.6825,10.0125],[-132.8625,10.1475],[-132.8625,10.5075],[-132.9525,10.5075],[-133.1325,10.6875]]]]}},{"type":"Feature","id":"Ayubi","properties":{"id":"Ayubi","tracedAreaKm2":56272},"geometry":{"type":"MultiPolygon","coordinates":[[[[99.0225,-7.0875],[99.0675,-7.1325],[99.0675,-7.7175],[98.8875,-7.8075],[99.0225,-7.8975],[99.0225,-7.9875],[99.3375,-8.3475],[99.4275,-8.5275],[99.5625,-8.6175],[99.7875,-8.6175],[99.9225,-8.7075],[100.0125,-8.7075],[100.1475,-8.8425],[100.1925,-8.8425],[100.3275,-8.6625],[100.6425,-8.6625],[100.8675,-8.7525],[100.9125,-8.7075],[101.4525,-8.7075],[101.4975,-8.7975],[101.5425,-8.7975],[101.6325,-8.6625],[102.2625,-8.6625],[102.3525,-8.5725],[102.3525,-8.4375],[102.4875,-8.3475],[102.3525,-8.2125],[102.3525,-8.0775],[102.2625,-8.0775],[102.2175,-7.9875],[102.0825,-7.8975],[101.8575,-7.8525],[101.6775,-7.6725],[101.6325,-7.7175],[101.2275,-7.7175],[101.0475,-7.6275],[100.7325,-7.6275],[100.5975,-7.4925],[100.5075,-7.4925],[100.4625,-7.4475],[100.4625,-7.3575],[100.3275,-7.2675],[100.3275,-7.1775],[100.2825,-7.1325],[100.2825,-6.9075],[100.2375,-6.8625],[100.2375,-6.6375],[100.1475,-6.5925],[100.1475,-6.5025],[100.0575,-6.4125],[100.0125,-6.4125],[99.9225,-6.5475],[99.6525,-6.5475],[99.5175,-6.6825],[99.3375,-6.7275],[99.3375,-6.8625],[99.0225,-7.0875]]]]}},{"type":"Feature","id":"Bainbridge-Islands","properties":{"id":"Bainbridge-Islands","tracedAreaKm2":332573},"geometry":{"type":"MultiPolygon","coordinates":[[[[126.4275,-4.1175],[125.9325,-4.1175],[125.7525,-4.2075],[125.5275,-4.2075],[125.4375,-4.2975],[125.4375,-4.4325],[125.3025,-4.5675],[125.2125,-4.5675],[125.1675,-4.6125],[125.2575,-4.7025],[125.3475,-4.7025],[125.4825,-4.8825],[125.6625,-4.8825],[125.7525,-5.0175],[125.8875,-5.0175],[126.0225,-4.9275],[125.9775,-4.8825],[125.9775,-4.6125],[126.3825,-4.2975],[126.4725,-4.1625],[126.4275,-4.1175]]],[[[128.5875,-3.4425],[128.4525,-3.3975],[128.3625,-3.3075],[128.2725,-3.3075],[128.1825,-3.3975],[127.9575,-3.4425],[127.9125,-3.5325],[128.0025,-3.6225],[128.0025,-3.8475],[128.0475,-3.8925],[128.2275,-3.8925],[128.3625,-3.8025],[128.4975,-3.8025],[128.4975,-3.7575],[128.6325,-3.6675],[128.5875,-3.4425]]],[[[129.4425,-2.6325],[129.3975,-2.6325],[129.3525,-2.7225],[129.2175,-2.7225],[129.0825,-2.8125],[129.0825,-3.0375],[128.9475,-3.1275],[128.9475,-3.2175],[129.0375,-3.3075],[129.0375,-3.4875],[129.1725,-3.5775],[129.1725,-3.7575],[129.3075,-3.8475],[129.4875,-3.7125],[129.5775,-3.7125],[129.6225,-3.6675],[129.6225,-3.1725],[129.7575,-3.0375],[129.5775,-2.8575],[129.5775,-2.7675],[129.4425,-2.6325]]],[[[124.6725,-0.9225],[124.4025,-0.7425],[124.3125,-0.8325],[124.1775,-0.8325],[123.9975,-0.9675],[123.8175,-0.9675],[123.7275,-1.0575],[123.7275,-1.1475],[123.5925,-1.2375],[123.5925,-1.4175],[123.3225,-1.5525],[123.1875,-1.7775],[123.0525,-1.7775],[122.9625,-1.8675],[122.6475,-1.9125],[122.4225,-2.0925],[122.2875,-2.0925],[122.1975,-2.2275],[122.1075,-2.2275],[121.9275,-2.3625],[122.0625,-2.5425],[122.3775,-2.5425],[122.4225,-2.5875],[122.4675,-2.5875],[122.4675,-2.4525],[122.5575,-2.3625],[122.8725,-2.3625],[122.9175,-2.4075],[122.9175,-2.7225],[122.7825,-2.8575],[122.5125,-2.8575],[122.4675,-2.9475],[122.3325,-2.9475],[122.1975,-3.0825],[121.9725,-3.0825],[121.8375,-3.2175],[121.8375,-3.4875],[121.8825,-3.4875],[122.0625,-3.6675],[122.3325,-3.7125],[122.4225,-3.8025],[122.5575,-3.6675],[122.8275,-3.6675],[122.9625,-3.7575],[123.0975,-3.7575],[123.2325,-3.9375],[123.2775,-3.8475],[123.3675,-3.8475],[123.4575,-3.7575],[123.5475,-3.7575],[123.6375,-3.6675],[123.6375,-3.4875],[123.7275,-3.3975],[123.8625,-3.3525],[123.9525,-3.2625],[123.9525,-3.1725],[124.0875,-3.0375],[124.2225,-3.0375],[124.2675,-2.9925],[124.2675,-2.8575],[124.4025,-2.7225],[124.4025,-2.5425],[124.3125,-2.5425],[124.1775,-2.4075],[123.6825,-2.4075],[123.6375,-2.3625],[123.6375,-2.0025],[123.8175,-1.8225],[123.8175,-1.6425],[124.0425,-1.5525],[124.1775,-1.2825],[124.3125,-1.2375],[124.4475,-1.1025],[124.5825,-1.1025],[124.6725,-0.9225]]],[[[121.9725,0.7875],[121.9275,0.8325],[121.3875,0.8325],[121.3425,0.8775],[120.6675,0.8775],[120.6225,0.8325],[120.3525,0.8325],[120.2625,0.9675],[120.0375,0.9675],[119.9475,1.1025],[119.8575,1.1475],[119.8125,1.3275],[119.7225,1.3725],[119.6325,1.5075],[119.4525,1.5075],[119.4075,1.3725],[119.3175,1.2825],[119.1375,1.2375],[119.0925,1.1475],[118.8225,0.9675],[118.6875,0.7875],[118.4175,0.7875],[118.3725,0.8325],[118.2375,0.5625],[118.0125,0.4725],[117.8775,0.2925],[117.9225,0.2475],[117.9225,-0.0225],[117.7875,-0.1575],[117.7875,-0.4725],[117.7425,-0.5175],[117.9675,-0.6075],[118.1025,-0.8325],[118.1025,-1.0125],[118.1925,-1.1025],[118.3725,-1.1475],[118.4175,-1.2375],[118.6425,-1.4175],[118.6425,-1.4625],[118.9125,-1.5075],[118.9575,-1.4625],[119.0475,-1.4625],[119.0475,-1.2825],[119.1375,-1.1925],[119.2275,-1.1925],[119.4075,-0.9675],[119.7225,-0.9675],[119.9025,-1.1025],[120.1725,-1.1025],[120.3975,-0.7875],[120.4875,-0.7875],[120.5775,-0.6975],[120.8925,-0.6075],[120.9375,-0.4275],[121.0725,-0.3375],[121.2975,0.0225],[121.3875,0.1125],[121.4775,0.1125],[121.6575,0.2475],[121.7925,0.5175],[121.9275,0.6525],[122.0175,0.6525],[121.9725,0.7875]]],[[[131.6475,2.2725],[131.4225,2.2725],[131.3325,2.3625],[130.9725,2.4075],[130.9275,2.3175],[130.7925,2.2275],[130.3875,2.1825],[130.3425,1.8675],[130.2975,1.8225],[130.2075,1.8225],[130.0275,1.5525],[130.0275,1.4625],[130.1175,1.2825],[130.4775,1.3275],[130.8375,1.5975],[130.8375,1.7325],[130.8825,1.7775],[131.0175,1.7775],[131.1975,1.9125],[131.3775,1.9125],[131.4675,1.9575],[131.5125,2.0475],[131.6025,2.0475],[131.6475,2.0925],[131.6475,2.2725]]],[[[129.4875,1.9125],[129.2625,2.0925],[129.1275,2.0925],[128.9925,2.1825],[128.7225,2.1825],[128.6325,2.3175],[128.3625,2.3175],[128.2725,2.4525],[128.1825,2.4525],[128.0475,2.5425],[127.9575,2.4525],[127.6875,2.4525],[127.6875,2.4075],[127.5975,2.3625],[127.5975,2.2275],[127.5525,2.1825],[127.4175,2.1825],[127.2825,1.9575],[126.3375,2.0025],[126.2475,2.0925],[125.5275,2.0925],[125.3475,1.9575],[124.6725,1.9125],[124.6275,1.8225],[124.4475,1.8225],[124.3575,1.7325],[124.3575,1.6425],[124.3125,1.5975],[124.0875,1.5525],[123.9975,1.4625],[123.9975,1.3275],[123.9525,1.2825],[123.3675,1.2825],[123.2325,1.1925],[123.0525,1.1925],[123.0075,1.1475],[123.0075,1.0575],[123.1425,0.9225],[123.1425,0.8325],[123.1875,0.7875],[123.4125,0.7875],[123.5025,0.6975],[123.5025,0.3825],[123.5925,0.2925],[123.8625,0.2925],[123.9075,0.2475],[124.1325,0.2475],[124.1775,0.3375],[124.3125,0.3375],[124.4025,0.4725],[124.7175,0.4725],[124.8075,0.5625],[124.8975,0.5625],[124.9875,0.6975],[125.1675,0.6975],[125.2575,0.8325],[125.8875,0.8325],[126.5175,0.8325],[126.6975,0.6975],[126.6975,0.6075],[126.7425,0.5625],[126.7425,0.2925],[126.5625,0.1125],[126.7425,0.0225],[127.1475,0.0225],[127.3725,0.2475],[127.5075,0.2475],[127.5975,0.3825],[127.8225,0.3825],[128.0475,0.6525],[128.2275,0.6525],[128.3175,0.6975],[128.4075,0.8325],[128.4975,0.8325],[128.5425,0.8775],[128.7675,0.8775],[128.8575,1.1025],[129.0375,1.1475],[129.0375,1.1925],[129.2175,1.3725],[129.3075,1.3725],[129.3525,1.5075],[129.4875,1.6425],[129.4875,1.9125]]],[[[132.6825,2.8125],[132.3675,2.8125],[132.0975,2.5875],[132.0525,2.3625],[132.1875,2.1375],[132.2775,2.1375],[132.3675,2.0475],[132.5025,2.0475],[132.6375,2.2275],[132.6825,2.8125]]],[[[122.0175,3.9375],[121.8825,4.0275],[121.8825,4.1175],[121.7925,4.2075],[121.6125,4.2075],[121.4775,4.1175],[121.1625,4.1175],[120.9825,3.9825],[120.9825,3.8475],[120.8475,3.6675],[120.6675,3.6675],[120.6225,3.5325],[120.3525,3.3525],[120.3525,3.1725],[120.2625,2.9925],[120.1275,2.9025],[119.8125,2.9025],[119.7675,2.8125],[119.6325,2.7225],[119.5425,2.5875],[119.5425,2.3625],[119.5875,2.3175],[120.105,2.34],[120.6225,2.3625],[120.6675,2.3175],[120.6675,2.0925],[120.8925,1.8675],[120.8925,1.8225],[120.8925,1.8675],[120.9825,1.9125],[121.1625,2.1375],[121.3875,2.1375],[121.3875,2.1825],[121.4775,2.2275],[121.5675,2.3625],[121.6575,2.3625],[121.7025,2.4525],[121.8375,2.5425],[121.8825,3.0825],[122.0625,3.1725],[122.1075,3.2625],[122.1075,3.4875],[122.1525,3.5325],[122.0625,3.6225],[122.0625,3.8475],[122.0175,3.9375]]],[[[126.4275,4.2525],[126.3825,4.2975],[126.2475,4.2975],[125.9775,4.4775],[125.7525,4.4775],[125.6625,4.3875],[125.5725,4.3875],[125.5725,4.3425],[125.4375,4.2525],[125.3925,4.1625],[125.4375,4.1175],[125.4375,3.9825],[125.5275,3.8925],[125.6175,3.8925],[125.7075,3.7125],[125.8425,3.7125],[125.9325,3.8025],[126.0675,3.8025],[126.1575,3.9825],[126.2475,4.0725],[126.3375,4.0725],[126.3825,4.1175],[126.4275,4.2525]]]]}},{"type":"Feature","id":"Bashan","properties":{"id":"Bashan","tracedAreaKm2":249153},"geometry":{"type":"MultiPolygon","coordinates":[[[[97.0875,25.8075],[96.8625,25.9425],[96.7725,25.8975],[96.5475,25.9425],[96.5025,25.9875],[96.5025,26.0775],[96.3225,26.2575],[96.3225,26.3025],[96.0525,26.5275],[96.0525,26.6625],[95.9625,26.7975],[95.9625,26.8875],[95.5575,26.8875],[95.5125,26.9775],[95.3325,27.1125],[95.3325,27.1575],[94.9725,27.1575],[94.8825,27.2925],[94.7925,27.2475],[94.4325,27.2475],[94.3875,27.2025],[94.3425,27.2475],[94.2075,27.1575],[94.2075,26.9325],[93.9825,26.8425],[93.9825,26.7525],[94.0275,26.7075],[94.0275,26.4375],[93.9825,26.3925],[93.8025,26.3925],[93.7575,26.3475],[93.4875,26.3025],[93.2175,26.1225],[93.0825,26.1225],[93.0375,26.0325],[92.7225,26.0325],[92.6775,26.0775],[92.5875,26.0775],[92.4975,25.9875],[92.2275,25.9875],[92.1825,25.8975],[91.8225,25.8525],[91.6875,25.7625],[91.4625,25.7625],[91.3725,25.6275],[91.2825,25.6275],[91.1475,25.5375],[91.1475,25.4925],[91.2375,25.4475],[91.2375,25.1775],[91.1925,25.1325],[90.7875,25.1325],[90.7425,25.2225],[90.6525,25.2225],[90.5625,25.1325],[90.2925,25.1325],[90.2025,25.2225],[90.0675,25.2225],[89.9325,25.4025],[89.7975,25.3125],[89.5275,25.3125],[89.4375,25.4025],[89.3025,25.4025],[89.2125,25.3575],[89.2125,25.2225],[89.1225,25.1325],[88.9875,25.1325],[88.9425,25.0425],[88.8075,24.9525],[88.7175,24.8175],[88.6275,24.8175],[88.5375,24.6825],[87.9075,24.6825],[87.9075,24.5925],[87.7275,24.5025],[87.6825,24.2325],[87.5475,24.1425],[87.5475,24.0975],[87.6375,24.0975],[87.6825,24.0525],[87.6825,23.7375],[87.5925,23.6025],[87.4125,23.6025],[87.1875,23.2875],[87.4125,23.2425],[87.5475,23.1075],[87.5475,22.9725],[87.8175,22.7025],[87.8625,22.6125],[87.8625,22.4325],[87.9975,22.3425],[87.9975,22.1625],[88.0425,22.1175],[88.2675,22.1625],[88.2675,22.2525],[88.4475,22.3875],[88.6725,22.3875],[88.8525,22.2975],[89.0775,22.4775],[89.1675,22.4775],[89.6625,22.2075],[89.9325,22.4325],[90.0225,22.3875],[90.1125,22.4325],[90.1575,22.3875],[90.2475,22.3875],[90.3825,22.4775],[90.6075,22.4325],[90.6075,22.5225],[90.8775,22.7025],[91.1475,22.7025],[91.1925,22.6125],[91.3275,22.5675],[91.8675,22.8375],[92.1825,23.1525],[92.1825,23.2425],[92.2725,23.2875],[92.3175,23.4675],[92.5425,23.6475],[92.5425,23.9175],[92.6775,24.0525],[92.7675,24.0975],[92.9025,24.0525],[93.0375,23.9175],[93.0825,23.7825],[93.1725,23.7375],[93.2625,23.7825],[93.3075,23.8725],[93.2625,24.0975],[93.3975,24.1875],[93.5325,24.0975],[93.7125,24.0975],[93.8025,24.1425],[94.0275,24.0075],[94.3425,24.0975],[94.3425,24.4575],[94.4775,24.5475],[94.6575,24.5475],[94.7475,24.5925],[94.9275,24.7725],[94.9725,24.7725],[94.9725,24.8625],[95.1525,24.9975],[95.3775,24.9975],[95.6025,24.8625],[95.7375,24.9075],[95.8275,25.0425],[95.8275,25.1775],[95.9175,25.3125],[95.9175,25.4475],[95.8725,25.4925],[95.8725,25.6275],[95.9175,25.6725],[96.1425,25.7175],[96.2775,25.6275],[96.5025,25.6275],[96.5475,25.6725],[96.7275,25.6725],[96.8175,25.6275],[97.0875,25.8075]]]]}},{"type":"Feature","id":"Cherkessk","properties":{"id":"Cherkessk","tracedAreaKm2":483514},"geometry":{"type":"MultiPolygon","coordinates":[[[[108.5175,38.2275],[108.5175,37.9125],[108.4725,37.8675],[108.6525,37.7325],[108.7425,37.7325],[108.7875,37.6875],[108.7875,37.5525],[108.9225,37.5525],[108.9675,37.4625],[109.1025,37.3725],[109.1025,37.2375],[109.2375,37.1475],[109.4625,37.1475],[109.5525,37.0575],[109.7325,37.1925],[110.2275,37.1925],[110.3625,37.1025],[110.5425,37.1025],[110.5875,37.0575],[110.5875,36.7875],[110.4525,36.6075],[109.8675,36.6525],[109.7325,36.5625],[109.7775,36.5625],[110.0925,36.2475],[110.3175,36.1125],[110.7675,36.1125],[110.9475,36.0225],[111.1275,35.7525],[111.3975,35.6175],[111.6225,35.6175],[112.3425,35.9775],[112.8375,35.9775],[112.9275,36.0225],[113.3325,35.7525],[114.0975,35.6625],[114.3225,35.5275],[114.5925,35.4825],[114.6375,35.4375],[114.8625,35.4375],[114.9075,35.4825],[115.4025,35.4825],[115.7175,35.2575],[116.0775,35.2575],[116.6625,34.8525],[117.1575,34.8975],[117.2025,34.9425],[117.5175,34.9425],[117.6525,34.8525],[117.6525,34.7175],[117.8325,34.5825],[117.9675,34.6725],[118.1475,34.6725],[118.5975,34.4475],[118.7775,34.5375],[118.8675,34.6725],[119.0925,34.7175],[119.2275,34.8075],[119.4075,34.8075],[119.6325,34.6725],[119.7675,34.7625],[119.7675,34.8975],[119.9025,35.0325],[120.1275,35.1225],[120.1725,35.5275],[120.2625,35.5725],[120.2625,35.8425],[120.1725,35.8875],[120.1275,36.1575],[119.9925,36.3825],[119.9925,36.5625],[120.1725,36.9225],[120.1725,37.1925],[119.9475,37.6875],[119.9025,38.0475],[119.7675,38.2275],[119.7675,38.5425],[119.9925,38.6775],[120.1725,38.7225],[120.1275,39.4875],[120.0375,39.5325],[119.9025,39.7125],[119.9475,39.9825],[119.8575,40.1175],[119.8575,40.3875],[119.7225,40.4325],[119.6775,40.4775],[119.6775,40.6125],[119.4975,40.7475],[119.0025,40.3875],[118.7775,40.5225],[118.6425,40.5225],[118.5075,40.4325],[118.2375,40.3875],[118.1925,40.3425],[118.0125,40.3425],[117.8325,40.4325],[117.7425,40.4325],[117.5625,40.3425],[117.3375,40.3425],[116.8875,40.6575],[116.6625,40.7475],[116.3475,40.7925],[116.0325,40.9275],[115.7625,40.9275],[115.7175,40.8825],[115.4925,40.8825],[115.4475,40.9275],[115.3575,40.9275],[114.9525,41.2875],[114.9075,41.2875],[114.8625,41.3325],[114.8625,41.4225],[114.7725,41.4675],[114.1875,41.1525],[113.9175,41.1075],[113.7375,40.9725],[113.1075,40.6575],[112.6575,40.6125],[112.4775,40.5225],[112.1625,40.1625],[111.5325,39.9375],[111.3075,39.6675],[111.2175,39.4425],[111.1275,39.3975],[110.6775,39.4425],[110.4975,39.3525],[110.4075,39.2175],[110.3625,38.9475],[110.0025,38.6775],[109.5525,38.7225],[109.5075,38.6775],[109.2825,38.6325],[108.9675,38.4525],[108.7425,38.4525],[108.6525,38.3175],[108.5175,38.2275]],[[116.3925,39.0825],[116.3925,38.7675],[116.2575,38.6775],[115.7625,38.6775],[115.7175,38.5875],[115.5375,38.5875],[115.4475,38.4525],[115.3125,38.4525],[115.3125,38.3625],[115.2675,38.3175],[115.1775,38.3175],[115.0425,38.2275],[114.7725,38.2275],[114.7725,38.0925],[114.7275,38.0475],[114.5025,38.0475],[114.3225,37.9575],[114.0525,37.9575],[114.0525,37.8225],[114.0075,37.7775],[113.6925,37.7775],[113.6475,37.8225],[113.1525,37.8675],[113.1075,37.7775],[112.9725,37.7775],[112.9725,37.7325],[112.9275,37.6875],[112.8375,37.6875],[112.7925,37.5975],[112.5675,37.5975],[112.5675,37.4175],[112.4325,37.3275],[112.3425,37.1475],[111.7125,37.1475],[111.4875,37.2375],[111.4875,37.5075],[111.6675,37.6425],[111.8025,37.6425],[111.8475,37.6875],[111.8475,37.8675],[111.8925,37.9125],[112.3425,38.0025],[112.3875,38.0475],[112.3875,38.2275],[112.4775,38.2725],[112.6125,38.4525],[112.7025,38.4525],[112.7475,38.4975],[113.3325,38.4975],[113.3775,38.4075],[113.4225,38.4075],[113.4675,38.4525],[113.4675,38.5425],[113.5575,38.6325],[113.8275,38.6325],[114.0075,38.8575],[114.0075,38.9925],[114.0975,39.0825],[114.1875,39.0825],[114.3225,39.2175],[114.3675,39.3975],[114.4575,39.5325],[114.9075,39.5325],[114.9525,39.4425],[115.1325,39.4425],[115.2225,39.3525],[115.3575,39.3525],[115.4925,39.2175],[115.5375,39.2625],[115.8075,39.2625],[116.0775,39.1275],[116.3475,39.1275],[116.3925,39.0825]]]]}},{"type":"Feature","id":"Damak-Var","properties":{"id":"Damak-Var","tracedAreaKm2":555481},"geometry":{"type":"MultiPolygon","coordinates":[[[[116.5725,2.5425],[116.3925,2.7225],[116.3475,2.7225],[116.3025,2.8125],[116.1225,2.8125],[116.0325,2.9025],[115.6725,2.9025],[115.5825,2.9475],[115.4925,2.8575],[115.2225,2.8125],[115.1325,2.6775],[114.9075,2.6775],[114.8175,2.6325],[114.7275,2.4975],[114.4125,2.4975],[114.3675,2.4525],[114.0525,2.4525],[113.9625,2.5875],[113.8725,2.5875],[113.7375,2.7225],[113.6475,2.7225],[113.6025,2.7675],[113.4675,2.6775],[112.5675,2.5875],[112.4325,2.7675],[112.3875,2.7225],[111.9825,2.7225],[111.9375,2.8125],[110.9925,2.8125],[110.9025,2.7225],[110.3175,2.7225],[110.1825,2.5425],[109.9125,2.5425],[109.6875,2.3175],[109.3275,2.3175],[109.1475,2.4975],[109.0575,2.6775],[108.9675,2.5875],[108.8775,2.5875],[108.8775,2.4975],[108.7425,2.3625],[108.0675,2.3625],[107.9775,2.4525],[107.6175,2.4525],[107.5275,2.3625],[107.1675,2.3625],[107.1225,2.2725],[106.9875,2.1825],[106.4475,2.1825],[106.3125,2.0925],[106.0425,2.0925],[105.9975,2.1375],[105.9075,2.1375],[105.8175,2.3175],[105.6825,2.1375],[105.5925,2.1375],[105.3675,2.0025],[105.3225,1.8675],[105.1875,1.7775],[105.1425,1.6875],[105.0525,1.6875],[105.0075,1.5975],[104.9175,1.5975],[104.8275,1.5075],[104.8275,1.3275],[104.6925,1.2375],[104.7825,1.0125],[104.9175,0.9225],[104.9175,0.6525],[104.8725,0.6075],[104.8725,0.5175],[104.7825,0.4275],[104.6925,0.4275],[104.6475,0.3825],[104.6475,0.2925],[104.4675,0.1575],[104.3775,0.0225],[104.1525,-0.0675],[104.1525,-0.1575],[104.0625,-0.2475],[104.1075,-0.2925],[104.1075,-0.5625],[103.9725,-0.6525],[104.0175,-1.3275],[103.8825,-1.5075],[103.7025,-1.5525],[103.6575,-1.6425],[103.5675,-1.6875],[103.6125,-1.7325],[103.6125,-2.0025],[103.5675,-2.0475],[103.6125,-2.0925],[103.6125,-2.2275],[103.8825,-2.4975],[103.8825,-3.0825],[103.8375,-3.1275],[103.8375,-3.2625],[103.7925,-3.3075],[103.3875,-3.3075],[103.3425,-3.2625],[103.2975,-3.3525],[103.1175,-3.4875],[103.1175,-3.9375],[103.7475,-3.9825],[103.8825,-3.8925],[104.0175,-3.7125],[104.2875,-3.7125],[104.3325,-3.7575],[104.5125,-3.6675],[105.0525,-3.6675],[105.2775,-3.8475],[105.5025,-3.8475],[105.6375,-3.9825],[106.2225,-4.0275],[106.4025,-4.1625],[106.7175,-4.1625],[106.8075,-4.2525],[106.8975,-4.2525],[107.0775,-4.4775],[107.2125,-4.4775],[107.3025,-4.5675],[107.3925,-4.5675],[107.4375,-4.6125],[107.7525,-4.6125],[107.9775,-4.4775],[108.0225,-4.2975],[108.2475,-4.1175],[108.2925,-3.8925],[108.4725,-3.8025],[108.5625,-3.6675],[108.5625,-3.5325],[108.6975,-3.3975],[108.9675,-3.2625],[108.9675,-3.1275],[109.0575,-3.0375],[109.0125,-2.9925],[108.7875,-2.9925],[108.6525,-2.8575],[108.6525,-2.7675],[108.6075,-2.7225],[108.3825,-2.7225],[108.1575,-2.6325],[107.3925,-2.6325],[107.3475,-2.5875],[107.2575,-2.5875],[107.1675,-2.4525],[106.8525,-2.4525],[106.7625,-2.5425],[106.4025,-2.5425],[106.3575,-2.4975],[106.3575,-2.1825],[106.4025,-2.1375],[106.6275,-2.1375],[106.7175,-2.0475],[106.8975,-2.0475],[106.9425,-2.0025],[107.2125,-2.0025],[107.3475,-2.1375],[107.8425,-2.1375],[107.8875,-2.0925],[108.1125,-2.0925],[108.3375,-1.9125],[108.4725,-1.9125],[108.6525,-1.7775],[108.6975,-1.6875],[109.3275,-1.6875],[109.4175,-1.5975],[109.7325,-1.5525],[109.8225,-1.5075],[110.0025,-1.2375],[110.1825,-1.1475],[110.1825,-1.0125],[110.2275,-0.9675],[110.3625,-0.9675],[110.4975,-0.7875],[110.7225,-0.7425],[110.8575,-0.6525],[111.1275,-0.3375],[110.9475,-0.2025],[110.8125,-0.3375],[110.1375,-0.3375],[110.0925,-0.3825],[109.8225,-0.3825],[109.7775,-0.3375],[109.7775,-0.0225],[109.8225,0.0225],[110.3625,0.0225],[110.4975,0.1575],[110.5875,0.1575],[110.7675,0.3825],[110.8575,0.3825],[110.9925,0.4725],[111.3075,0.5175],[111.3525,0.5625],[111.8025,0.5625],[111.8925,0.6525],[112.1625,0.6975],[112.2525,0.7875],[112.3425,0.7875],[112.4775,0.9225],[112.4775,1.0125],[112.5225,1.0575],[112.7025,1.1025],[112.7925,1.2375],[112.9275,1.2375],[113.1075,1.3275],[113.6475,1.3275],[113.8275,1.1925],[113.9625,1.1475],[114.0075,1.1025],[114.0075,1.0125],[114.6375,0.9675],[114.8625,1.3275],[115.0425,1.3275],[115.1775,1.4625],[115.4475,1.4625],[115.5375,1.5525],[115.6725,1.5525],[115.7625,1.6425],[115.8525,1.6425],[115.9875,1.8225],[116.1675,1.8675],[116.2125,2.0025],[116.3925,2.1825],[116.4825,2.1825],[116.5275,2.2275],[116.5275,2.4975],[116.5725,2.5425]]]]}},{"type":"Feature","id":"Deltannia","properties":{"id":"Deltannia","tracedAreaKm2":257209},"geometry":{"type":"MultiPolygon","coordinates":[[[[110.9925,71.6175],[110.9475,71.6625],[110.9475,71.7975],[110.8575,71.9325],[110.8575,72.0675],[110.5875,72.3825],[110.5875,72.6975],[110.6325,72.7425],[110.5425,72.8325],[110.5425,73.2825],[110.0925,73.2825],[109.9125,73.1475],[109.9125,72.9675],[109.8225,72.9225],[109.7325,72.7875],[109.7325,72.4725],[109.6875,72.4275],[109.1925,72.3825],[109.1475,72.4275],[109.1475,72.7425],[109.0575,72.8325],[108.3825,72.8325],[108.3375,72.8775],[108.2025,72.6975],[108.0675,72.6075],[107.9775,72.6075],[107.9325,72.5175],[107.1675,72.5175],[107.1225,72.4725],[106.6725,72.5175],[106.5375,72.6975],[106.4475,72.6975],[106.0875,72.5175],[106.0425,72.2025],[105.9075,72.1125],[105.8625,72.0225],[105.7725,72.0225],[105.7275,71.9775],[105.4125,71.9775],[105.3225,72.0675],[105.0525,72.0675],[105.0075,72.1575],[104.9175,72.2025],[104.7375,72.2025],[104.6475,72.2925],[104.6025,72.2025],[104.4675,72.1125],[104.1975,72.1125],[104.0625,72.0225],[103.3875,72.0675],[103.2525,72.1575],[103.0275,72.1575],[102.8925,72.2925],[102.8925,72.3825],[102.7125,72.5175],[102.7125,72.6525],[102.6225,72.6975],[102.5325,72.5625],[102.3975,72.5625],[102.3525,72.5175],[102.3525,72.3825],[102.2175,72.2475],[102.0375,72.2025],[101.9475,72.0675],[101.7675,71.9325],[101.7675,71.4825],[101.6775,71.4375],[101.6325,71.1675],[101.5425,71.0325],[100.6875,71.0325],[100.5525,70.8975],[100.3725,70.8975],[100.1475,70.7175],[99.7875,70.7175],[99.7425,70.7625],[99.6525,70.7625],[99.5625,70.6275],[99.4275,70.5375],[99.3375,70.3575],[99.1125,70.2675],[99.0675,70.0875],[99.0225,70.0425],[98.9325,70.0425],[98.7975,69.9075],[98.7975,69.7725],[98.7525,69.7275],[98.5725,69.7275],[98.4375,69.5025],[98.3025,69.5025],[98.2575,69.4575],[98.2575,69.0975],[98.3025,69.0525],[98.3025,68.3325],[98.2125,68.1975],[98.0325,68.1525],[97.9875,68.0175],[97.8975,67.9275],[97.1775,67.9275],[96.9975,68.0625],[96.8175,68.0625],[96.7725,68.1075],[96.5475,68.1075],[96.5025,68.1525],[96.4125,68.1525],[96.3225,68.2425],[96.3225,68.4675],[96.1425,68.5575],[96.1425,68.7825],[96.0975,68.8275],[96.0975,68.9625],[96.0075,69.0525],[96.0075,69.1425],[95.8275,69.1425],[95.6925,69.2775],[95.6475,69.5025],[95.5575,69.5025],[95.5125,69.5475],[95.4675,69.7275],[95.1525,69.9525],[94.9275,69.9525],[94.8375,69.8625],[94.7025,69.8625],[94.6125,69.7725],[94.6125,69.5475],[94.4775,69.4575],[94.4775,69.3675],[94.4325,69.3225],[94.3425,69.3225],[94.2975,69.2775],[94.2975,69.1875],[94.2075,69.0975],[94.0725,69.0975],[94.0275,69.0075],[93.8925,69.0075],[93.8925,68.9175],[93.8025,68.8275],[93.8475,68.7825],[93.8475,68.5575],[93.9375,68.5575],[94.0725,68.4225],[94.1175,68.1975],[94.2525,68.1075],[94.2525,67.7925],[94.3425,67.7025],[94.3425,67.5675],[94.4775,67.4325],[94.5675,67.2525],[94.6575,67.2525],[94.7925,67.1175],[94.8825,67.1175],[95.0175,66.9375],[95.4675,66.9375],[95.7825,66.7125],[95.8725,66.5775],[95.8725,66.3975],[96.0525,66.3975],[96.1875,66.3075],[96.8175,66.3075],[96.8625,66.2625],[96.8625,66.0825],[97.1325,65.8125],[97.2225,65.7675],[97.5375,65.7675],[97.5825,65.7225],[97.8075,65.7225],[97.8975,65.6775],[97.9425,65.7225],[97.9425,65.8575],[98.0325,65.9475],[98.1675,65.9475],[98.3025,66.1275],[98.4375,66.1275],[98.5275,66.3525],[98.6175,66.4425],[98.7525,66.4425],[98.7975,66.4875],[98.7975,66.6675],[98.8875,66.8475],[99.4725,66.8925],[99.5625,66.8475],[99.6975,66.6225],[99.8325,66.5325],[100.1475,66.5325],[100.2375,66.6225],[100.5525,66.6225],[100.6425,66.8025],[100.8675,66.8025],[101.1375,66.9375],[101.1375,67.1625],[101.3175,67.2975],[102.2175,67.2525],[102.2625,67.2975],[102.2625,67.4325],[102.3975,67.5225],[102.4875,67.6575],[103.0725,67.6575],[103.1625,67.6125],[103.2075,67.6575],[103.2075,67.7925],[103.2525,67.8375],[103.4325,67.8375],[103.4325,67.9275],[103.5675,68.0175],[103.6575,68.1525],[103.7475,68.1525],[103.9725,68.3325],[104.1075,68.3325],[104.1525,68.3775],[104.6025,68.3775],[104.6475,68.4225],[104.7375,68.4225],[105.0525,68.6025],[105.0525,68.6475],[105.1875,68.7375],[105.2325,68.8275],[105.4125,68.9175],[105.8175,68.9175],[106.0425,69.0525],[106.5825,69.0075],[106.8075,69.1425],[107.4375,69.1425],[107.4825,69.1875],[107.6175,69.1875],[107.7525,69.2775],[107.9775,69.2775],[108.1125,69.1875],[108.2925,69.3225],[108.2925,69.5475],[108.3375,69.5925],[108.4725,69.5925],[108.6525,69.7275],[108.9225,69.7275],[109.0125,69.9075],[109.1925,69.9075],[109.3725,70.0425],[109.5975,70.0425],[109.6425,70.0875],[109.7325,70.0875],[109.8225,70.2675],[109.9125,70.2675],[110.2725,70.5375],[110.3625,70.5375],[110.5875,70.8075],[110.6775,70.8075],[110.7675,71.1225],[110.8575,71.2125],[110.8575,71.3025],[110.9475,71.3475],[110.9925,71.6175]]],[[[110.5425,75.1725],[110.4975,75.2175],[110.2275,75.2175],[110.1825,75.1275],[110.0925,75.1275],[110.0025,75.0375],[109.8225,75.0375],[109.7775,74.9925],[110.0025,74.7675],[110.3625,74.7675],[110.4525,74.9025],[110.4525,74.9925],[110.5425,75.1725]]],[[[107.5275,75.1275],[107.2575,75.1275],[107.1675,75.2175],[106.9875,75.2175],[106.8975,75.3075],[106.7175,75.3075],[106.6725,75.3525],[106.6725,75.4875],[106.5375,75.5775],[106.4475,75.7125],[106.0875,75.6675],[105.9975,75.5325],[105.7275,75.5325],[105.6375,75.6225],[105.5475,75.6225],[105.3675,75.7125],[105.2775,75.6225],[105.2775,75.0375],[105.2325,74.9925],[105.2775,74.9025],[105.3225,74.9025],[105.5475,74.6775],[105.7275,74.6775],[105.7725,74.6325],[105.7725,74.3175],[105.7275,74.2725],[105.4125,74.2725],[105.3675,74.3175],[105.3225,74.2725],[105.3225,74.1825],[105.6375,73.9125],[105.6375,73.5525],[105.5025,73.4625],[105.4575,73.3725],[105.5925,73.2375],[105.6825,73.2375],[105.7275,73.2825],[105.7275,73.4175],[105.8175,73.5075],[105.9525,73.5075],[105.9525,73.6425],[106.0425,73.6875],[106.0425,73.7775],[106.2225,74.0025],[106.2675,74.2275],[106.4475,74.3625],[107.0325,74.3625],[107.1225,74.4525],[107.1225,74.5425],[107.3925,74.7675],[107.3925,74.8575],[107.4825,74.9475],[107.5275,75.1275]]],[[[109.0575,77.4225],[108.6525,77.4225],[108.6075,77.4675],[108.4725,77.4675],[108.4275,77.5125],[108.4275,77.6025],[108.2475,77.8275],[107.9775,77.8275],[107.9325,77.6025],[107.6175,77.2425],[107.6175,77.1075],[107.4825,77.0175],[107.5275,76.9725],[107.4825,76.2975],[107.3025,76.1175],[107.3025,75.9825],[107.4375,75.8475],[107.5725,75.8475],[107.6175,75.8025],[107.7075,75.8475],[108.0675,75.8475],[108.1125,75.8025],[108.1575,75.8925],[108.2925,75.9825],[108.4725,75.9825],[108.5175,76.0275],[108.8775,76.0275],[109.0125,76.1625],[109.0125,76.2975],[109.1475,76.4325],[109.1475,76.5675],[109.2375,76.6575],[109.2375,77.1525],[109.0575,77.4225]]]]}},{"type":"Feature","id":"Dolchland","properties":{"id":"Dolchland","tracedAreaKm2":437820},"geometry":{"type":"MultiPolygon","coordinates":[[[[-4.6125,42.9975],[-5.0175,43.3125],[-5.1075,43.3125],[-5.1975,43.4475],[-5.2875,43.4475],[-5.4675,43.5375],[-5.5125,43.6275],[-5.5575,43.5825],[-5.7825,43.7175],[-5.8725,43.7175],[-6.0525,43.8075],[-6.3225,44.0775],[-6.3225,44.1675],[-6.4125,44.3475],[-6.5925,44.5275],[-7.0425,44.6175],[-7.1325,44.8425],[-7.3125,44.9775],[-7.5375,44.8425],[-7.6725,44.8425],[-7.8525,44.9775],[-7.9875,45.0225],[-8.2575,45.2925],[-8.3475,45.3375],[-8.5275,45.3375],[-8.9775,45.5175],[-9.2475,45.4725],[-9.6075,45.2925],[-9.6975,45.2925],[-10.1475,45.5175],[-10.1925,45.6075],[-10.3275,45.6525],[-10.3725,45.7425],[-10.4625,45.7425],[-10.6425,45.6525],[-10.6425,45.4725],[-10.6875,45.3825],[-10.8225,45.2925],[-10.8675,45.0675],[-11.0925,44.8425],[-11.1375,44.8425],[-11.1375,44.6175],[-10.9575,44.4375],[-10.9575,43.8075],[-10.9575,43.1775],[-11.0025,43.1325],[-11.3625,43.1325],[-11.4975,43.2225],[-11.5875,43.1325],[-11.6325,42.9975],[-11.8125,42.9075],[-12.1725,42.9075],[-12.2175,42.9525],[-12.3975,42.9525],[-12.4875,42.8625],[-13.0725,42.8625],[-13.1175,42.9075],[-13.4775,42.8625],[-13.4775,42.7275],[-13.5225,42.6825],[-13.7025,42.6825],[-13.7025,42.5925],[-13.7475,42.5475],[-13.8375,42.5475],[-13.8825,42.4575],[-13.9725,42.4575],[-14.0175,42.4125],[-14.0175,42.2775],[-14.1975,42.1425],[-14.3325,42.1425],[-14.4225,42.0525],[-14.6925,42.0075],[-14.7375,41.9175],[-15.1425,41.8725],[-15.1875,41.8275],[-15.1875,41.6025],[-15.3225,41.4675],[-15.4125,41.4675],[-15.5025,41.3325],[-15.5025,41.0625],[-15.6825,40.9275],[-16.0425,40.9275],[-16.2675,40.4775],[-16.1325,40.3875],[-15.9525,40.3875],[-15.9075,40.3425],[-15.9075,39.8925],[-15.6375,39.6675],[-15.3675,39.6675],[-15.2775,39.4875],[-15.1875,39.6225],[-14.6925,39.6225],[-14.5575,39.7125],[-14.1975,39.7125],[-14.1525,39.6675],[-13.8825,39.6675],[-13.7925,39.4875],[-13.7025,39.4875],[-13.6125,39.6225],[-13.3425,39.6225],[-13.1175,39.5325],[-12.9825,39.3975],[-12.6675,39.3975],[-12.5775,39.3075],[-12.4875,39.3075],[-12.3525,39.1725],[-12.3525,39.0825],[-11.9475,38.7225],[-11.9475,38.6325],[-11.7225,38.5425],[-11.7225,38.2725],[-11.7675,38.2275],[-11.6325,38.0925],[-11.6325,37.9575],[-11.5875,38.0025],[-11.4525,38.0025],[-11.3175,38.0925],[-11.3175,38.2275],[-11.0475,38.4075],[-11.0475,38.5875],[-11.0025,38.6325],[-10.3725,38.6325],[-10.3275,38.5425],[-10.1475,38.5425],[-10.0125,38.4525],[-9.7425,38.4525],[-9.7425,38.5425],[-9.6525,38.6325],[-9.4725,38.6325],[-9.3825,38.7225],[-9.4275,38.7675],[-9.4275,38.8575],[-9.7425,38.9475],[-9.8775,39.1275],[-9.9675,39.1725],[-9.9675,39.4425],[-9.8775,39.6225],[-9.5625,39.6225],[-9.5175,39.5775],[-9.4275,39.5775],[-9.3375,39.4875],[-9.2025,39.4875],[-9.2025,39.5325],[-9.0675,39.6225],[-8.5275,39.6225],[-8.4825,39.6675],[-8.2125,39.6675],[-8.1675,39.6225],[-8.1675,39.0375],[-8.0775,38.9475],[-7.8075,38.9475],[-7.8075,39.0825],[-7.6725,39.2175],[-7.1775,39.2175],[-7.1325,39.1725],[-6.8625,39.3525],[-6.7725,39.4875],[-6.8625,39.5775],[-6.8625,39.7575],[-7.0425,39.8925],[-7.0425,40.1625],[-6.9975,40.2075],[-6.8625,40.2075],[-6.8175,40.2975],[-6.7275,40.2975],[-6.5475,40.5225],[-6.3675,40.5225],[-6.3225,40.5675],[-6.3225,40.7925],[-6.2325,40.8375],[-6.0525,41.0625],[-5.7825,41.0625],[-5.7375,41.0175],[-5.7375,40.9275],[-5.6025,40.7925],[-5.3325,40.7925],[-5.2875,40.8375],[-5.2875,41.0175],[-5.2425,41.1075],[-5.3775,41.1525],[-5.4675,41.2425],[-5.4675,41.5125],[-5.2875,41.6475],[-5.2875,41.7375],[-5.1525,41.8275],[-4.7925,41.8275],[-4.6575,41.9175],[-4.6125,42.2325],[-4.7025,42.2775],[-4.7025,42.5475],[-4.6125,42.6375],[-4.6125,42.9975]]]]}},{"type":"Feature","id":"Duchy-of-Verde","properties":{"id":"Duchy-of-Verde","tracedAreaKm2":21637},"geometry":{"type":"MultiPolygon","coordinates":[[[[-85.7025,44.8425],[-85.7475,44.7975],[-85.7475,44.7075],[-85.8375,44.6175],[-85.8375,44.4825],[-85.9275,44.3475],[-86.1075,44.2575],[-86.1075,44.1225],[-85.9725,44.0775],[-85.8825,43.9875],[-85.8375,43.6725],[-85.6125,43.5825],[-85.5225,43.4925],[-85.5225,43.4025],[-85.4775,43.3575],[-85.3425,43.3125],[-85.1175,43.1325],[-84.9375,43.2225],[-84.8025,43.2225],[-84.5775,43.0875],[-84.4425,43.1775],[-84.4425,43.3125],[-84.5325,43.3575],[-84.5325,43.8075],[-84.5775,43.8525],[-84.5775,44.2125],[-84.6225,44.2575],[-84.6225,44.7075],[-84.8475,44.7525],[-85.0725,44.9325],[-85.3425,44.9325],[-85.4775,44.8425],[-85.7025,44.8425]]],[[[-87.1875,46.1925],[-87.3225,46.0125],[-87.3225,45.8325],[-87.3675,45.7875],[-87.1875,45.6075],[-87.0075,45.6075],[-87.0075,45.6525],[-86.9175,45.6975],[-86.7375,45.9225],[-86.8275,46.0125],[-86.8275,46.1475],[-86.8725,46.1925],[-87.1875,46.1925]]]]}},{"type":"Feature","id":"Ealis","properties":{"id":"Ealis","tracedAreaKm2":307858},"geometry":{"type":"MultiPolygon","coordinates":[[[[103.2975,43.9425],[103.1175,43.6725],[102.9825,43.6725],[102.7125,43.3575],[102.3975,43.3575],[102.2625,43.2225],[102.1275,43.2225],[102.0825,43.0425],[101.9475,42.9075],[101.6775,42.8625],[101.6325,42.6825],[101.5425,42.5475],[101.5425,42.3225],[101.6775,42.2325],[101.6775,41.8725],[101.6325,41.8275],[101.6325,41.5575],[101.5875,41.5125],[101.6775,41.4225],[101.6775,41.3325],[101.7225,41.2875],[101.7225,40.9275],[101.7675,40.8825],[101.7225,40.2075],[101.7675,40.1625],[101.7675,40.0725],[101.9025,39.8925],[102.0825,39.8925],[102.1275,39.8475],[102.1275,39.2625],[102.2625,39.1275],[102.4425,39.1275],[102.5775,38.9925],[102.6225,38.6775],[102.7125,38.5875],[102.7125,38.2725],[102.6675,38.2275],[102.7125,38.1825],[102.7125,37.3725],[102.6225,37.2825],[102.7125,37.1475],[102.7125,36.7425],[102.6675,36.6975],[102.8475,36.5625],[102.8475,36.3375],[102.9375,36.2925],[103.2075,35.9775],[103.3875,35.9775],[103.4325,35.9325],[103.4325,35.7975],[103.6125,35.7075],[103.7475,35.5725],[103.8825,35.5725],[103.9725,35.6625],[103.9275,35.7075],[103.9275,36.0225],[103.9725,36.0675],[104.2875,36.0675],[104.3775,35.9775],[104.5125,35.9775],[104.7375,35.8875],[104.7825,35.9325],[105.1425,35.9325],[105.2325,35.9775],[105.3225,36.1575],[105.3225,36.3825],[105.2325,36.4725],[105.1875,37.1025],[105.2325,37.1475],[105.5025,37.1475],[105.5925,37.1025],[105.6375,37.1475],[105.8625,37.1475],[105.9075,37.1925],[105.8625,37.2375],[105.8625,37.4175],[105.7725,37.5075],[105.7725,37.5975],[105.6825,37.6425],[105.5475,37.8225],[105.5475,38.0025],[105.5025,38.0475],[105.2775,38.0925],[105.1875,38.1825],[105.1875,38.5875],[105.4125,38.7225],[105.5475,38.9025],[105.8175,38.9025],[105.8625,38.8575],[105.8625,38.6775],[106.0875,38.4975],[106.0875,37.9575],[106.0425,37.8675],[106.2225,37.8675],[106.3575,38.0025],[106.4025,38.0925],[106.4025,38.2725],[106.4475,38.3175],[106.4475,38.6325],[106.6725,38.9025],[106.9425,38.9025],[106.9875,38.8575],[106.9875,38.6325],[107.0775,38.4975],[107.1675,38.4975],[107.2125,38.4525],[107.2125,38.2275],[107.3025,38.1375],[107.3925,38.2725],[107.5725,38.3625],[107.7075,38.3625],[107.7975,38.4975],[107.7975,38.6325],[108.1575,38.8575],[108.6075,38.8575],[108.7425,38.7675],[108.7425,38.4525],[108.8325,38.4525],[109.0575,38.5875],[109.3725,38.6775],[109.6425,38.8575],[109.6425,38.9925],[109.2825,39.3525],[109.2375,39.4425],[109.2375,39.6675],[109.4625,39.8025],[109.5975,39.9375],[109.6875,40.1625],[109.7775,40.2525],[109.9125,40.2975],[109.9125,40.3425],[109.1475,40.7025],[109.0575,40.7925],[108.6975,40.9725],[108.6075,40.9725],[108.4275,41.0625],[108.2025,40.9725],[108.1575,41.0175],[107.7975,41.0625],[107.7525,41.1075],[107.6625,41.0625],[107.5275,41.1525],[106.9875,41.1975],[106.9425,41.2425],[106.6725,41.2425],[106.6275,41.2875],[106.3125,41.2875],[106.2675,41.3325],[105.9975,41.3775],[105.7725,41.5125],[105.6825,41.5125],[105.5025,41.6475],[105.2325,41.7375],[105.1875,41.5125],[105.3675,41.4225],[105.3675,41.0175],[105.3225,40.9725],[104.8275,40.9725],[104.7825,41.0175],[104.7825,41.6475],[104.6475,41.7825],[104.4675,41.7825],[104.4225,41.8275],[104.4225,41.9625],[104.2875,42.0525],[104.2875,42.3225],[104.1975,42.5025],[104.1075,42.5025],[104.0175,42.5925],[103.9725,42.5475],[103.9725,42.4125],[103.8375,42.3225],[103.4775,42.3225],[103.3875,42.4125],[103.3875,42.9075],[103.4775,42.9975],[103.6125,42.9975],[103.7475,43.0875],[103.7925,43.1775],[103.8825,43.1775],[103.9275,43.2675],[103.8825,43.3125],[103.8825,43.4475],[103.7025,43.5825],[103.7025,43.7625],[103.5225,43.8975],[103.2975,43.9425]]]]}},{"type":"Feature","id":"Eidolmanta","properties":{"id":"Eidolmanta","tracedAreaKm2":285593},"geometry":{"type":"MultiPolygon","coordinates":[[[[75.3075,56.2275],[75.2625,55.9575],[75.3975,55.8675],[75.3975,55.6425],[75.4875,55.5525],[75.4875,55.4175],[75.6225,55.2825],[75.6225,54.9675],[75.8025,54.7875],[75.8025,54.7425],[76.0275,54.5625],[76.0275,54.4725],[76.0725,54.4275],[76.0725,54.1575],[76.1625,54.0675],[76.1625,53.6625],[76.2075,53.6175],[76.2075,53.3475],[76.2525,53.3025],[76.2525,53.0325],[76.2075,52.9875],[76.2525,52.9425],[76.2525,52.7175],[76.4325,52.4925],[76.4325,52.0875],[76.3875,52.0425],[76.4325,51.9975],[76.4325,51.8175],[76.5225,51.7725],[76.6125,51.8175],[76.8825,51.8175],[77.4225,52.0875],[77.6925,52.0875],[77.7375,52.0425],[77.8275,52.0425],[78.1425,52.2225],[78.5925,52.1775],[78.9525,52.4025],[79.4025,52.3575],[79.5375,52.4475],[79.6725,52.7625],[79.8075,52.8525],[80.0325,52.7175],[80.4375,52.7175],[80.6175,52.6275],[80.7075,52.5375],[80.7075,52.4475],[80.8875,52.2675],[80.9325,52.2675],[81.0225,52.1325],[81.0225,51.9975],[80.7525,51.6825],[80.4825,51.5475],[80.4825,51.2325],[80.6175,51.1425],[80.9325,51.1425],[81.1125,51.2325],[81.1125,51.2775],[81.2925,51.4125],[81.5175,51.4125],[81.6975,51.2775],[81.6975,51.1875],[81.8325,51.0975],[82.1475,50.9625],[82.3275,50.9625],[82.5075,50.8275],[82.6425,50.7825],[82.9125,50.5575],[83.1375,50.5575],[83.3625,50.3775],[83.4525,50.3775],[83.5875,50.4675],[83.5875,50.5575],[83.4975,50.7375],[83.3625,50.8725],[83.3625,51.2775],[83.4525,51.4125],[83.4075,51.8625],[83.7225,52.0425],[83.6775,52.6275],[83.6325,52.6725],[83.6325,52.7625],[83.4975,52.9425],[83.4975,53.0775],[83.6325,53.3025],[83.6325,53.4375],[83.4975,53.7525],[83.2725,53.7975],[83.1375,53.8875],[83.1375,54.0675],[83.3175,54.2025],[83.3175,54.4725],[83.2725,54.5175],[83.2275,54.7425],[83.0475,54.9675],[83.0475,55.1475],[83.1375,55.2375],[83.1825,55.4175],[83.3175,55.5075],[83.5425,55.5075],[83.6775,55.4175],[83.8125,55.5075],[84.0825,55.5075],[84.2175,55.5975],[84.2175,55.7325],[84.1725,55.7325],[84.0375,55.9125],[84.0375,56.0475],[83.9925,56.0925],[83.5875,56.0925],[83.5425,56.0475],[83.0475,56.0475],[83.0025,56.0925],[82.8675,56.0925],[82.8225,56.0475],[82.5075,56.0475],[82.4175,56.0925],[82.3275,56.0025],[81.7425,56.0025],[81.6075,56.1375],[81.3825,56.1375],[81.2475,56.2275],[81.1575,56.3625],[80.9775,56.3625],[80.5725,56.8575],[80.5725,57.1725],[80.4825,57.3075],[80.3925,57.3075],[80.3025,57.3975],[80.3025,57.5775],[80.2575,57.6225],[80.1675,57.6225],[80.0775,57.7125],[80.0775,57.8475],[79.8975,58.1175],[79.7175,58.1175],[79.6275,58.2075],[79.3575,58.2075],[79.3125,58.2975],[79.2225,58.3425],[79.2225,58.4775],[79.1775,58.5225],[79.0425,58.3875],[78.9525,58.3875],[78.7275,58.2075],[78.7275,58.1175],[78.5925,58.0275],[78.5475,57.5325],[78.3675,57.3075],[78.3675,57.2175],[78.2775,57.1275],[78.0525,57.0825],[77.9625,56.9025],[77.6925,56.9025],[77.6475,56.9475],[77.3775,56.9475],[77.3325,56.9925],[76.8375,56.9925],[76.7925,56.9475],[76.3425,56.9475],[76.2975,56.9925],[76.0725,56.8125],[76.0725,56.7225],[76.0275,56.6775],[75.9375,56.6775],[75.9375,56.6325],[75.7575,56.4975],[75.6225,56.4975],[75.5325,56.3625],[75.4425,56.3625],[75.3975,56.2725],[75.3075,56.2275]]]]}},{"type":"Feature","id":"Florentia","properties":{"id":"Florentia","tracedAreaKm2":98349},"geometry":{"type":"MultiPolygon","coordinates":[[[[-101.2275,24.1875],[-101.1825,23.4225],[-101.5875,23.1075],[-101.4975,23.0625],[-101.0925,22.6125],[-101.1825,22.2525],[-101.0025,22.1175],[-100.9575,21.9825],[-100.6875,21.8925],[-100.5525,21.9825],[-100.4175,21.9825],[-100.2825,21.8475],[-99.8325,21.6225],[-99.6975,21.4875],[-99.6975,21.2625],[-99.5625,21.2175],[-99.3825,21.0825],[-99.0675,21.1725],[-98.8875,21.0375],[-98.8875,20.9475],[-98.7975,20.9475],[-98.7075,21.2625],[-98.6175,21.3075],[-98.6175,21.3975],[-98.5275,21.4425],[-98.5725,21.5325],[-98.5725,21.8025],[-98.4375,21.9375],[-98.1675,21.9375],[-97.9875,21.8025],[-97.9875,21.6225],[-97.8975,21.7575],[-97.7175,21.8025],[-97.7625,21.8925],[-97.7625,22.2075],[-97.7175,22.2525],[-97.0875,22.2075],[-96.9975,22.3425],[-96.7725,22.4325],[-96.7725,22.4775],[-97.0875,22.4775],[-97.4025,22.6575],[-97.5825,22.7025],[-97.6275,22.7475],[-97.6275,22.8375],[-97.8975,22.9275],[-98.3925,23.4225],[-98.3925,23.5575],[-98.5725,23.7375],[-98.9325,23.8725],[-98.9775,23.9175],[-98.9775,24.0075],[-99.1575,24.2325],[-99.5175,24.4125],[-99.6525,24.4125],[-99.6975,24.4575],[-100.5075,24.0525],[-100.7325,24.0525],[-101.0475,24.2325],[-101.2275,24.1875]],[[-99.2025,23.8725],[-99.0675,23.7825],[-99.0675,23.6925],[-99.2025,23.6025],[-99.3375,23.6925],[-99.3375,23.7825],[-99.2025,23.8725]]]]}},{"type":"Feature","id":"Gaellicia","properties":{"id":"Gaellicia","tracedAreaKm2":282912},"geometry":{"type":"MultiPolygon","coordinates":[[[[101.6775,56.4525],[101.5425,56.4525],[101.4975,56.5425],[101.3175,56.5875],[101.2275,56.4975],[100.9575,56.4975],[100.9125,56.4075],[100.6875,56.4075],[100.5525,56.2725],[100.5525,56.0025],[100.5075,55.9575],[100.4175,55.9575],[100.4175,55.8225],[100.3275,55.7325],[100.1025,55.7325],[99.9675,55.6425],[99.9675,55.5525],[99.7425,55.4175],[99.8775,55.3275],[99.9225,55.2375],[100.0125,55.2375],[100.1025,55.1475],[100.1025,55.0575],[100.3275,54.8325],[100.3725,54.8325],[100.5075,54.6525],[100.5075,54.6975],[100.7775,54.9225],[100.8225,55.0125],[100.8225,55.1925],[100.9125,55.2825],[100.9125,55.4625],[101.0475,55.5975],[101.4075,55.5975],[101.4975,55.7325],[101.5875,55.7325],[101.6325,55.7775],[101.6325,56.0025],[101.7675,56.1825],[101.6775,56.3175],[101.6775,56.4525]]],[[[92.8125,58.0725],[92.7675,57.9825],[92.4525,57.7125],[92.5425,57.5775],[92.5425,57.3975],[92.6325,57.3975],[92.6775,57.3525],[92.6775,56.9925],[92.6325,56.9475],[92.3625,56.9475],[92.3175,56.9925],[92.3175,56.6775],[92.4075,56.6325],[92.5425,56.4525],[92.5425,56.3175],[92.5875,56.2725],[92.5875,56.0025],[92.5425,55.9575],[92.8575,55.6875],[93.0825,55.6425],[93.1275,55.5975],[93.1275,55.4625],[93.1725,55.4175],[93.2625,55.4175],[93.3525,55.3275],[93.3975,55.1475],[93.4875,55.1475],[93.5775,55.0575],[93.5775,54.9675],[93.6225,54.9225],[93.6225,54.3825],[93.5775,54.3375],[93.4875,54.3375],[93.3975,54.2475],[92.8125,54.2475],[92.7225,54.2925],[92.6325,54.2025],[92.2725,54.2025],[92.2275,54.2475],[92.0925,54.2475],[91.9125,54.4275],[91.9125,54.5175],[91.8225,54.6525],[91.6875,54.6525],[91.6875,54.5625],[91.5975,54.4725],[91.5075,54.4725],[91.2825,54.2475],[91.2825,54.0675],[91.3275,54.0675],[91.4625,53.8875],[91.4625,53.5725],[91.5975,53.4375],[91.5975,53.3475],[91.7775,53.2125],[91.9125,53.2125],[91.9575,53.1225],[92.0475,53.0775],[92.0475,52.9875],[92.1825,52.8975],[92.1825,52.6275],[92.0925,52.5375],[92.0925,52.4475],[92.1375,52.4025],[92.2275,52.4025],[92.4075,52.1775],[92.4075,52.0425],[92.4975,51.9075],[92.6325,51.8175],[92.6325,51.6375],[92.8125,51.4575],[92.8125,51.4125],[92.9475,51.2775],[93.0375,51.2775],[93.1275,51.1875],[93.3525,51.1875],[93.3975,51.0975],[93.8475,51.0525],[93.8475,51.0975],[94.0275,51.2325],[94.0275,51.3225],[94.0725,51.3675],[94.2075,51.3675],[94.2525,51.4125],[94.2525,51.5025],[94.3425,51.6825],[94.5675,51.7725],[94.5675,51.8625],[94.6125,51.9075],[95.1075,51.9075],[95.2875,51.8175],[95.2875,51.6825],[95.3775,51.5925],[95.3775,51.3225],[95.1525,51.0975],[95.1525,50.8725],[95.0625,50.8275],[95.1075,50.5125],[95.2875,50.5575],[95.4225,50.6475],[95.6475,50.6475],[95.8275,50.5575],[96.1875,50.8275],[96.3225,50.7375],[96.3225,50.6025],[96.4575,50.5125],[96.6825,50.5125],[96.8175,50.6025],[96.9975,50.6025],[97.1775,50.4675],[97.3125,50.4225],[97.4925,50.5125],[97.5825,50.6025],[97.5825,50.6925],[97.7175,50.7825],[97.8975,51.0075],[98.1225,51.0525],[98.4375,51.1875],[98.5725,51.1875],[98.8425,51.0525],[99.0225,50.8725],[99.0225,50.8275],[99.1575,50.7375],[99.2475,50.7375],[99.2925,50.6925],[99.4275,50.7375],[99.4725,50.7825],[99.4725,51.2775],[99.3825,51.2775],[99.0675,51.4125],[98.9775,51.5925],[98.9775,51.7725],[98.9325,51.8175],[98.9325,52.1325],[98.6625,52.3125],[98.5275,52.5375],[98.5275,52.6275],[98.4375,52.7175],[98.4375,52.8075],[98.3025,52.9425],[98.3025,53.0325],[98.2125,53.0325],[98.1675,53.0775],[98.1675,53.2125],[98.0775,53.3025],[98.0325,53.6175],[97.8525,53.6625],[97.7175,53.8425],[97.7175,53.9775],[97.6725,54.0225],[97.5375,54.0225],[97.4475,54.1575],[97.4025,54.1125],[97.0875,54.1125],[96.9525,54.2025],[96.9525,54.4725],[97.1325,54.6075],[97.2675,54.6075],[97.3125,54.6525],[97.3575,54.8775],[97.4925,54.9675],[97.4925,55.1475],[97.5375,55.1925],[97.3575,55.3275],[97.0425,55.3275],[96.9975,55.3725],[96.9525,55.3725],[96.9525,55.2825],[96.9075,55.2375],[96.5925,55.2375],[96.5025,55.3725],[96.4125,55.3725],[96.3675,55.4175],[96.3675,55.5525],[96.1875,55.5975],[96.0525,55.7775],[95.8275,55.7775],[95.7825,55.8675],[95.6925,55.8675],[95.6475,55.9125],[95.4225,55.7775],[95.0175,55.7775],[94.8825,56.0025],[94.7925,56.0475],[94.7925,56.4525],[94.6575,56.5875],[94.4775,56.6325],[94.3425,56.8125],[94.1625,56.6775],[93.5775,56.6775],[93.4425,56.8575],[93.4425,56.9475],[93.3525,57.0375],[93.3525,57.5775],[93.2625,57.6675],[93.1725,57.6675],[93.1275,57.7125],[93.0825,57.9375],[92.8125,58.0725]]],[[[96.0075,59.7825],[95.8275,59.4675],[95.9175,59.3325],[96.0075,59.3325],[96.0975,59.2425],[96.0975,59.1075],[96.1875,59.0175],[96.5025,59.0175],[96.5925,58.9275],[96.5925,58.3875],[96.4575,58.2975],[96.4575,58.1175],[96.3225,57.9375],[96.0075,57.9375],[95.9625,57.9825],[95.8725,57.9825],[95.8275,58.0275],[95.8275,58.1175],[95.6475,58.2075],[95.5575,58.1625],[95.1525,58.1625],[95.0625,58.2525],[94.7475,58.2525],[94.6575,58.3875],[94.5675,58.3875],[94.4325,58.5225],[94.2975,58.5675],[94.2075,58.3425],[94.1175,58.2525],[94.1625,58.1625],[94.1625,57.8025],[94.2075,57.7575],[94.2525,57.4425],[94.3425,57.4425],[94.5675,57.2175],[94.7475,57.2175],[94.8375,57.0825],[94.9725,57.0825],[95.0625,57.1725],[95.1525,57.1725],[95.1975,57.2175],[95.4675,57.2175],[95.5575,57.0825],[95.6925,56.9925],[95.7825,56.9925],[95.8725,56.8125],[96.0075,56.9475],[96.5925,56.9475],[96.6375,56.9925],[96.9075,56.9925],[96.9525,56.9475],[96.9525,56.6775],[96.9075,56.6325],[96.7725,56.6325],[96.6375,56.5425],[96.5925,56.4525],[96.3675,56.3175],[96.3675,56.2725],[96.5025,56.1825],[96.5925,55.9575],[97.1325,55.9125],[97.2675,55.7325],[97.4925,55.7325],[97.5825,55.6875],[97.6725,55.7775],[97.6725,55.9575],[97.8975,56.0475],[97.9425,56.3625],[98.0325,56.4525],[97.9875,56.4975],[97.9875,56.6325],[97.8975,56.7225],[97.8975,56.9475],[97.8075,57.0375],[97.8075,57.5775],[97.8975,57.6225],[97.9425,57.8025],[98.0325,57.8925],[98.1675,57.9375],[98.1675,58.1175],[97.9875,58.2525],[97.9875,58.3425],[97.8975,58.3425],[97.7625,58.5675],[97.1775,58.5675],[97.0875,58.6125],[96.9525,58.7925],[96.8175,58.7925],[96.7725,58.8375],[96.7725,59.1075],[96.8175,59.1525],[96.9075,59.1525],[96.9075,59.2875],[97.2675,59.5125],[97.3125,59.6025],[97.3125,59.7825],[97.4025,59.8725],[97.3575,59.9175],[97.1325,59.9175],[97.0425,59.8275],[96.9525,59.8275],[96.9075,59.7825],[96.5475,59.7825],[96.4125,59.6925],[96.1425,59.6925],[96.0075,59.7825]]]]}},{"type":"Feature","id":"Galahinda","properties":{"id":"Galahinda","tracedAreaKm2":21497},"geometry":{"type":"MultiPolygon","coordinates":[[[[2.2725,23.1075],[2.1375,23.0625],[1.9575,22.9275],[1.9575,22.6575],[1.9125,22.6125],[1.8225,22.6125],[1.5975,22.3875],[1.6875,22.2075],[1.6875,22.1175],[1.9575,22.2525],[2.0025,22.6575],[2.0475,22.7025],[2.2275,22.7025],[2.3175,22.7475],[2.3175,22.9725],[2.3625,23.0175],[2.2725,23.1075]]],[[[-5.9175,25.0425],[-5.9625,24.9975],[-6.1425,24.9975],[-6.1425,24.9075],[-6.2325,24.8175],[-6.5025,24.6825],[-6.5025,24.4575],[-6.5925,24.2775],[-6.5475,24.2325],[-6.5475,24.0525],[-6.5025,24.0075],[-6.5025,23.6925],[-6.5475,23.6475],[-6.4575,23.5575],[-6.4575,23.3325],[-6.2325,23.1975],[-6.0075,23.1975],[-5.9175,23.3325],[-5.7375,23.3775],[-5.6925,23.4225],[-5.6925,23.6925],[-5.6025,23.7375],[-5.5125,23.8725],[-5.5575,23.9175],[-5.5575,24.6375],[-5.5125,24.6825],[-5.5125,24.8175],[-5.6475,24.9075],[-5.8275,24.9525],[-5.9175,25.0425]]]]}},{"type":"Feature","id":"Galicia","properties":{"id":"Galicia","tracedAreaKm2":75112},"geometry":{"type":"MultiPolygon","coordinates":[[[[-77.1075,62.1675],[-77.1525,61.9425],[-77.2425,61.8975],[-77.2425,61.7625],[-77.1975,61.7625],[-77.0625,61.5825],[-77.1075,61.0875],[-76.9275,60.8175],[-76.8375,60.2775],[-76.7475,59.7375],[-76.1625,59.1975],[-76.1625,58.9725],[-76.2525,58.8375],[-76.2075,58.4775],[-75.9375,58.4775],[-75.8475,58.3425],[-75.6675,58.3425],[-75.4425,58.2075],[-75.3525,58.2075],[-75.2625,58.2975],[-74.9025,58.2975],[-74.6775,57.9825],[-74.3175,57.9825],[-74.2725,57.9375],[-74.2725,57.8475],[-74.2275,57.8025],[-74.1375,57.8025],[-74.0925,57.7125],[-73.9575,57.6225],[-73.6425,57.2625],[-73.5075,57.2625],[-73.4175,57.1725],[-73.4175,57.0825],[-73.3725,57.0375],[-73.1475,56.9925],[-73.1025,56.9475],[-72.9675,56.9475],[-72.8325,56.8125],[-72.6975,56.8125],[-72.2925,56.5425],[-72.0225,56.6775],[-71.7975,56.6775],[-71.9325,56.7675],[-71.9325,56.8575],[-72.0675,57.0375],[-72.0675,57.1725],[-72.0225,57.2175],[-72.0675,57.4425],[-72.2475,57.6225],[-72.5175,57.7575],[-72.5625,57.8475],[-72.5625,58.0275],[-72.6975,58.1175],[-72.8775,58.1175],[-73.0575,58.2075],[-73.1925,58.3425],[-73.3275,58.3875],[-73.6875,58.7925],[-73.6875,58.8825],[-73.5075,59.1975],[-73.5075,59.4675],[-73.1925,59.9625],[-73.2375,60.2775],[-73.2825,60.3675],[-73.3725,60.4125],[-73.4175,60.5475],[-73.5525,60.6375],[-73.8675,60.6375],[-73.9125,60.6825],[-74.0475,60.6825],[-74.4525,60.4125],[-74.5875,60.4125],[-74.7225,60.3225],[-74.9925,60.2775],[-75.1725,60.4125],[-75.2175,60.5475],[-75.3975,60.6825],[-75.4875,60.8625],[-75.5325,61.0875],[-75.6225,61.2225],[-76.0275,61.4925],[-76.0275,61.9875],[-75.9375,62.1225],[-75.9375,62.2575],[-75.9825,62.3025],[-76.3875,62.3925],[-76.4325,62.3475],[-76.6125,62.3475],[-76.8375,62.2125],[-77.0175,62.2125],[-77.1075,62.1675]]]]}},{"type":"Feature","id":"Gallambria","properties":{"id":"Gallambria","tracedAreaKm2":737907},"geometry":{"type":"MultiPolygon","coordinates":[[[[20.2725,-12.7125],[20.1375,-12.8025],[20.0475,-12.9375],[19.6875,-12.9375],[19.6425,-12.8925],[19.4625,-12.8925],[19.4175,-12.8475],[19.1925,-12.8475],[19.1025,-12.7125],[19.0125,-12.7575],[18.6975,-12.7575],[18.6525,-12.8025],[18.6525,-12.8925],[18.5175,-12.9825],[18.4725,-13.4325],[18.4275,-13.4775],[18.1575,-13.4775],[18.0675,-13.7025],[17.1225,-13.6575],[17.0775,-13.6125],[17.0325,-13.6575],[16.1775,-13.6575],[16.1325,-13.6125],[15.9975,-13.7475],[15.8625,-13.7475],[15.6375,-14.0175],[15.5475,-14.0175],[15.5475,-14.2875],[15.5925,-14.3325],[15.8625,-14.3775],[15.9075,-14.4225],[15.9075,-14.5125],[16.0425,-14.6025],[16.0425,-14.8275],[16.2675,-15.0075],[16.2675,-15.4125],[16.0875,-15.5025],[16.0875,-15.6825],[16.0425,-15.7275],[16.1325,-15.8625],[16.1325,-16.0425],[16.2675,-16.2225],[16.2675,-16.5375],[16.0875,-16.6275],[16.0875,-16.7625],[16.1325,-16.8075],[16.1325,-17.0775],[16.0875,-17.1225],[16.0875,-17.7975],[16.0425,-17.8425],[16.0425,-18.0225],[15.9525,-18.0675],[15.9075,-18.1575],[15.9075,-18.5175],[15.9525,-18.5625],[15.9525,-18.6525],[16.1325,-18.7875],[16.1325,-18.8775],[16.5375,-19.1475],[16.5375,-19.4175],[16.5825,-19.4625],[16.5375,-20.4075],[16.4925,-20.4525],[16.3125,-20.4525],[16.2675,-20.4975],[16.2675,-20.5875],[16.2225,-20.6325],[16.1325,-20.6325],[16.0425,-20.7225],[16.0875,-20.7675],[16.0875,-21.0825],[16.0425,-21.1275],[15.9525,-21.1275],[15.8175,-21.2625],[15.8175,-21.5775],[15.9525,-21.7575],[15.9525,-21.9375],[16.1325,-22.1175],[16.1775,-22.3425],[16.2225,-22.3875],[16.3125,-22.3875],[16.4025,-22.4775],[16.4025,-22.5675],[16.5825,-22.7025],[16.5825,-22.7925],[16.6275,-22.8375],[16.6725,-22.7925],[17.1675,-22.8375],[17.2575,-22.7475],[17.4825,-22.7025],[17.5275,-22.6125],[17.5275,-22.3875],[17.5725,-22.3425],[17.9325,-22.3425],[18.0675,-22.4775],[18.1125,-22.4325],[18.3825,-22.4325],[18.5175,-22.5675],[18.7425,-22.5675],[18.8325,-22.6575],[18.9225,-22.6125],[19.1025,-22.2975],[19.1475,-21.9825],[19.1925,-21.9375],[19.3275,-21.9375],[19.4175,-21.8025],[19.5525,-21.8025],[19.5975,-21.6225],[19.8675,-21.4875],[20.0025,-21.3525],[20.0025,-21.2625],[20.3625,-20.9475],[20.3175,-20.9025],[20.3175,-20.5875],[20.3625,-20.5425],[20.3175,-20.4975],[20.3175,-20.2275],[20.3625,-20.1825],[20.3175,-20.0925],[20.3175,-19.8225],[20.2275,-19.6875],[20.1375,-19.6875],[19.9575,-19.5075],[19.9575,-19.2375],[20.0025,-19.1925],[20.0025,-19.0125],[20.1375,-18.9225],[20.2275,-18.7875],[20.2275,-18.6975],[20.2725,-18.6525],[20.4075,-18.6525],[20.5425,-18.4725],[20.5425,-18.3375],[20.6775,-18.1125],[20.6775,-17.4375],[20.7225,-17.3925],[21.0375,-17.3925],[21.3075,-17.5725],[21.3525,-17.4825],[21.4425,-17.4375],[21.5325,-17.2575],[21.6225,-17.2125],[21.8025,-17.2125],[21.9825,-17.0325],[22.0725,-17.0325],[22.0725,-16.8975],[22.1175,-16.8525],[22.2075,-16.8525],[22.2975,-16.7175],[22.4325,-16.6725],[22.4325,-16.4025],[22.5675,-16.3125],[22.5675,-16.1775],[22.3875,-15.9975],[22.3875,-15.8625],[22.2975,-15.7725],[22.2975,-15.5925],[22.0275,-15.4575],[22.0275,-15.3675],[21.9375,-15.2775],[21.9375,-15.0975],[21.7575,-14.9625],[21.7125,-14.4225],[21.6225,-14.3775],[21.5325,-14.1975],[21.3975,-14.1075],[21.3525,-14.1525],[20.9925,-14.1525],[20.8575,-14.0175],[20.8575,-13.4325],[20.9025,-13.3875],[20.8575,-13.2075],[20.6325,-12.9375],[20.3625,-12.9375],[20.2725,-12.7125]]],[[[5.3325,-5.9625],[5.0175,-6.2325],[5.2875,-6.4575],[5.2875,-6.6825],[5.3775,-6.8625],[5.3775,-7.0875],[5.4675,-7.1775],[5.4675,-7.5375],[5.4225,-7.5825],[5.4225,-7.7175],[5.3325,-7.8075],[5.4225,-7.8975],[5.4225,-8.1675],[5.3775,-8.2125],[5.1075,-8.2125],[5.0175,-8.1225],[4.8825,-8.2125],[4.8825,-8.4375],[4.8375,-8.4825],[4.8825,-8.5275],[4.8825,-8.8875],[4.8375,-8.9325],[5.0175,-9.0225],[5.1525,-9.2025],[5.3775,-9.3825],[5.5575,-9.3825],[5.6025,-9.4275],[5.6475,-9.3825],[6.0075,-9.3825],[6.0975,-9.6075],[6.2325,-9.6975],[6.3675,-9.6975],[6.5475,-9.8775],[6.5925,-9.8325],[6.8625,-9.8325],[6.9975,-9.7425],[7.2675,-9.7425],[7.3125,-9.7875],[7.3125,-10.0575],[7.3575,-10.0125],[7.7175,-10.0125],[7.7625,-10.0575],[7.8075,-10.0125],[8.0325,-10.0125],[8.1225,-9.8775],[8.0325,-9.7425],[8.0325,-9.6075],[7.9875,-9.5625],[7.4025,-9.5625],[7.3575,-9.5175],[7.3575,-9.1575],[7.4025,-9.1125],[7.3575,-9.0225],[7.3575,-8.7525],[7.3125,-8.7525],[7.0875,-8.4825],[7.0875,-8.3475],[6.9075,-8.2125],[6.9075,-7.7625],[6.9975,-7.6725],[6.9975,-7.5825],[7.0425,-7.5375],[7.0425,-7.3575],[6.9975,-7.3125],[6.9975,-6.9525],[7.0425,-6.9075],[6.9975,-6.8625],[6.9975,-6.7725],[6.8625,-6.6375],[6.8625,-6.5025],[6.8175,-6.4575],[6.5475,-6.4575],[6.3675,-6.1875],[6.2775,-6.2775],[6.0075,-6.2775],[5.9175,-6.1425],[5.5575,-6.1425],[5.4675,-6.0075],[5.3325,-5.9625]]],[[[-4.0275,-4.5675],[-4.0725,-4.6125],[-4.0725,-4.7025],[-4.2075,-4.7925],[-4.1625,-4.8375],[-4.1625,-4.9725],[-4.0725,-5.0625],[-4.0725,-5.3325],[-4.0275,-5.3775],[-4.0275,-5.5575],[-3.9375,-5.6475],[-3.9375,-5.7375],[-3.8925,-5.7825],[-3.5775,-5.8275],[-3.5325,-5.8725],[-3.2175,-5.8725],[-2.9925,-6.0525],[-2.9925,-6.2325],[-2.8575,-6.2325],[-2.5425,-6.5025],[-2.4975,-6.4575],[-2.4075,-6.4575],[-2.4075,-6.1425],[-2.2725,-6.0075],[-2.2725,-5.8725],[-2.3175,-5.8275],[-2.3175,-5.4675],[-2.2275,-5.2425],[-2.2275,-4.9275],[-2.3625,-4.9275],[-2.4075,-4.8825],[-2.4075,-4.7025],[-2.4525,-4.6575],[-2.5875,-4.6575],[-2.6325,-4.5675],[-2.7675,-4.5675],[-2.8125,-4.5225],[-3.1275,-4.5225],[-3.2175,-4.6125],[-4.0275,-4.5675]]],[[[-7.4925,-4.2075],[-7.5825,-4.2975],[-7.5375,-4.3425],[-7.5375,-4.5675],[-7.2675,-4.6125],[-7.2675,-4.4775],[-7.3575,-4.2525],[-7.4925,-4.2075]]],[[[-5.0625,-4.7475],[-5.2875,-4.6125],[-5.4675,-4.5675],[-5.5575,-4.4325],[-5.6025,-4.2525],[-5.7375,-4.0725],[-5.8275,-4.0725],[-5.9175,-3.9825],[-5.9625,-4.0275],[-6.2775,-4.0275],[-6.3225,-4.0725],[-6.3225,-4.1625],[-6.4125,-4.2525],[-6.5025,-4.2525],[-6.5475,-4.2975],[-6.5475,-4.5225],[-6.5925,-4.5675],[-6.8175,-4.5675],[-6.9075,-4.6575],[-7.1775,-4.6575],[-7.1775,-4.9275],[-7.2225,-4.9725],[-7.2225,-5.0625],[-7.1775,-5.1075],[-7.1775,-5.5125],[-7.3125,-5.6025],[-7.4925,-5.6025],[-7.5825,-5.7375],[-7.5375,-5.7825],[-7.5375,-5.9175],[-7.4025,-6.0075],[-7.1325,-6.0075],[-7.1325,-5.7375],[-7.0875,-5.6925],[-6.8625,-5.6925],[-6.8175,-5.6475],[-6.0525,-5.6475],[-5.2875,-5.6475],[-5.2425,-5.6025],[-5.2425,-5.2875],[-5.1975,-5.2425],[-5.1975,-5.1525],[-5.1075,-5.1075],[-5.1075,-5.0175],[-5.0175,-4.9275],[-5.0625,-4.8825],[-5.0625,-4.7475]]],[[[8.8425,2.9475],[8.8875,2.9025],[8.8875,2.6325],[8.8425,2.5875],[8.8875,2.5425],[8.8875,2.3625],[9.1125,2.0025],[9.3825,2.0025],[9.4275,1.9575],[9.4275,1.5075],[9.6525,1.3725],[9.8325,1.3725],[9.9225,1.1925],[10.2375,1.1925],[10.4625,1.3725],[10.7775,1.3725],[10.7775,1.4625],[10.9125,1.5975],[10.9125,1.8225],[11.0025,1.9575],[10.9575,2.0025],[10.8225,2.0025],[10.6875,2.1825],[10.5525,2.1825],[10.5075,2.2725],[10.4175,2.2725],[10.1925,2.5425],[10.1925,2.8125],[10.0575,3.0825],[9.8775,3.1275],[9.7875,3.2175],[9.4725,3.3075],[9.3375,3.1725],[9.2475,3.1725],[9.1575,3.0825],[9.0225,3.0825],[8.8425,2.9475]]],[[[12.4875,6.1875],[12.1725,6.1875],[12.0375,6.0975],[11.9475,6.0975],[11.8575,6.0075],[11.8575,5.9175],[11.6775,5.6475],[11.6775,5.4675],[11.6325,5.4225],[11.5425,5.4225],[11.4975,5.3325],[11.5875,5.2425],[11.7225,4.9725],[12.0375,4.9725],[12.1725,5.1525],[12.5775,5.1525],[12.6675,5.2425],[12.6675,5.3325],[12.8025,5.4225],[12.8025,5.9175],[12.6675,6.0525],[12.5775,6.0525],[12.4875,6.1875]]],[[[2.4075,8.1225],[2.1375,8.1225],[2.0475,8.0325],[1.9575,8.0325],[1.9575,7.8075],[2.0475,7.7175],[2.1375,7.7175],[2.1825,7.6725],[2.2275,7.6725],[2.3175,7.8075],[2.4525,7.8075],[2.4975,7.8525],[2.4075,7.9875],[2.4075,8.1225]]],[[[1.3725,8.5725],[1.3275,8.4375],[1.1475,8.3025],[1.4625,7.9425],[1.5975,8.0775],[1.7325,8.0775],[1.7325,8.3925],[1.5525,8.5275],[1.4175,8.5275],[1.3725,8.5725]]]]}},{"type":"Feature","id":"Giokto","properties":{"id":"Giokto","tracedAreaKm2":34139},"geometry":{"type":"MultiPolygon","coordinates":[[[[-119.8125,4.4775],[-120.1725,4.4775],[-120.1725,4.3875],[-120.5325,4.0725],[-120.5775,4.0725],[-120.7125,3.8025],[-120.7125,3.7125],[-120.7575,3.6675],[-120.9375,3.6675],[-120.9825,3.6225],[-120.9825,3.2175],[-121.0275,3.1725],[-120.8475,2.9925],[-120.8025,2.8125],[-120.5775,2.7225],[-120.3975,2.5425],[-120.3075,2.5425],[-120.2625,2.4975],[-120.1725,2.5875],[-119.9475,2.5875],[-119.8575,2.6775],[-119.5875,2.6775],[-119.4975,2.7675],[-119.3175,2.8125],[-119.3175,2.8575],[-119.0925,3.0375],[-119.0925,3.2175],[-119.0025,3.3075],[-119.0475,3.3525],[-119.0475,3.7125],[-119.0925,3.7575],[-119.1825,3.7575],[-119.2725,3.9375],[-119.3175,3.9375],[-119.4975,4.1625],[-119.6325,4.1625],[-119.7225,4.2525],[-119.7225,4.3425],[-119.8125,4.4775]]]]}},{"type":"Feature","id":"Girkmand","properties":{"id":"Girkmand","tracedAreaKm2":75985},"geometry":{"type":"MultiPolygon","coordinates":[[[[-42.7725,54.1125],[-42.6825,54.0675],[-42.6825,53.9775],[-42.5475,53.7975],[-42.1425,53.6175],[-42.0075,53.4375],[-42.0075,53.3475],[-41.7825,53.2575],[-41.6475,53.1225],[-41.6475,52.6725],[-41.5125,52.5825],[-41.2425,52.5825],[-41.0175,52.7175],[-41.0175,52.7625],[-40.9275,52.8075],[-40.7475,53.0325],[-40.6575,53.0775],[-40.3425,52.9875],[-40.2075,52.8075],[-40.1625,52.4025],[-39.8925,52.2675],[-39.8025,52.1775],[-39.7575,51.9975],[-39.6675,51.8625],[-39.5325,51.7725],[-39.2175,51.7275],[-39.0375,51.8175],[-39.0375,51.8625],[-38.9025,51.9525],[-38.6775,51.9525],[-38.5875,51.9975],[-38.4075,52.2225],[-38.3175,52.2675],[-38.0925,52.2675],[-37.8675,52.4475],[-37.8675,52.5375],[-37.7775,52.7175],[-37.5975,52.9425],[-37.5975,53.1225],[-37.8225,53.3475],[-37.8225,53.5275],[-37.5975,53.7975],[-37.5975,53.9325],[-37.5525,54.0225],[-37.4625,54.0675],[-37.4175,54.2475],[-37.7775,54.5625],[-37.9575,54.4725],[-38.1375,54.4725],[-38.3625,54.6075],[-39.2625,54.5175],[-39.6675,54.2475],[-39.8925,54.2475],[-40.1625,54.4275],[-40.7025,54.4275],[-41.0175,54.6975],[-41.3775,54.8325],[-41.4225,54.9225],[-41.5125,54.9225],[-41.5575,54.9675],[-42.0075,54.9675],[-42.0975,55.0575],[-42.1875,55.0575],[-42.3225,54.9225],[-42.4575,54.9225],[-42.5025,54.8775],[-42.5025,54.7875],[-42.5925,54.6975],[-42.5475,54.6525],[-42.5475,54.2475],[-42.7725,54.1125]]]]}},{"type":"Feature","id":"Great-Anglia","properties":{"id":"Great-Anglia","tracedAreaKm2":530529},"geometry":{"type":"MultiPolygon","coordinates":[[[[70.7175,32.8275],[70.5825,32.6025],[70.6725,32.4675],[70.8075,32.4675],[70.8525,32.4225],[70.8975,32.4675],[70.8975,32.6475],[70.9875,32.7825],[70.9425,32.8275],[70.7175,32.8275]]],[[[63.4275,36.6075],[63.3825,36.5625],[63.2025,36.5625],[63.1125,36.3825],[63.1125,36.2475],[62.9325,36.0225],[63.1575,35.8425],[63.5175,35.9325],[63.5175,36.0675],[63.6975,36.2025],[63.6525,36.4275],[63.6075,36.4725],[63.5175,36.4725],[63.4275,36.6075]]],[[[76.4775,34.9875],[76.2525,35.1675],[76.2525,35.3025],[76.3425,35.4375],[76.4325,35.4825],[76.4325,35.7075],[76.3425,35.7525],[76.2525,35.9775],[76.2075,36.4725],[75.9375,36.4725],[75.8925,36.5175],[75.8925,36.6075],[75.7575,36.6975],[75.7575,36.7875],[75.6225,36.9225],[75.5325,36.9225],[75.4875,36.9675],[75.4875,37.1475],[75.4425,37.1925],[75.0375,37.2375],[74.8575,37.3725],[74.6325,37.2825],[74.6325,37.1925],[74.4525,37.0125],[74.4525,36.9225],[74.3625,36.7875],[74.1825,36.6975],[74.1825,36.5625],[74.0475,36.3825],[73.9125,36.3825],[73.8225,36.2025],[73.4625,36.2025],[73.3725,36.2925],[73.3275,36.2475],[72.6975,36.2475],[72.6525,36.2025],[72.3825,36.2025],[72.3375,36.2475],[72.2025,36.1575],[72.0675,35.9325],[71.7525,35.8875],[71.6625,35.7975],[71.4375,35.7975],[71.4375,35.7075],[71.3925,35.6625],[70.8075,35.6625],[70.7625,35.7075],[70.4475,35.7075],[70.4025,35.7525],[70.4025,36.0675],[70.6275,36.2025],[70.8975,36.2025],[70.9875,36.2925],[71.2125,36.2925],[71.3475,36.4275],[71.1675,36.5625],[70.9425,36.8775],[70.8525,36.8775],[70.7625,36.9675],[70.6275,36.9675],[70.5375,37.1925],[70.1325,37.1925],[70.0425,37.2825],[69.9975,37.2375],[69.6825,37.2375],[69.6375,37.2825],[69.3675,37.2825],[69.3225,37.3275],[68.9175,37.3275],[68.8725,37.2825],[68.5575,37.2825],[68.4675,37.3275],[68.1975,37.1925],[67.9275,37.1925],[67.8825,37.2375],[67.6575,37.0575],[67.4775,37.0575],[67.4325,37.0125],[67.4325,36.7875],[67.3875,36.7425],[67.1175,36.7425],[67.0725,36.7875],[66.9825,36.6975],[66.9825,36.5625],[66.8925,36.5175],[66.7575,36.2475],[66.4425,36.2475],[66.1725,36.1125],[65.8575,35.6625],[65.4525,35.6625],[65.4075,35.7075],[65.3175,35.7075],[65.2725,35.7525],[65.2725,35.8425],[65.1375,35.8875],[65.0925,35.9775],[64.9575,36.0675],[64.8225,35.8875],[64.7325,35.8875],[64.6875,35.8425],[64.6875,35.6175],[64.5975,35.3925],[64.5975,35.2125],[64.3725,34.9425],[64.0575,34.9425],[64.0125,34.9875],[63.9225,34.9425],[63.6525,34.9425],[63.6075,34.9875],[63.5175,34.9875],[63.3375,34.8525],[63.1125,34.8075],[63.0675,34.7625],[63.0675,34.6725],[63.2475,34.5375],[63.3825,34.5375],[63.4725,34.4025],[63.4725,33.9525],[63.4275,33.9075],[63.7425,33.6825],[63.7425,33.5475],[63.7875,33.5025],[64.3725,33.5025],[64.5075,33.3225],[65.0475,33.3225],[65.0925,33.2775],[65.1825,33.4575],[65.4525,33.4575],[65.5425,33.5475],[65.8575,33.5475],[65.9475,33.3675],[66.1275,33.2325],[66.1725,32.9625],[66.2175,32.9175],[66.4425,32.8725],[66.7125,32.7375],[66.7575,32.6025],[66.9825,32.4225],[66.9825,32.1975],[67.0725,32.1525],[67.0725,32.0625],[67.2075,31.9275],[67.2075,31.8375],[67.2525,31.8375],[67.3875,31.6575],[67.5225,31.5675],[67.5225,31.4775],[67.5675,31.4325],[67.5675,31.0725],[67.6575,30.9825],[67.6575,30.7575],[67.7475,30.6675],[67.8375,30.6675],[67.8825,30.6225],[67.8825,30.2175],[67.8375,30.1275],[67.6575,29.9475],[67.4775,29.9475],[67.4775,29.8125],[67.4325,29.7675],[67.6575,29.5425],[68.1075,29.4525],[68.2425,29.3625],[68.2875,29.2725],[68.4225,29.2725],[68.5125,29.1375],[68.5125,28.8675],[68.3775,28.6875],[68.4225,28.5975],[68.4225,28.4175],[68.4675,28.3725],[68.9175,28.3725],[68.9625,28.3275],[68.9625,28.4175],[69.1425,28.5975],[69.4125,28.5975],[69.5025,28.5075],[69.6375,28.5975],[69.9075,28.5975],[70.0875,28.7325],[70.2225,28.9125],[70.6275,29.1825],[70.6275,29.3175],[70.7625,29.4525],[70.7625,29.5425],[70.5825,29.6325],[70.5825,29.8575],[70.4025,29.9925],[70.2675,30.0375],[69.9975,30.4425],[69.8175,30.4425],[69.7275,30.5325],[69.7275,30.6225],[69.3675,30.7125],[69.2775,30.8025],[69.2775,31.0275],[69.0975,31.1625],[69.0975,31.5225],[69.1425,31.5675],[69.0525,31.6575],[69.0525,31.9725],[68.9625,32.0625],[68.9625,32.1525],[68.8275,32.3325],[68.8275,32.4675],[68.7375,32.5575],[68.7375,32.9625],[68.8275,33.1425],[68.9625,33.1425],[69.0525,33.2775],[69.0525,33.5025],[69.3675,33.7725],[69.3675,33.9075],[69.4575,33.9975],[69.5475,33.9975],[69.5925,34.0425],[69.5925,34.1775],[69.6375,34.2225],[69.7725,34.2225],[70.0875,34.5825],[70.1775,34.5825],[70.2675,34.8075],[70.5375,34.8075],[70.8075,34.5825],[70.8075,34.4025],[70.8525,34.3125],[70.9875,34.2225],[70.9875,33.9975],[71.0325,33.9075],[71.1675,33.7725],[71.3925,33.7725],[71.4375,33.7275],[71.4375,33.5475],[71.5275,33.3225],[71.8875,33.3225],[72.1125,33.1425],[72.2025,33.1425],[72.3375,33.0525],[72.4275,32.9175],[72.5625,32.9175],[72.6075,33.0075],[72.8325,33.0075],[72.9225,33.0525],[72.9675,33.3225],[73.0125,33.3675],[73.4175,33.3675],[73.5075,33.2775],[73.4625,32.6925],[73.5975,32.4675],[73.7325,32.4675],[73.8675,32.3325],[73.9125,32.3775],[74.1825,32.3775],[74.2725,32.4675],[74.6325,32.4675],[74.6775,32.4225],[74.6775,32.1975],[74.7225,32.1525],[74.7225,32.0625],[74.9475,31.8825],[75.1275,31.8825],[75.1725,31.9275],[75.3975,31.9725],[75.3975,32.0625],[75.5775,32.1525],[75.5775,32.3325],[75.6675,32.4225],[75.8475,32.4225],[75.8925,32.4675],[75.8925,32.6475],[76.0725,32.7825],[76.0275,32.8275],[76.0275,33.1425],[76.1625,33.2325],[76.1175,33.2775],[76.1175,33.6825],[76.1625,33.7275],[76.2975,33.7275],[76.2975,33.9075],[76.1625,33.9975],[76.1625,34.3125],[76.2525,34.3575],[76.3425,34.4925],[76.2975,34.7625],[76.3425,34.8075],[76.3425,34.8975],[76.4775,34.9875]]]]}},{"type":"Feature","id":"Ide-Jima","properties":{"id":"Ide-Jima","tracedAreaKm2":937371},"geometry":{"type":"MultiPolygon","coordinates":[[[[137.0925,56.2275],[137.0925,56.1825],[136.9575,56.0925],[136.9575,56.0025],[136.8675,55.9125],[136.8225,55.7775],[136.7325,55.6875],[136.6425,55.6875],[136.6425,55.5075],[136.5525,55.4175],[136.5075,54.8325],[136.3725,54.6975],[136.3725,54.4725],[136.3275,54.4275],[136.2375,54.4275],[136.1475,54.2925],[135.9675,54.1575],[135.9675,53.9325],[135.9225,53.8875],[135.4275,53.8875],[135.2025,53.7975],[134.9325,53.7975],[134.8425,53.7075],[134.8425,53.5275],[134.9325,53.4825],[134.9325,53.3475],[134.9775,53.3025],[134.9775,52.7625],[134.9325,52.7175],[134.6625,52.7175],[134.3925,52.8975],[134.2575,52.8975],[134.2575,52.7625],[134.1675,52.6275],[133.9875,52.4925],[133.7625,52.2225],[133.6725,52.0425],[133.6725,51.7275],[133.8075,51.4575],[133.8075,50.6925],[133.6725,50.4675],[133.6725,50.3325],[133.5825,50.2875],[133.5825,49.9725],[133.7175,49.8825],[133.9425,49.8825],[134.0325,49.8375],[134.2125,49.6125],[134.3925,49.5225],[134.4825,49.5675],[134.8875,49.5675],[134.9775,49.5225],[135.1575,49.2975],[135.1575,49.1625],[135.2925,48.8025],[135.5175,48.6225],[135.6525,48.6225],[136.1925,48.8925],[136.6875,48.8925],[136.9125,48.7125],[137.1375,48.8475],[137.4975,48.8475],[137.8125,48.6675],[138.1275,48.5775],[138.2175,48.4425],[138.4425,48.3525],[138.5325,48.2175],[138.5325,47.9025],[138.7125,47.8575],[138.8475,47.7675],[138.8475,47.3175],[139.1625,47.1375],[139.1625,46.8225],[139.1175,46.7775],[139.1175,46.6425],[139.2525,46.5525],[139.2525,46.2825],[139.1625,46.1475],[139.1175,45.9225],[139.2525,45.7875],[139.2525,45.6975],[139.3425,45.6525],[139.3425,45.5625],[139.3875,45.5175],[139.5675,45.5175],[139.6125,45.4725],[139.6125,45.2925],[139.7475,45.2025],[139.7475,45.1125],[139.8375,44.9775],[140.1975,44.7075],[140.2875,44.7075],[140.4225,44.5275],[140.5125,44.4825],[140.5125,44.3925],[141.0525,44.3475],[141.2775,44.2125],[141.5475,44.2125],[141.5925,44.1675],[141.6825,44.2125],[141.6825,44.3475],[141.7275,44.3925],[142.1325,44.3925],[142.2225,44.3475],[142.4475,44.0775],[142.7175,44.0775],[142.8075,43.8975],[142.9875,43.8975],[143.0775,43.8075],[143.0775,43.6725],[143.2125,43.4925],[143.3475,43.4925],[143.4375,43.4025],[143.7525,43.4025],[143.9325,43.2675],[144.6975,43.2675],[144.7425,43.2225],[145.0125,43.2225],[145.0575,43.1775],[145.1475,43.2675],[145.4175,43.2675],[145.4625,43.2225],[145.6875,43.2225],[145.8225,43.1325],[146.0025,43.1325],[146.0475,43.1775],[146.2275,43.1775],[146.4975,43.4025],[146.6325,43.4025],[146.7225,43.6275],[147.0375,43.6275],[147.2625,43.8525],[147.2625,43.9425],[147.5775,44.2125],[147.3525,44.3475],[147.3075,44.3025],[146.6325,44.3025],[146.5875,44.3475],[146.5875,44.5725],[146.5425,44.6175],[146.5875,45.2925],[146.6775,45.5175],[146.9475,45.8325],[146.9475,45.9225],[147.0375,46.0125],[146.9925,46.4175],[146.7675,46.6425],[146.7675,46.6875],[146.6325,46.7775],[146.6325,47.0475],[146.7675,47.1825],[146.7675,47.3175],[146.8125,47.3625],[146.8125,47.6775],[146.9025,47.7675],[146.6775,47.8575],[146.6775,48.1275],[146.7225,48.1725],[146.6775,48.2175],[146.6775,48.4875],[146.7675,48.5775],[146.7675,48.8925],[146.9475,49.1175],[147.0375,49.1175],[147.0825,49.1625],[147.0825,49.2525],[147.2175,49.3425],[147.2175,49.4325],[147.3525,49.5225],[147.3075,49.5675],[147.2625,49.7925],[147.0375,49.9275],[147.0375,50.2425],[147.0825,50.2875],[146.9025,50.4675],[146.9025,50.5575],[146.6775,50.7375],[146.6775,51.0075],[146.6325,51.0525],[146.6325,51.3675],[146.6775,51.4575],[146.5425,51.6825],[146.5425,51.7725],[146.4075,51.8625],[145.8225,51.9075],[145.5975,52.0425],[145.3725,52.0425],[145.1925,52.2675],[145.1925,52.8975],[145.1025,52.9875],[145.1025,53.3025],[145.2825,53.4375],[145.2825,53.5725],[145.3275,53.6175],[145.2825,53.6625],[145.2825,53.8875],[145.1925,53.8875],[145.1475,53.8425],[144.8325,53.8425],[144.7875,53.7975],[144.4725,53.7975],[144.3825,53.9325],[144.2025,53.9325],[144.1125,54.0675],[144.0225,54.0675],[143.9775,54.1125],[143.9775,55.0575],[144.0225,55.1475],[144.2025,55.2825],[144.2025,55.5525],[144.3825,55.7775],[144.3825,56.0025],[144.5625,56.1825],[144.4725,56.3625],[144.3825,56.4525],[144.2925,56.4525],[144.0225,56.7675],[143.8425,56.7675],[143.7525,56.8575],[143.6175,56.8575],[143.5275,56.9475],[143.2125,56.9475],[143.1225,57.0375],[143.0775,57.2625],[142.9875,57.3525],[142.8525,57.3975],[142.8075,57.4425],[142.8075,57.5325],[142.6275,57.7125],[142.5825,57.6675],[142.4025,57.6675],[142.3575,57.6225],[142.2675,57.6225],[142.1325,57.4425],[142.0875,57.1275],[141.9525,57.0375],[141.8625,57.0375],[141.8625,56.9025],[141.6375,56.7225],[141.4125,56.7225],[141.4125,56.6325],[141.3225,56.5425],[141.0075,56.5425],[140.9175,56.4525],[140.6475,56.4525],[140.6025,56.4075],[140.4675,56.4075],[140.3775,56.3175],[140.2875,56.3175],[140.2875,56.0925],[140.1525,55.9575],[140.1525,55.7775],[140.0175,55.6425],[139.9275,55.6425],[139.9275,55.5075],[139.7925,55.4175],[139.7475,54.8775],[139.7025,54.8325],[139.3875,54.8325],[139.2975,54.9225],[139.1625,54.9225],[139.0275,55.0125],[138.9375,55.0125],[138.7575,55.1925],[138.7575,55.2825],[138.4875,55.2825],[138.3525,55.4175],[138.3525,55.5525],[138.2625,55.5525],[138.1725,55.6425],[138.0825,55.6425],[138.0375,55.6875],[137.9925,55.8675],[137.8575,55.9575],[137.8125,56.1825],[137.7225,56.2275],[137.5425,56.4525],[137.2275,56.3175],[137.1825,56.2275],[137.0925,56.2275]]]]}},{"type":"Feature","id":"Iwenland","properties":{"id":"Iwenland","tracedAreaKm2":3334},"geometry":{"type":"MultiPolygon","coordinates":[[[[-4.2975,42.3675],[-4.3875,42.2325],[-4.5225,42.2325],[-4.5675,42.1875],[-4.5675,42.0525],[-4.8825,41.8275],[-4.7475,41.8275],[-4.7025,41.7825],[-4.7025,41.6925],[-4.5675,41.5125],[-4.5225,41.5575],[-4.4325,41.5575],[-4.3425,41.6475],[-4.3425,41.7375],[-4.1175,41.9175],[-4.1625,42.2775],[-4.2975,42.3675]]]]}},{"type":"Feature","id":"Kalnija","properties":{"id":"Kalnija","tracedAreaKm2":54603},"geometry":{"type":"MultiPolygon","coordinates":[[[[-45.1125,44.4825],[-45.0225,44.4375],[-44.8425,44.2125],[-44.6625,44.1675],[-44.5275,44.0775],[-44.5275,43.9875],[-44.6625,43.8525],[-44.6625,43.7175],[-44.5275,43.6725],[-44.3925,43.5375],[-44.3925,43.3125],[-43.9875,43.1325],[-43.8075,42.9975],[-43.6725,42.9975],[-43.6275,42.9525],[-43.1775,42.9525],[-43.0425,42.8625],[-42.9525,42.8625],[-42.6825,43.0425],[-42.6825,43.1325],[-42.5475,43.3125],[-42.4575,43.3575],[-42.1875,43.3575],[-41.7375,43.6275],[-41.6025,43.6275],[-41.3775,43.7625],[-41.5575,43.8975],[-41.6925,44.1225],[-41.6925,44.3025],[-41.6475,44.3475],[-41.6925,44.6625],[-42.0525,44.7975],[-42.1425,44.7525],[-42.3225,44.7975],[-42.4575,44.7075],[-42.5925,44.7975],[-42.5925,44.9325],[-42.5475,44.9775],[-42.5925,45.1575],[-42.7725,45.3375],[-42.9525,45.4275],[-43.0875,45.3825],[-43.0875,45.2475],[-43.2225,45.1575],[-43.4025,45.1575],[-43.5375,45.2475],[-43.6275,45.2025],[-43.7175,45.0675],[-43.8975,44.9775],[-44.0325,45.0675],[-44.0775,45.3375],[-44.2575,45.4725],[-44.4825,45.3375],[-44.6625,45.3375],[-44.8875,45.2025],[-44.8875,45.1125],[-44.7975,45.0225],[-44.7975,44.7975],[-44.8425,44.7075],[-45.1125,44.4825]]]]}},{"type":"Feature","id":"Kotowari","properties":{"id":"Kotowari","tracedAreaKm2":632965},"geometry":{"type":"MultiPolygon","coordinates":[[[[134.5725,39.8025],[134.1675,39.8025],[134.1225,39.7125],[133.9875,39.6675],[133.8975,39.5775],[133.7625,39.5775],[133.6725,39.4425],[133.5825,39.4425],[133.4925,39.3525],[133.2675,39.3525],[133.2225,39.2625],[132.9075,39.1725],[132.6375,38.9475],[132.6375,38.8575],[132.5025,38.7225],[132.3225,38.7225],[132.2325,38.5875],[132.0525,38.5875],[132.0075,38.5425],[132.0075,38.3175],[131.8725,38.2275],[131.9625,38.1375],[132.0525,38.1375],[132.0975,38.0925],[132.1425,37.4625],[132.0075,37.2825],[132.0075,37.1025],[131.9175,37.0125],[131.9175,36.9225],[132.0075,36.8325],[132.0075,36.4275],[131.8725,36.2925],[131.8725,36.0225],[131.8275,35.9325],[131.6475,35.8425],[131.3775,35.8425],[131.2425,35.9325],[131.0625,35.9775],[130.8375,36.2025],[130.6575,36.2025],[130.4325,36.0675],[130.2975,35.8425],[130.2975,35.4375],[130.0725,35.1675],[130.0725,34.9425],[130.1625,34.7625],[130.2075,34.4025],[130.1175,34.3125],[130.1175,34.1325],[130.0725,34.0425],[129.9375,33.9075],[129.7575,33.8175],[129.8025,33.5475],[129.7575,33.5025],[129.7125,33.2775],[129.3975,33.0975],[129.3975,33.0075],[129.1725,32.6025],[129.0825,32.5125],[128.8575,32.4225],[128.5875,32.0175],[128.4975,31.9725],[128.0925,31.9725],[127.8225,31.7475],[127.3725,31.7475],[127.3275,31.7925],[127.1025,31.7925],[126.8775,31.6575],[126.8775,31.5675],[126.8325,31.5225],[126.8325,31.2525],[126.7425,31.1625],[126.6075,31.1175],[126.6075,30.8925],[126.7425,30.8025],[127.0125,30.8025],[127.2825,30.5775],[127.5525,30.4425],[127.6425,30.4425],[128.0025,30.6675],[128.2725,30.6675],[128.3175,30.6225],[128.4525,30.6225],[128.6775,30.5325],[128.9025,30.2625],[129.1275,30.1725],[129.1725,30.1275],[129.1725,30.0375],[129.3525,29.9025],[129.3975,29.8125],[129.3975,29.2275],[129.4425,29.1375],[129.7125,29.0025],[129.8475,28.8225],[129.9825,28.7775],[130.1625,28.5975],[130.2525,28.5975],[130.3875,28.7775],[130.4775,28.7775],[130.5225,28.8225],[130.5225,29.0025],[130.6125,29.0925],[130.6125,29.2275],[130.6575,29.2725],[130.6575,29.4975],[130.7925,29.5875],[130.8825,29.7225],[131.0625,29.7225],[131.2425,29.9025],[131.2875,29.9025],[131.3325,29.9925],[131.6025,29.9925],[131.6925,30.0825],[131.7825,30.0825],[131.8275,30.1275],[132.1425,30.1275],[132.2775,30.2175],[132.2775,30.3075],[132.4575,30.4425],[132.5925,30.6675],[132.5925,30.8475],[132.6375,30.8925],[132.6825,31.2075],[132.7725,31.2975],[132.7725,31.3875],[132.9075,31.5225],[133.0875,31.5225],[133.1325,31.5675],[133.1325,32.4225],[133.2225,32.5575],[133.4925,32.5575],[133.5375,32.5125],[133.5375,32.0175],[133.5825,31.9725],[133.5825,31.7025],[133.4925,31.6575],[133.4925,31.4775],[133.5375,31.4325],[133.5375,31.1175],[133.6275,30.9825],[133.7625,31.1625],[134.0325,31.1625],[134.0775,31.1175],[134.0775,30.7125],[134.0325,30.6675],[134.0325,30.5775],[133.9425,30.4875],[133.9425,30.3525],[133.8075,30.1725],[133.6725,30.0825],[133.5375,30.0825],[133.4925,30.0375],[133.4925,29.9475],[133.8075,29.9475],[134.4825,30.3075],[135.1575,30.3075],[135.4275,30.1725],[136.1925,30.1725],[136.2375,30.2175],[136.5075,30.2175],[136.6875,30.3075],[136.8225,30.4425],[136.9575,30.4875],[137.2725,30.8025],[137.3175,30.8025],[137.3175,30.8475],[137.5875,31.1175],[137.7675,31.4775],[138.1275,31.6575],[138.2175,31.6575],[138.2175,31.7925],[137.8575,32.1075],[137.8575,32.1975],[137.7675,32.2875],[137.5875,32.2875],[137.5425,32.3325],[137.4975,32.2875],[137.1825,32.2875],[137.0925,32.3775],[137.0925,32.4675],[137.0025,32.4675],[136.9575,32.5125],[136.6425,32.5125],[136.5975,32.4675],[136.2825,32.4675],[136.2375,32.5125],[136.1925,32.4675],[135.4725,32.4225],[135.4275,32.4675],[135.3375,32.4675],[135.1125,32.6475],[135.1125,32.7825],[134.9325,32.9175],[134.9325,33.2325],[134.9775,33.2775],[134.9775,33.3675],[135.1125,33.4575],[135.2025,33.5925],[136.0575,33.6825],[136.1475,33.7275],[136.2825,33.9075],[136.5075,33.9525],[136.5975,34.0875],[136.7325,34.1775],[136.7775,34.7625],[136.9125,34.9425],[136.8675,35.6625],[136.9575,35.8425],[137.0475,35.8875],[137.4525,35.8875],[137.6325,35.7075],[137.6325,35.5725],[137.6775,35.5275],[137.7675,35.5275],[137.9025,35.3925],[137.9925,35.3925],[138.1275,35.5725],[138.2625,35.6175],[138.3975,35.8425],[138.3075,35.8875],[138.3075,35.9775],[137.9925,36.2025],[137.9025,36.2025],[137.8575,36.2475],[137.7675,36.4725],[137.7225,37.1475],[137.5425,37.2825],[137.5425,37.3725],[137.4975,37.4175],[137.2275,37.4175],[137.0475,37.5525],[137.0475,37.6425],[136.7775,37.8225],[136.7775,38.0025],[136.6425,38.1375],[136.4625,38.1825],[136.4175,38.2275],[136.4175,38.3175],[136.2825,38.3175],[135.9675,38.6325],[135.9675,38.7675],[135.7875,38.9025],[135.6525,38.9025],[135.5625,38.9925],[135.3375,38.9925],[135.2475,39.1275],[135.0675,39.1275],[134.8875,39.3075],[134.8875,39.4875],[134.7525,39.4875],[134.7075,39.5325],[134.7075,39.6225],[134.5725,39.8025]],[[133.8975,35.0325],[133.9425,35.0775],[134.3925,35.0775],[134.5275,34.8975],[134.5275,34.4925],[134.3025,34.4025],[133.9425,34.4025],[133.8975,34.4475],[133.8975,35.0325]]]]}},{"type":"Feature","id":"Luterna","properties":{"id":"Luterna","tracedAreaKm2":237616},"geometry":{"type":"MultiPolygon","coordinates":[[[[1.7775,58.1625],[1.5975,58.1625],[1.5525,58.2075],[1.5075,58.1625],[1.3725,58.1625],[1.2825,58.0275],[1.2825,57.7575],[1.4625,57.6225],[1.5975,57.8025],[1.6875,57.8025],[1.7775,57.8925],[1.7775,58.0725],[1.8225,58.1175],[1.7775,58.1625]]],[[[-8.4375,62.3025],[-8.4375,62.2575],[-8.3025,62.1675],[-8.2125,61.8525],[-7.8075,61.4025],[-7.6275,61.3575],[-7.4925,61.2675],[-7.3125,61.2675],[-7.1775,61.3575],[-7.0875,61.3575],[-6.9075,61.4475],[-6.2775,61.1325],[-6.0075,60.8175],[-6.0075,60.7275],[-5.9625,60.6825],[-5.9625,60.3675],[-6.1875,60.0975],[-6.1875,59.8275],[-6.2775,59.7825],[-6.2775,59.6025],[-6.3675,59.5125],[-6.3675,59.4225],[-6.1425,59.1975],[-6.1425,59.0625],[-6.0975,59.0175],[-6.0975,58.5675],[-5.8725,58.2975],[-5.8725,58.1625],[-5.7375,58.0725],[-5.7825,57.8025],[-5.6025,57.7125],[-5.1975,57.6675],[-5.0625,57.5775],[-4.2975,57.5325],[-4.1625,57.4425],[-3.4875,57.4425],[-3.4425,57.3975],[-3.2175,57.3975],[-3.0375,57.2625],[-2.7675,57.1725],[-2.7225,57.0825],[-2.6325,57.0375],[-2.4975,56.8575],[-2.4525,56.8575],[-2.2275,56.6325],[-2.2275,56.5875],[-2.1825,56.5875],[-2.1375,56.4975],[-1.9575,56.3625],[-1.7775,56.3175],[-1.6425,56.2275],[-1.2825,56.1375],[-1.0125,56.0025],[-0.9225,55.9125],[-0.7875,55.8675],[-0.6525,55.7325],[-0.6975,55.6875],[-0.5175,55.7775],[-0.4725,55.8675],[-0.4725,56.0925],[-0.3825,56.1825],[-0.3825,56.4975],[-0.3375,56.5425],[-0.3375,56.6775],[-0.2475,56.7675],[-0.2475,56.9025],[0.0225,57.1275],[0.0225,57.4425],[0.3825,57.5775],[0.3825,57.9375],[0.5175,58.0275],[0.6975,58.0275],[0.7875,58.1175],[0.7875,58.2975],[0.8325,58.3425],[0.7875,58.7925],[0.6975,58.7925],[0.6525,58.8375],[0.6525,58.9275],[0.5625,58.9275],[0.5175,58.9725],[0.5175,59.1525],[0.4275,59.2425],[0.2475,59.2425],[0.1575,59.3325],[0.1575,59.4225],[0.1125,59.4675],[-0.2025,59.4675],[-0.2925,59.6475],[-0.2925,60.0525],[-0.2025,60.1875],[-0.1575,60.5925],[-0.0225,60.7725],[-0.0225,60.9525],[0.0675,61.0425],[0.0225,61.0875],[0.0225,61.3575],[0.1575,61.4475],[0.1575,61.5375],[0.2025,61.5825],[0.2025,61.7175],[0.0675,61.8075],[-0.0225,62.0325],[-0.1125,62.0775],[-0.1575,62.0325],[-0.2475,62.0325],[-0.5175,61.8525],[-0.6075,61.9875],[-0.7875,62.0325],[-0.9675,61.8975],[-0.9675,61.7625],[-1.1475,61.6275],[-1.2825,61.6275],[-1.5075,61.7625],[-1.5975,61.7625],[-1.8675,61.8975],[-1.9125,61.8525],[-2.1375,61.8525],[-2.3175,61.7625],[-2.7225,61.7625],[-2.9475,61.8975],[-2.9925,61.8525],[-3.1725,61.8525],[-3.2175,61.8075],[-3.6675,61.8075],[-3.7125,61.8525],[-3.8025,61.8525],[-3.9375,61.9425],[-3.8925,62.1675],[-4.0725,62.3925],[-4.0725,62.5725],[-4.1175,62.6175],[-4.1175,62.8425],[-4.0725,62.8875],[-4.1175,63.3825],[-4.4325,63.6075],[-4.5675,63.6525],[-4.7025,63.8325],[-4.8375,63.9225],[-4.9275,63.8775],[-5.1975,63.9225],[-5.3325,63.8325],[-5.4675,63.8325],[-5.6925,63.6975],[-5.7825,63.6975],[-6.1425,63.3825],[-6.5025,63.2025],[-6.5925,63.2025],[-6.7275,63.1125],[-6.8175,63.1125],[-6.9525,63.0225],[-7.2675,62.9325],[-7.4475,62.7975],[-7.6275,62.7525],[-7.8075,62.6175],[-8.0325,62.5275],[-8.1225,62.4375],[-8.4375,62.3025]]]]}},{"type":"Feature","id":"Lysia","properties":{"id":"Lysia","tracedAreaKm2":475374},"geometry":{"type":"MultiPolygon","coordinates":[[[[82.5525,41.0175],[81.8325,41.0175],[81.5625,41.1525],[81.0675,41.1525],[81.0225,41.1975],[80.9325,41.1975],[80.8875,41.1075],[80.4375,40.9275],[80.4375,40.8375],[80.5275,40.7475],[80.5275,40.5225],[80.4825,40.4325],[80.3025,40.2975],[80.2125,40.1625],[79.9875,40.0725],[79.9875,39.9825],[80.0775,39.8475],[80.0775,39.7125],[80.0325,39.6675],[80.0775,39.2175],[79.8075,38.9925],[79.6275,38.9025],[78.9975,38.9025],[78.7725,38.8125],[77.9175,38.7675],[77.6925,38.6775],[77.6475,38.4525],[77.4675,38.3175],[77.2875,38.3175],[77.2425,38.2725],[76.9725,38.2725],[76.9275,38.3175],[76.8375,38.3175],[76.7925,38.0475],[76.7025,37.9575],[76.7475,37.9125],[76.7475,37.6425],[76.6575,37.5525],[76.6575,37.1025],[76.5675,37.0125],[76.3875,36.9675],[76.4775,36.8325],[76.4775,36.5625],[76.4325,36.5175],[76.1175,36.4725],[76.1625,36.4275],[76.1625,36.2025],[76.2525,36.1575],[76.2525,36.0225],[76.3875,35.7075],[76.3875,35.4825],[76.2525,35.2575],[76.2525,35.1675],[76.2975,35.1675],[76.3875,35.0775],[76.3875,34.9875],[76.4775,34.9425],[76.4775,34.5375],[76.3875,34.3575],[76.4775,34.3575],[76.5225,34.3125],[76.5225,33.9975],[76.4775,33.9525],[76.3875,33.9525],[76.3425,33.7275],[76.4325,33.7275],[76.4775,33.6825],[76.4775,33.3675],[76.6125,33.1875],[76.6125,32.9625],[76.7475,32.9175],[76.8825,32.7825],[76.8825,32.6925],[76.9275,32.6925],[76.9725,32.6025],[77.0625,32.6025],[77.1525,32.5125],[77.3325,32.4675],[77.3775,32.4225],[77.3775,32.2425],[77.4225,32.1975],[77.6475,32.1975],[77.6925,32.1525],[77.9175,32.1525],[77.9625,32.1075],[78.0075,32.1975],[78.5025,32.1975],[78.5475,32.1525],[78.6825,32.1525],[78.8175,31.9725],[78.9525,31.9725],[79.0425,31.8375],[79.2225,31.8375],[79.2675,32.0175],[79.3575,32.1525],[79.6275,32.4225],[79.7175,32.4675],[80.1675,32.4675],[80.2575,32.5125],[80.4825,32.7825],[80.6175,32.8275],[80.8425,33.0075],[80.9325,33.1425],[81.0225,33.5925],[81.2025,33.7275],[81.4275,33.9975],[81.5625,34.0425],[81.7875,34.3125],[82.0125,34.4025],[82.1475,34.5825],[82.2825,34.6725],[82.4625,35.0325],[82.6425,35.0775],[82.9575,34.8075],[83.1825,34.8525],[83.3625,34.9875],[83.4975,35.3025],[83.4975,35.5275],[83.0475,36.1125],[83.0475,36.2475],[82.6875,36.5175],[82.6875,36.8325],[82.8225,36.9675],[82.8675,37.1925],[83.3175,37.6875],[83.3175,37.7325],[83.4525,37.8225],[83.7225,37.8225],[84.0375,37.5525],[84.1275,37.3725],[84.3075,37.3275],[84.5775,37.4625],[84.7125,37.3725],[84.7125,37.2825],[84.8475,37.1925],[85.0725,37.3275],[85.0725,37.3725],[85.2525,37.5075],[85.2525,37.7325],[85.2075,37.7325],[84.8025,38.1825],[84.7575,38.6325],[84.3975,38.8125],[84.3075,38.9025],[84.2175,39.1275],[84.0825,39.2625],[83.8575,39.6675],[83.7225,39.8025],[83.1825,40.0725],[82.7775,40.4325],[82.6875,40.5675],[82.6875,40.9275],[82.5525,41.0175]]]]}},{"type":"Feature","id":"Manamana","properties":{"id":"Manamana","tracedAreaKm2":346843},"geometry":{"type":"MultiPolygon","coordinates":[[[[-74.9925,-9.1575],[-75.1275,-9.0675],[-75.5325,-9.0675],[-75.6675,-8.9775],[-75.9825,-8.9775],[-76.0725,-9.0225],[-76.0725,-9.1575],[-76.2525,-9.2925],[-76.4775,-9.2925],[-76.4775,-9.3825],[-76.5225,-9.4275],[-76.8825,-9.4275],[-76.9275,-9.5175],[-77.0625,-9.6075],[-77.1525,-9.6075],[-77.2425,-9.6975],[-77.2875,-9.9225],[-77.4225,-10.0125],[-77.5125,-10.1925],[-77.5125,-10.4175],[-77.6925,-10.5975],[-77.8725,-10.5975],[-78.0975,-10.7775],[-78.3225,-10.7775],[-78.3675,-10.8225],[-78.5025,-10.8225],[-78.6825,-10.9575],[-78.6825,-11.2275],[-78.8625,-11.3175],[-78.9525,-11.5425],[-79.4475,-11.5425],[-79.7175,-11.3175],[-79.7175,-11.1825],[-79.7625,-11.1375],[-79.8975,-11.1375],[-80.0325,-10.9575],[-80.2125,-10.9125],[-80.4375,-10.6875],[-80.5275,-10.6875],[-80.7075,-10.5075],[-80.7075,-10.4175],[-80.8425,-10.3275],[-80.8425,-10.2375],[-80.8875,-10.1925],[-81.1575,-10.1475],[-81.6975,-10.7325],[-81.7875,-10.7775],[-82.0125,-10.7775],[-82.0575,-10.7325],[-82.1925,-10.8225],[-82.2375,-11.2725],[-82.1475,-11.3625],[-82.1475,-11.5425],[-82.0575,-11.6325],[-82.0125,-11.8125],[-81.8325,-11.9925],[-81.8325,-12.0825],[-82.0125,-12.2175],[-82.0125,-12.3075],[-82.3275,-12.5775],[-83.1375,-12.5775],[-83.2275,-12.6225],[-83.2275,-13.2075],[-83.5875,-13.3875],[-83.5875,-13.4775],[-83.4525,-13.5675],[-83.2725,-13.9275],[-83.0475,-14.0625],[-82.8225,-14.0625],[-82.6425,-14.1525],[-82.5075,-14.3325],[-82.2375,-14.4675],[-81.6975,-14.5125],[-81.3825,-14.3325],[-81.2925,-14.3775],[-81.2025,-14.5575],[-80.9325,-14.7825],[-80.9325,-14.9175],[-80.6625,-15.0975],[-80.1675,-15.0975],[-79.9425,-15.2325],[-79.7175,-15.0975],[-78.9525,-15.0975],[-78.1875,-15.0975],[-77.4225,-15.0975],[-76.6575,-15.0975],[-76.6125,-15.0075],[-76.7025,-15.0075],[-76.7475,-14.9625],[-76.7925,-14.7375],[-76.8375,-14.6925],[-76.8375,-13.9275],[-76.7025,-13.7925],[-76.7025,-13.2075],[-76.6575,-13.1625],[-76.6575,-13.0725],[-76.6125,-13.0275],[-76.5225,-13.0275],[-76.5225,-12.8475],[-76.4325,-12.7575],[-76.3425,-12.7575],[-76.3425,-12.6225],[-76.2975,-12.5775],[-76.2075,-12.5775],[-76.2075,-12.2625],[-76.1175,-12.1275],[-75.9825,-12.1275],[-75.9825,-11.9925],[-76.1625,-11.9025],[-76.3425,-11.6775],[-76.3425,-11.5875],[-76.2975,-11.5425],[-76.2975,-11.3175],[-76.3875,-11.1825],[-76.3875,-11.0025],[-76.2975,-10.9125],[-76.0725,-10.8225],[-75.8025,-10.5075],[-75.5775,-10.4625],[-75.3975,-10.3725],[-75.1725,-10.1025],[-74.9925,-10.0125],[-74.9925,-9.1575]],[[-79.5375,-12.7125],[-79.4475,-12.6225],[-78.9975,-12.6225],[-78.9525,-12.6675],[-78.9525,-13.1625],[-78.9975,-13.2075],[-79.3125,-13.2075],[-79.5375,-12.9825],[-79.5375,-12.7125]]]]}},{"type":"Feature","id":"Mekabiri","properties":{"id":"Mekabiri","tracedAreaKm2":518529},"geometry":{"type":"MultiPolygon","coordinates":[[[[124.4475,25.9425],[124.2225,25.8075],[124.2225,25.4925],[124.0425,25.2675],[124.0425,25.0425],[124.2225,24.8175],[124.1775,24.4575],[124.2225,24.4125],[124.2675,23.8275],[124.2225,23.7825],[124.2225,23.4675],[123.9975,23.2425],[123.9075,22.9275],[123.8175,22.8375],[123.8175,22.6575],[123.9525,22.4775],[123.9525,22.3425],[123.8625,22.2525],[123.8625,22.1175],[123.8175,22.0725],[123.8175,21.6225],[123.7725,21.5775],[123.7725,21.4425],[123.5475,21.1725],[123.5925,20.5425],[123.7275,20.3625],[123.7275,20.1825],[123.9075,20.1825],[123.9975,20.3175],[124.1325,20.4075],[124.2225,20.4075],[124.4475,20.7225],[124.7175,20.7225],[124.7625,20.6775],[124.7625,20.3625],[124.9425,20.2275],[125.0775,20.2275],[125.1675,20.1375],[125.4375,20.1375],[125.4825,20.0925],[125.4825,19.7775],[125.3925,19.6875],[125.1225,19.6425],[125.0775,19.5975],[124.4925,19.5975],[124.4025,19.6425],[124.3125,19.5525],[124.1775,19.5525],[124.0425,19.4625],[124.0425,19.2825],[123.9975,19.2375],[123.8625,19.2375],[123.6375,18.9225],[123.3675,18.9225],[123.3225,18.9675],[123.3225,19.2825],[123.3675,19.3725],[123.1875,19.4625],[123.0525,19.7325],[122.9625,19.6875],[122.8725,19.5525],[122.6475,19.5525],[122.5125,19.4175],[122.5125,19.2375],[122.4675,19.1925],[122.3325,19.1925],[122.2425,19.1025],[122.2425,18.7875],[122.1975,18.7425],[122.3325,18.6525],[122.3775,18.5175],[122.4675,18.4275],[122.5125,18.2475],[122.6025,18.1575],[122.6475,17.9325],[122.7375,17.7975],[122.8275,17.7525],[122.8275,17.4825],[122.7825,17.4375],[122.8275,17.0325],[122.9175,16.9425],[122.9175,16.8525],[123.0525,16.7625],[123.1425,16.7625],[123.2325,16.6725],[123.5025,16.6725],[123.5925,16.6275],[123.5925,16.7175],[123.6375,16.7625],[123.8175,16.7625],[123.9975,16.9425],[124.2225,16.9425],[124.3125,16.9875],[124.3575,17.0775],[124.5825,17.0775],[124.6275,17.1675],[124.8525,17.3025],[124.8525,17.3925],[125.3475,17.8425],[125.7975,17.8875],[125.8425,17.8425],[125.8425,17.6175],[125.9325,17.6175],[125.9775,17.5725],[125.9775,17.3025],[125.9325,17.2125],[126.0225,17.1675],[126.0225,17.0325],[126.0675,16.9875],[126.0675,16.6725],[125.9775,16.6275],[125.8875,16.4925],[125.8425,16.4925],[125.8425,16.3125],[125.9325,16.3125],[126.0225,16.2225],[126.0225,15.9075],[126.1125,15.8175],[126.1125,15.5475],[126.1575,15.5475],[126.2925,15.3675],[126.2925,15.1875],[126.3825,15.1425],[126.4275,14.8725],[126.6075,14.7825],[126.6975,14.8725],[126.8775,14.8725],[126.9675,14.9625],[127.1475,14.9625],[127.1925,15.0525],[127.3275,15.1425],[127.5075,15.1425],[127.5525,15.1875],[127.9125,15.1875],[128.1825,15.4575],[128.5425,15.4575],[128.6325,15.5925],[128.9925,15.9075],[129.0825,16.0425],[129.0825,16.1775],[129.2175,16.3125],[129.4875,16.4475],[129.5775,16.5825],[129.5775,16.8525],[129.8025,16.9425],[129.8025,17.2125],[129.8475,17.2575],[130.1175,17.3025],[130.2075,17.4375],[130.6575,17.5275],[130.6575,17.5725],[130.8375,17.7075],[131.0175,17.7075],[131.1525,17.8875],[131.1525,18.0225],[131.2875,18.1125],[131.3325,18.2025],[131.2425,18.2925],[131.1975,18.4725],[130.9725,18.7425],[130.7925,18.6525],[130.6125,18.6525],[130.5675,18.6075],[130.2075,18.5625],[130.1175,18.4275],[130.0275,18.4275],[129.8475,18.2925],[129.8475,18.1575],[129.7125,18.0225],[129.1725,18.0225],[129.0825,18.1575],[128.7675,18.1575],[128.6325,18.2925],[128.6325,18.3825],[128.5875,18.4275],[128.5875,18.6975],[128.4975,18.8775],[128.4975,19.1925],[128.5425,19.2825],[128.4525,19.4175],[128.4525,19.5975],[128.3175,19.7325],[128.3175,19.8675],[128.2725,19.9125],[128.1825,19.9125],[128.0925,20.0025],[128.0925,20.1375],[128.0025,20.2275],[128.0025,20.8125],[128.1825,20.9925],[128.1825,21.3075],[128.2725,21.4425],[128.3625,21.4425],[128.3625,21.5325],[128.5425,21.6225],[128.6775,21.8025],[128.7225,22.3875],[128.8125,22.4775],[128.4975,22.8375],[128.4975,22.9725],[128.4075,23.0625],[128.4075,23.1525],[128.3625,23.1975],[128.3625,23.4675],[128.3175,23.5125],[128.1825,23.5125],[128.0925,23.6025],[127.9125,23.6025],[127.8675,23.6925],[127.7775,23.7375],[127.7775,23.6925],[127.6425,23.6025],[127.5525,23.6025],[127.2825,23.7375],[127.1475,23.8725],[126.7425,24.0975],[126.5625,24.3225],[126.4725,24.5475],[126.2475,24.6825],[125.4825,24.7275],[125.1675,24.8625],[125.0325,24.9975],[124.9425,25.2225],[124.9425,25.4025],[124.8075,25.5375],[124.7175,25.7625],[124.4475,25.9425]]]]}},{"type":"Feature","id":"Miiros","properties":{"id":"Miiros","tracedAreaKm2":612992},"geometry":{"type":"MultiPolygon","coordinates":[[[[120.7125,6.9075],[120.8475,6.8175],[120.9375,6.8625],[121.1625,6.8625],[121.2525,6.9525],[121.4325,6.9525],[121.4775,6.9975],[121.4775,7.0875],[121.3425,7.1775],[121.2525,7.1775],[121.1625,7.2675],[121.0275,7.2675],[120.9375,7.1775],[120.9375,7.0875],[120.8925,7.0425],[120.8025,7.0425],[120.7125,6.9075]]],[[[132.0525,8.7075],[131.9175,8.5725],[131.7375,8.5725],[131.6925,8.4825],[131.9625,8.2575],[132.1875,8.4375],[132.1425,8.6625],[132.0525,8.7075]]],[[[118.3725,8.8425],[118.3275,8.7075],[118.1925,8.5725],[118.1925,8.3925],[118.1475,8.3025],[118.2825,8.2575],[118.4625,8.3475],[118.7325,8.3475],[118.7775,8.4375],[118.6875,8.5725],[118.6425,8.7975],[118.5975,8.8425],[118.3725,8.8425]]],[[[113.6025,10.1025],[113.5575,10.1025],[113.3775,9.9225],[113.2425,9.9225],[113.0625,9.6525],[113.1075,9.5625],[113.1975,9.5625],[113.2875,9.4275],[113.4675,9.4275],[113.5575,9.6075],[113.5575,9.7425],[113.6925,9.8325],[113.6475,10.0575],[113.6025,10.1025]]],[[[152.7075,15.9075],[152.5275,15.9075],[152.2575,15.5025],[152.3025,15.2775],[152.3475,15.2325],[152.5275,15.2325],[152.6175,15.1425],[152.8425,15.3225],[152.9325,15.5025],[153.0225,15.5025],[153.0225,15.6375],[153.0675,15.6825],[152.9325,15.8175],[152.8425,15.8175],[152.7075,15.9075]]],[[[124.4025,16.3575],[124.2225,16.3575],[123.6825,15.7725],[123.4125,15.7725],[123.3675,15.8175],[123.2775,15.8175],[123.2775,15.7275],[123.1425,15.6375],[123.1425,15.3225],[122.9625,15.1425],[122.8275,15.1425],[122.7825,15.0975],[122.7825,15.0075],[122.6025,14.8725],[122.5575,14.7825],[122.5575,14.5575],[122.4675,14.4675],[122.4675,14.2875],[122.4225,14.2425],[122.0175,14.2425],[121.9275,14.2875],[121.7475,14.0625],[121.7475,13.9725],[121.8825,13.8825],[122.0175,13.7025],[122.0175,13.3425],[122.2425,13.1625],[122.2425,13.0275],[122.2875,13.0275],[122.3775,12.8925],[122.3775,12.6675],[122.4225,12.6225],[122.7375,12.6225],[122.8275,12.5325],[122.8725,12.0825],[122.7825,11.8575],[122.9625,11.7675],[123.0975,11.6325],[123.0975,11.5425],[123.1875,11.4525],[123.3225,11.4525],[123.5475,11.2725],[123.6375,11.3625],[123.9075,11.3625],[123.9525,11.4075],[123.9525,11.5425],[124.1325,11.6325],[124.1325,11.7225],[124.2225,11.7675],[124.2225,11.9475],[124.4025,12.0825],[124.4025,12.1725],[124.5375,12.3075],[124.5375,12.8025],[124.4475,12.8925],[124.3125,12.8925],[124.2675,12.9375],[124.2675,13.3425],[124.4475,13.5225],[124.4925,13.5225],[124.5375,13.6125],[124.8075,13.6125],[124.8075,13.6575],[125.0325,13.8825],[125.1675,13.8825],[125.4375,14.2875],[125.1675,14.5125],[125.1675,14.9625],[124.9425,15.0525],[124.8525,15.1425],[124.8525,15.2775],[124.7625,15.3675],[124.7625,15.6375],[124.8975,15.7275],[124.8075,15.8175],[124.8075,16.0875],[124.7175,16.1325],[124.6275,16.2675],[124.4925,16.2675],[124.4025,16.3575]]],[[[122.7375,16.8525],[122.6025,16.8525],[122.4675,16.7175],[122.4675,16.5825],[122.2875,16.4925],[122.4225,16.2225],[122.4225,16.1325],[122.6475,16.4025],[122.7375,16.4025],[122.8275,16.5375],[122.8275,16.7175],[122.7375,16.8525]]],[[[114.7275,17.2125],[114.6375,17.2125],[114.5025,17.3475],[114.4125,17.3475],[114.3675,17.3025],[114.2325,17.3025],[114.0975,17.2125],[114.0975,17.1225],[114.0075,17.0775],[114.0075,17.0325],[114.2775,16.7175],[114.3675,16.8525],[114.6375,16.8525],[114.6825,16.8975],[114.7725,17.1225],[114.7275,17.2125]]],[[[120.6675,19.4625],[120.5775,19.5075],[120.3525,19.5075],[120.1725,19.6875],[119.9475,19.7775],[119.8125,19.7775],[119.7675,19.7325],[119.8575,19.6425],[119.8575,19.1925],[119.7675,19.0575],[119.6775,19.0575],[119.6325,18.9225],[119.6775,18.8775],[119.7225,18.6075],[119.8575,18.5175],[119.8575,18.1575],[119.7225,18.0675],[119.6325,17.8425],[119.2725,17.8425],[119.1825,17.9325],[118.5525,17.9325],[118.5075,17.9775],[118.5075,18.2025],[118.4175,18.2925],[118.4175,18.3825],[118.3725,18.4275],[118.1925,18.2925],[118.0575,18.2925],[117.9675,18.0675],[117.7875,17.8875],[117.6525,17.8875],[117.6525,17.8425],[117.5175,17.7525],[117.2475,17.7525],[117.2025,17.7975],[117.1125,17.7075],[117.1125,17.6175],[116.9325,17.5275],[116.9325,17.3025],[116.8425,17.2125],[116.9325,17.0775],[116.9325,16.8075],[116.8875,16.7625],[116.8875,16.6725],[116.8425,16.6275],[116.7525,16.6275],[116.5725,16.4025],[116.4375,16.3575],[116.3475,16.1775],[116.0775,16.1775],[115.9875,16.3575],[115.8525,16.4025],[115.7175,16.5825],[115.5825,16.6725],[115.4475,16.5375],[115.3575,16.5375],[115.3125,16.4925],[115.0875,16.4925],[114.9975,16.4025],[114.9075,16.4025],[114.7275,16.2675],[114.7275,16.1775],[114.6825,16.1325],[114.4125,16.1325],[114.3675,16.0875],[114.0975,16.0875],[114.0525,16.0425],[113.9625,16.0425],[113.8725,15.9075],[113.7825,15.8625],[113.6925,15.6825],[113.5575,15.6825],[113.4675,15.5475],[113.1975,15.5475],[113.1525,15.5025],[113.1525,15.3225],[113.0175,15.1875],[112.8825,14.9175],[113.0175,14.8275],[113.0625,13.9275],[113.1975,13.8375],[113.1975,13.6575],[113.3325,13.5225],[113.4225,13.5675],[113.5125,13.7475],[113.6475,13.8375],[113.6475,13.9725],[113.8275,14.1075],[113.8275,14.2875],[113.6475,14.3775],[113.6475,14.6475],[113.6925,14.6925],[113.9625,14.6925],[114.0075,14.6475],[114.0975,14.6475],[114.1425,14.6025],[114.1425,14.4675],[114.2775,14.3325],[114.2775,14.2425],[114.3675,14.1975],[114.3675,14.0625],[114.4575,14.0175],[114.5025,13.1625],[114.4125,13.1175],[114.2775,12.9375],[114.1875,12.9375],[114.1425,12.8925],[114.1425,12.8025],[113.9625,12.6675],[113.9625,12.3975],[114.1425,12.3075],[114.1875,12.1725],[114.3225,12.0375],[114.3225,11.8575],[114.3675,11.8125],[114.4575,11.8125],[114.5475,11.7225],[114.5475,11.5425],[114.6825,11.3625],[114.7725,11.1375],[114.9525,11.0475],[115.2225,11.2725],[115.1325,11.4075],[115.1325,11.6325],[114.9525,11.7225],[114.9525,11.9925],[114.8625,12.0825],[114.8625,12.4425],[114.9525,12.6225],[115.3125,12.6225],[115.4475,12.4425],[115.6725,12.2625],[115.6725,12.2175],[115.8075,12.2175],[115.8975,12.0375],[116.1225,12.0375],[116.2125,11.8575],[116.4375,11.8125],[116.5725,11.6325],[116.5725,11.5425],[116.7975,11.5425],[116.8875,11.4525],[117.0675,11.4525],[117.1575,11.3625],[117.1575,11.1825],[117.2025,11.1825],[117.3375,11.0025],[117.8325,10.5525],[117.9225,10.5975],[118.1925,10.5975],[118.1925,10.6875],[118.3725,10.8225],[118.4625,10.8225],[118.5525,11.0025],[118.6875,11.0925],[118.6875,11.2275],[118.7775,11.3625],[118.7775,12.2625],[118.8225,12.3075],[118.8225,12.5325],[118.6425,12.5325],[118.4625,12.6675],[118.3725,12.8925],[118.1925,12.8925],[118.1475,12.9375],[118.1475,13.1625],[117.9675,13.2975],[117.9675,13.4325],[117.7875,13.4325],[117.7425,13.4775],[117.7875,14.0625],[117.9225,14.2425],[118.1925,14.2425],[118.2375,14.2875],[118.7325,14.2875],[118.7775,14.2425],[118.7775,13.9725],[118.6875,13.8825],[118.6875,13.7475],[118.5525,13.6575],[118.6875,13.5675],[118.6875,13.3425],[118.7775,13.3425],[118.9575,13.2075],[119.0025,12.5775],[119.1825,12.5775],[119.4975,12.3075],[119.6325,12.3075],[119.7675,12.1275],[119.9025,12.1275],[119.9025,12.2175],[119.9925,12.3075],[120.1725,12.3525],[120.2625,12.4875],[120.2625,12.7575],[120.3075,12.8025],[120.3075,13.2975],[120.4425,13.3875],[120.5325,13.5225],[120.5325,13.6125],[120.4425,13.7925],[120.2625,13.9275],[120.2625,14.0625],[120.2175,14.1075],[119.7675,14.1525],[119.6775,14.2425],[119.6325,14.2425],[119.6325,14.1975],[119.4525,14.0625],[118.8225,14.0625],[118.7775,14.1075],[118.7775,14.3775],[118.8675,14.4675],[119.0475,14.5125],[119.1825,14.6475],[119.3175,14.6475],[119.3175,14.7375],[119.3625,14.7825],[119.7225,14.8275],[119.7225,14.8725],[119.9025,15.0075],[120.1725,15.0075],[120.3075,15.0975],[120.4875,15.0975],[120.6225,15.2775],[120.7125,15.2775],[120.7575,15.3225],[120.7575,15.4125],[120.8025,15.4575],[120.8925,15.4575],[120.9375,15.5475],[121.1175,15.6825],[121.1175,15.9525],[121.2075,16.0425],[121.1625,16.1325],[121.1625,16.6275],[121.2525,16.6725],[121.3425,16.8075],[121.3425,16.8975],[121.4325,16.9875],[121.5675,17.0325],[121.5675,17.0775],[121.8375,17.3025],[121.7925,17.3925],[121.7925,17.7975],[121.8375,17.8425],[121.8375,18.0675],[121.9275,18.1125],[121.9725,18.2025],[121.8825,18.2925],[121.7475,18.2925],[121.6575,18.3825],[121.6125,18.5625],[121.5225,18.6075],[121.2975,18.4275],[120.9825,18.4275],[120.8025,18.5625],[120.7125,18.5625],[120.6675,18.6075],[120.6675,18.8325],[120.6225,18.8775],[120.6225,19.1475],[120.6675,19.1925],[120.7575,19.1925],[120.8475,19.2825],[120.6675,19.4625]]],[[[149.4675,53.6175],[149.3775,53.7075],[149.3775,53.8425],[149.2875,53.9775],[149.1975,53.8875],[148.7925,53.8875],[148.6575,53.7525],[148.4775,53.7525],[148.3875,53.6625],[148.3875,53.5725],[148.3425,53.5275],[148.3875,53.4825],[148.5675,53.4825],[148.6125,53.4375],[148.6125,53.3475],[148.8375,53.3475],[148.9275,53.2575],[148.9725,53.1225],[149.0175,53.1225],[149.1075,53.2125],[149.2425,53.2125],[149.2875,53.2575],[149.2875,53.3475],[149.4675,53.6175]]]]}},{"type":"Feature","id":"Nanto","properties":{"id":"Nanto","tracedAreaKm2":9023},"geometry":{"type":"MultiPolygon","coordinates":[[[[176.7375,41.5125],[176.8275,41.4225],[176.8275,41.3325],[176.8725,41.3775],[177.0975,41.3775],[177.0975,41.4675],[177.2775,41.6025],[177.7725,41.6025],[177.8625,41.6925],[178.0425,41.6925],[178.0875,41.7375],[178.0875,41.8275],[178.1325,41.8725],[178.2225,41.8725],[178.4025,42.0525],[178.4025,42.0975],[178.1325,42.0975],[178.0875,42.1425],[177.5925,42.1425],[177.4575,42.2775],[177.1875,42.2775],[177.1425,42.3675],[177.0075,42.4575],[176.9625,42.4125],[177.0525,42.3225],[177.0525,42.0525],[177.0075,42.0075],[176.9175,42.0075],[176.8275,41.8725],[176.7375,41.8725],[176.6925,41.8275],[176.7375,41.7375],[176.7375,41.5125]]]]}},{"type":"Feature","id":"Narva","properties":{"id":"Narva","tracedAreaKm2":141925},"geometry":{"type":"MultiPolygon","coordinates":[[[[-77.1525,62.1675],[-77.4225,62.3475],[-77.4675,62.3025],[-77.7825,62.3025],[-78.0525,62.4825],[-78.3675,62.4825],[-78.5925,62.6175],[-78.5925,62.8875],[-78.7725,62.9775],[-78.9525,62.8875],[-79.0425,62.7075],[-79.1775,62.6175],[-79.3575,62.7075],[-79.4925,62.6625],[-79.5375,62.5725],[-79.7625,62.3925],[-79.7625,62.3025],[-79.9425,62.1675],[-79.9425,61.8525],[-79.9875,61.8075],[-79.9875,61.7175],[-80.1225,61.5825],[-80.1675,61.4475],[-80.3475,61.2675],[-80.3925,61.2675],[-80.3025,61.2225],[-80.3025,61.1325],[-80.2575,61.0875],[-80.2575,60.8625],[-80.1225,60.7725],[-80.1225,60.3225],[-80.1675,60.2775],[-80.1225,60.2325],[-80.1225,59.8275],[-80.1675,59.7825],[-80.1675,59.5575],[-80.2575,59.5125],[-80.3475,59.3325],[-80.4375,59.2875],[-80.3925,59.1975],[-80.3925,58.7925],[-80.4825,58.7025],[-80.8425,58.7025],[-80.9775,58.5675],[-80.9775,58.4775],[-81.0225,58.4325],[-81.3375,58.4325],[-81.4725,58.5225],[-81.5175,58.4325],[-81.6075,58.4325],[-81.6525,58.3875],[-81.8775,58.3875],[-82.0125,58.2525],[-82.5075,58.2075],[-82.5975,58.1625],[-82.5975,57.9375],[-82.7775,57.7575],[-83.0025,57.7575],[-83.1375,57.6225],[-83.6325,57.5775],[-83.6325,57.4875],[-83.7225,57.3975],[-83.7225,57.2175],[-83.9475,57.0375],[-83.9475,56.9475],[-84.0375,56.9025],[-84.0375,56.7675],[-83.7675,56.5875],[-83.4525,56.4525],[-83.1375,56.1825],[-83.0025,56.1375],[-82.9575,56.0475],[-82.5975,56.0475],[-82.5075,56.0025],[-82.3275,56.1375],[-82.1025,56.1375],[-82.0125,56.2725],[-82.0125,56.3625],[-81.9225,56.4525],[-81.5625,56.4525],[-81.4275,56.5875],[-81.2925,56.5875],[-81.2025,56.7225],[-80.5725,56.8125],[-80.3925,56.9475],[-80.3475,57.0375],[-79.9425,57.0825],[-79.8525,57.1725],[-79.6725,57.2175],[-79.6275,57.2625],[-79.6275,57.3525],[-79.5825,57.3975],[-79.4925,57.3975],[-79.4925,57.4425],[-79.3125,57.5775],[-79.3125,57.7575],[-79.2225,57.8475],[-78.9075,57.8475],[-78.8175,57.8025],[-78.5925,57.9825],[-78.3225,57.9825],[-78.0975,57.8925],[-78.0525,57.9375],[-77.8275,57.9375],[-77.6925,58.1175],[-77.6925,58.2525],[-77.5575,58.3875],[-77.4675,58.3875],[-77.3325,58.4775],[-77.2875,58.5675],[-76.6125,58.5675],[-76.5225,58.4775],[-76.2075,58.4775],[-76.2075,58.5675],[-76.2525,58.6125],[-76.2525,58.8825],[-76.1175,58.9725],[-76.1175,59.1975],[-76.1625,59.1975],[-76.5675,59.6025],[-76.7925,59.9175],[-76.7925,60.0525],[-76.8375,60.0975],[-76.8375,60.4125],[-76.8825,60.4575],[-76.9275,60.7725],[-77.1075,61.0875],[-77.0625,61.5375],[-77.1975,61.7175],[-77.1525,62.1675]]]]}},{"type":"Feature","id":"Neusrya","properties":{"id":"Neusrya","tracedAreaKm2":145719},"geometry":{"type":"MultiPolygon","coordinates":[[[[-29.4525,50.3325],[-29.4525,50.2875],[-29.1825,50.1525],[-29.2275,49.7025],[-29.0475,49.4775],[-28.9125,49.4325],[-28.7325,49.2975],[-28.4625,49.2975],[-28.0125,49.0275],[-27.4725,48.4425],[-27.2925,48.3975],[-27.1575,48.3075],[-26.7525,48.3075],[-26.6625,48.2625],[-26.5725,48.1275],[-26.4375,48.1275],[-26.3025,48.0375],[-26.3025,47.9475],[-26.1225,47.9025],[-25.9875,47.7675],[-25.9875,47.6325],[-25.6725,47.6325],[-25.5375,47.4525],[-25.4925,47.4525],[-25.4925,47.5425],[-25.2675,47.7225],[-25.1775,47.7225],[-25.0875,47.8125],[-25.0875,47.9025],[-25.0425,47.9475],[-24.7725,47.9475],[-24.5925,48.0825],[-24.4575,48.0825],[-24.4125,48.1275],[-24.2775,48.1275],[-24.1875,48.2175],[-24.0525,48.2175],[-24.0075,48.2625],[-24.0075,48.3525],[-23.9625,48.3975],[-23.8725,48.3975],[-23.7825,48.4875],[-23.5125,48.4875],[-23.4225,48.6225],[-23.4225,48.8025],[-23.3775,48.8475],[-23.2425,48.8475],[-23.0625,49.0725],[-23.0625,49.1625],[-23.1075,49.2075],[-23.1075,49.5675],[-22.9725,49.7025],[-22.9725,49.8375],[-22.9275,49.8825],[-22.9725,49.9275],[-22.9725,50.3325],[-22.9275,50.3775],[-23.0625,50.4675],[-23.1075,50.4225],[-23.4675,50.4675],[-23.6925,50.6025],[-23.8275,50.6025],[-24.1425,50.7825],[-24.4125,50.7825],[-24.6375,50.9625],[-24.6375,51.0525],[-24.6825,51.0975],[-24.9075,51.1425],[-25.1325,51.3225],[-25.4475,51.4575],[-25.4925,51.5025],[-25.4925,51.6825],[-25.5825,51.7275],[-25.8075,51.5925],[-25.9875,51.5925],[-26.1225,51.5025],[-26.6175,51.5025],[-26.7975,51.5925],[-26.8425,51.6825],[-27.0675,51.8625],[-27.2025,51.7725],[-27.3375,51.7725],[-27.4725,51.8625],[-27.7425,51.8625],[-27.8325,51.8175],[-28.1475,51.9975],[-28.4625,51.7275],[-28.5975,51.6825],[-28.5975,51.5925],[-28.7325,51.4575],[-28.8675,51.4125],[-28.9125,51.2325],[-29.0475,51.1425],[-29.0475,51.0525],[-29.0025,51.0075],[-29.0025,50.6025],[-29.1375,50.4225],[-29.3625,50.4225],[-29.4525,50.3325]]]]}},{"type":"Feature","id":"Niederoestereich","properties":{"id":"Niederoestereich","tracedAreaKm2":309255},"geometry":{"type":"MultiPolygon","coordinates":[[[[147.4875,-0.8775],[147.3075,-0.7425],[147.0375,-0.7425],[146.8575,-0.5625],[146.7675,-0.6525],[146.4075,-0.6525],[146.3625,-0.6975],[146.0925,-0.6975],[146.0475,-0.6525],[145.6425,-0.6075],[145.5975,-0.6525],[145.5975,-0.7425],[145.4625,-0.8775],[145.2825,-0.8775],[145.1925,-1.0125],[145.3275,-1.1025],[145.3275,-1.2375],[145.4625,-1.4175],[145.5975,-1.4175],[145.8225,-1.6425],[145.9125,-1.6425],[145.9575,-1.5975],[146.6775,-1.5525],[146.7675,-1.4625],[146.7675,-1.3725],[146.8125,-1.3275],[147.0825,-1.3275],[147.2175,-1.1475],[147.3525,-1.1475],[147.4875,-0.9675],[147.4875,-0.8775]]],[[[148.1175,9.6075],[148.0275,9.6525],[147.9375,9.5625],[147.2625,9.5625],[147.1725,9.4725],[147.0375,9.4725],[146.9475,9.3825],[146.8575,9.3825],[146.7675,9.2475],[146.6775,9.2475],[146.6325,9.1575],[146.4525,9.0225],[146.4525,8.7975],[146.2275,8.4825],[146.0925,8.4825],[145.8675,8.2575],[145.6875,8.2125],[145.6425,8.1225],[145.5525,8.1225],[145.5075,8.0775],[144.8325,8.0775],[144.7425,7.8525],[144.4275,7.8525],[144.2925,7.7175],[144.0675,7.7175],[143.9775,7.6275],[143.7075,7.6275],[143.6625,7.5825],[143.6625,7.4925],[143.4375,7.3125],[143.3925,7.2225],[143.3925,6.9975],[143.2125,6.8625],[142.9875,6.8625],[142.9425,6.8175],[142.4025,6.8175],[142.2675,6.9975],[141.9525,6.9975],[141.8625,7.0875],[141.7725,7.0875],[141.5925,6.9075],[141.5475,6.9075],[141.5025,6.6825],[141.2775,6.3225],[141.2775,6.2325],[141.1875,6.1425],[141.0975,6.1425],[141.0525,6.0975],[141.0975,6.0525],[141.0975,5.8725],[141.2325,5.7375],[141.4125,5.7375],[141.5925,5.5125],[141.7725,5.5125],[141.8175,5.4675],[141.8175,5.3325],[141.9525,5.2425],[141.9975,4.9275],[142.0425,4.8825],[142.2675,4.8375],[142.3125,4.7925],[142.3125,4.7025],[142.4025,4.6125],[142.4025,4.4325],[142.4475,4.3875],[142.5825,4.3875],[142.8075,4.1175],[143.7075,4.0725],[143.7525,4.1175],[143.7525,4.2525],[143.9325,4.5675],[144.0225,4.6575],[144.2925,4.6575],[144.3825,4.7475],[144.6975,4.7475],[144.7425,4.7025],[145.3725,4.6575],[145.4175,4.6125],[145.7775,4.6125],[145.8225,4.5675],[145.8225,4.4325],[146.0475,4.2975],[146.0925,4.2075],[146.2725,4.1175],[146.3625,4.1625],[146.6325,4.1625],[146.7225,4.1175],[146.8125,4.2075],[147.0825,4.2075],[147.1275,4.1625],[147.2175,4.2075],[147.5325,4.2075],[147.6225,4.2975],[147.6225,4.3875],[147.6675,4.4325],[148.2525,4.4775],[148.2975,4.5225],[148.2975,4.6575],[148.4775,4.7925],[148.6125,4.7925],[148.7025,4.9275],[148.7025,5.0175],[148.7925,5.1075],[148.7925,5.1975],[148.8825,5.3775],[148.8825,5.9175],[148.9275,5.9625],[148.8375,6.0525],[148.6575,6.0525],[148.5225,6.1875],[148.0275,6.1875],[147.9375,6.0975],[147.6225,6.0975],[147.5775,5.9175],[147.4425,5.8275],[146.9925,5.8275],[146.9475,5.8725],[146.9475,6.1425],[147.0375,6.2325],[147.0375,6.4125],[147.2625,6.7275],[147.2625,6.9075],[147.3525,6.9975],[147.3975,7.2225],[147.5775,7.4925],[147.5775,7.6725],[147.6225,7.7625],[147.7575,7.8525],[147.7575,8.0325],[147.9375,8.1225],[147.9375,8.9775],[148.1175,9.1575],[148.1175,9.4275],[148.1625,9.4725],[148.1175,9.6075]],[[147.0825,8.2125],[147.1725,8.3025],[147.4875,8.3025],[147.5325,8.2575],[147.5325,7.9425],[147.4875,7.8975],[147.1275,7.8975],[147.0825,7.9425],[147.0825,8.2125]]]]}},{"type":"Feature","id":"Prymont","properties":{"id":"Prymont","tracedAreaKm2":361866},"geometry":{"type":"MultiPolygon","coordinates":[[[[-48.7125,68.6925],[-48.7125,68.5575],[-48.6675,68.5125],[-48.6675,68.0175],[-48.5325,67.7925],[-48.5325,67.3425],[-48.8925,66.9375],[-48.9825,66.8925],[-49.3425,66.8925],[-49.5225,66.7575],[-49.6575,66.7125],[-49.7475,66.4875],[-49.7475,66.3075],[-49.7025,66.2625],[-49.7025,65.7675],[-49.5675,65.5875],[-49.3875,65.4975],[-49.2075,65.4975],[-49.1625,65.4525],[-49.0275,65.4525],[-48.9825,65.4975],[-48.6675,65.4975],[-48.3075,65.2725],[-48.1275,65.2725],[-48.0375,65.2275],[-47.9475,65.0925],[-47.9475,64.8675],[-47.7675,64.6875],[-47.7225,64.5075],[-47.4525,64.3275],[-47.4525,64.2375],[-47.2725,64.0125],[-47.1375,63.6525],[-46.9575,63.5175],[-46.7775,63.6075],[-46.5975,63.6075],[-46.3725,63.7425],[-46.3275,63.6975],[-46.2375,63.8775],[-45.7425,63.8775],[-45.6975,63.9225],[-45.5625,63.8325],[-45.4725,63.8325],[-45.2925,63.9225],[-45.2925,64.0575],[-45.2025,64.1475],[-44.9775,64.2375],[-44.5725,64.2375],[-44.5275,64.1925],[-44.5275,64.1025],[-44.4375,64.1475],[-44.4375,64.2825],[-44.3475,64.4175],[-44.2125,64.4175],[-44.0775,64.5075],[-43.9875,64.6425],[-43.9425,64.8675],[-43.8975,64.9125],[-43.8075,64.9125],[-43.7625,65.0025],[-43.8075,65.0475],[-43.8075,65.3175],[-43.9425,65.4525],[-43.9425,66.0825],[-43.8525,66.1725],[-43.8975,66.3075],[-43.9425,66.3525],[-44.0325,66.3525],[-44.1225,66.4425],[-44.1225,66.5325],[-44.2575,66.7125],[-44.3475,66.7125],[-44.4375,66.8475],[-44.4825,66.8025],[-44.7975,66.8025],[-44.8425,66.5325],[-44.8875,66.4875],[-44.9775,66.4875],[-45.1575,66.3525],[-45.9225,66.3525],[-46.0575,66.7125],[-46.2375,66.8475],[-46.2375,66.9375],[-46.3275,66.9825],[-46.3275,67.5675],[-46.2375,67.6575],[-45.9225,67.6575],[-45.8325,67.7025],[-45.8325,67.7925],[-46.0125,67.8825],[-46.0125,68.0175],[-46.2375,68.1975],[-46.2375,68.3775],[-46.5075,68.5575],[-46.5525,68.8275],[-46.6875,68.9175],[-46.7325,69.0075],[-47.0025,69.0075],[-47.0475,68.9625],[-47.3625,68.9175],[-47.4975,68.6925],[-47.8575,68.6925],[-47.9025,68.7825],[-47.9925,68.7825],[-48.0375,68.7375],[-48.6225,68.7375],[-48.7125,68.6925]]],[[[-44.1675,72.5175],[-44.1225,72.4725],[-44.1225,72.2475],[-44.0775,72.2025],[-43.8525,72.2025],[-43.8075,72.1575],[-43.7175,72.1575],[-43.6725,72.2025],[-43.6275,72.3825],[-43.6725,72.4725],[-43.7625,72.4725],[-43.8975,72.6525],[-44.1675,72.5175]]],[[[-34.6725,73.7775],[-34.8075,73.7775],[-34.9425,73.6425],[-35.2575,73.6425],[-35.3925,73.7325],[-35.3925,73.8675],[-35.4375,73.9125],[-35.6175,73.9125],[-35.6175,73.7775],[-35.6625,73.7325],[-35.9775,73.7325],[-36.0225,73.8225],[-36.1575,73.9125],[-36.4725,73.9125],[-36.4725,73.7325],[-36.6075,73.5975],[-36.8325,73.5975],[-36.9225,73.4625],[-37.3725,73.4625],[-37.5525,73.5525],[-37.6875,73.4175],[-37.8675,73.4175],[-38.0025,73.2375],[-38.3175,73.2375],[-38.4075,73.1475],[-39.2625,73.1475],[-39.3075,73.1025],[-39.8475,73.125],[-40.3875,73.1475],[-40.4775,73.0575],[-40.8375,72.9225],[-41.1075,72.9225],[-41.1525,72.9675],[-41.3775,72.6525],[-41.5125,72.6525],[-41.6475,72.4725],[-41.8275,72.4725],[-41.9175,72.2475],[-42.0975,72.2475],[-42.1875,72.1575],[-42.1875,71.9325],[-42.5025,71.7525],[-42.7275,71.7525],[-42.7725,71.7075],[-42.7725,71.4825],[-42.8625,71.4375],[-42.8625,71.3475],[-42.9075,71.3025],[-42.8625,71.2575],[-42.8625,71.1225],[-42.7725,71.0325],[-42.7725,70.9425],[-42.6825,70.7625],[-42.6825,70.4475],[-42.7275,70.4025],[-42.8175,70.4025],[-42.9075,70.2675],[-42.8625,69.4575],[-42.8175,69.4125],[-42.8175,69.2775],[-42.7275,69.1425],[-42.5925,69.0525],[-42.4575,68.8725],[-42.3675,68.8725],[-42.2775,68.7825],[-41.7375,68.7375],[-41.6475,68.6025],[-41.4675,68.6025],[-41.3775,68.5125],[-41.3775,68.1975],[-41.4675,68.1075],[-41.5575,68.1075],[-41.5575,68.0175],[-41.6475,67.8825],[-41.8275,67.8825],[-41.8275,67.6125],[-41.7375,67.6125],[-41.6475,67.4775],[-41.6475,67.2975],[-41.4675,67.2075],[-41.2425,67.3425],[-41.0175,67.3425],[-40.9725,67.3875],[-40.7025,67.3875],[-40.6575,67.3425],[-40.5675,67.3425],[-40.4325,67.4325],[-40.1175,67.4325],[-40.0275,67.5225],[-39.8025,67.5225],[-39.6675,67.6575],[-39.3975,67.6575],[-39.3075,67.5675],[-39.3075,67.1625],[-39.3525,67.1175],[-39.5775,67.1175],[-39.5775,66.9825],[-39.7125,66.8475],[-39.7125,66.6675],[-39.8025,66.6225],[-39.7575,66.5775],[-39.7575,66.4875],[-39.5325,66.3075],[-39.5325,66.0825],[-39.4875,65.9925],[-39.3075,65.9475],[-39.2175,66.0375],[-39.1275,66.0375],[-38.9925,66.1275],[-38.5425,66.1275],[-38.4075,65.9925],[-38.1375,65.9925],[-38.0475,65.8575],[-38.0025,65.9025],[-37.3725,65.8575],[-37.3275,65.8125],[-37.3275,65.4525],[-37.1925,65.3625],[-37.1925,65.2275],[-37.1025,65.1825],[-36.7425,65.1825],[-36.2925,65.4075],[-35.8875,65.4525],[-35.5275,65.6325],[-35.3925,65.6325],[-35.3025,65.6775],[-35.3025,65.7675],[-35.2575,65.8125],[-34.9425,65.9025],[-34.8525,65.9925],[-34.8525,66.1725],[-34.5825,66.3525],[-34.3125,66.3525],[-34.1775,66.2625],[-33.9975,66.2625],[-33.9525,66.2175],[-33.9525,66.0825],[-33.7275,65.9925],[-33.5925,66.1725],[-33.5025,66.1725],[-33.4125,66.3075],[-33.1875,66.3075],[-33.1875,66.3975],[-33.0975,66.4425],[-33.0975,66.5325],[-33.1875,66.7125],[-33.3225,66.8475],[-33.3225,67.1175],[-33.6375,67.2975],[-33.6375,67.6125],[-33.2775,67.7925],[-33.0975,67.7925],[-33.0075,67.8375],[-32.8725,68.0175],[-32.8725,68.1075],[-32.4675,68.3325],[-32.4675,68.4225],[-32.6025,68.5125],[-32.6025,68.7375],[-32.7375,69.0075],[-33.1425,69.2775],[-33.1425,69.4125],[-33.0525,69.5925],[-33.0525,69.8625],[-33.1875,70.1325],[-33.4125,70.2675],[-33.9075,70.2675],[-33.9975,70.3125],[-34.0875,70.4475],[-34.0875,70.6725],[-33.9975,70.7625],[-33.9975,71.0325],[-33.9075,71.0775],[-33.8625,71.1675],[-33.6375,71.2575],[-33.6375,71.3475],[-33.7275,71.4375],[-33.7275,71.5725],[-33.7725,71.6175],[-33.7725,71.9325],[-33.8175,71.9775],[-33.8625,72.2925],[-34.1325,72.5175],[-34.1325,72.6075],[-34.3125,72.6975],[-34.4925,72.9225],[-34.4925,73.2375],[-34.6725,73.4175],[-34.6725,73.7775]]],[[[-59.7375,77.5125],[-59.6925,77.4225],[-59.4675,77.4225],[-59.4225,77.4675],[-59.3325,77.4675],[-59.2425,77.6025],[-59.2875,77.6475],[-59.6025,77.6475],[-59.7375,77.5125]]],[[[-53.5725,79.4475],[-53.8425,79.6725],[-53.8425,79.7625],[-54.1575,79.7625],[-54.3375,79.6725],[-54.6525,79.6725],[-54.6975,79.6275],[-54.6975,79.5375],[-54.8775,79.3575],[-54.9675,79.3575],[-55.0575,79.2675],[-54.9675,79.1775],[-54.9675,78.9975],[-54.8775,78.9075],[-54.5625,78.9075],[-54.4275,78.8175],[-54.1125,78.8175],[-54.0225,78.6825],[-53.8875,78.6825],[-53.8425,78.7725],[-53.7525,78.8175],[-53.7075,78.9975],[-53.6175,79.0875],[-53.6175,79.4025],[-53.5725,79.4475]]]]}},{"type":"Feature","id":"Qubdi","properties":{"id":"Qubdi","tracedAreaKm2":599235},"geometry":{"type":"MultiPolygon","coordinates":[[[[95.7375,24.8175],[95.5575,24.8625],[95.2425,25.0425],[95.0175,24.9525],[94.9275,24.7275],[94.8375,24.6825],[94.7925,24.5925],[94.3425,24.4575],[94.3425,24.2325],[94.3875,24.1875],[94.3875,24.0975],[94.1625,23.9625],[94.0725,23.9625],[93.8475,24.0975],[93.8025,24.0525],[93.7125,24.0525],[93.6675,24.0975],[93.4425,24.0975],[93.3525,24.0525],[93.3525,23.8725],[93.1725,23.7375],[92.8125,24.0525],[92.7225,24.0525],[92.5425,23.9625],[92.5425,23.7375],[92.4975,23.6475],[92.2725,23.4675],[92.2275,23.1975],[91.9125,22.9725],[91.9125,22.7925],[91.8225,22.7025],[91.6875,22.6575],[91.5975,22.5225],[91.5075,22.4775],[91.4175,22.4775],[91.3725,22.5225],[91.2825,22.4775],[91.1925,22.5225],[91.1925,22.2075],[91.1475,22.1625],[90.8325,22.1625],[90.7875,22.2075],[90.6525,22.2075],[90.6075,22.2525],[90.6075,22.3875],[90.5175,22.4325],[90.3375,22.3425],[90.2475,22.3425],[90.2025,22.3875],[90.1575,22.3425],[89.9325,22.3425],[89.8875,22.3875],[89.6175,22.2075],[89.2125,22.4325],[89.0775,22.4325],[88.8525,22.2975],[88.7625,22.2975],[88.6275,22.3875],[88.4925,22.3875],[88.4025,22.3425],[88.2225,22.1175],[88.0425,22.0725],[88.0425,21.9825],[88.4025,21.7575],[88.4475,21.5325],[88.7175,21.3975],[88.8075,21.3975],[88.8975,21.3075],[88.9425,21.0825],[89.0325,21.0825],[89.1225,20.9925],[89.1675,20.7225],[89.3025,20.6325],[89.3025,20.4975],[89.3925,20.4975],[89.4825,20.3625],[89.4825,20.0025],[89.3025,19.7775],[89.3025,19.5975],[89.1675,19.5075],[89.0325,19.5075],[88.9875,19.4625],[88.9875,19.2825],[88.8975,19.2375],[88.7175,19.0125],[88.6725,19.0125],[88.7625,18.9675],[88.8075,18.6525],[88.9875,18.4275],[88.9875,18.1575],[89.0325,18.0675],[89.4825,17.7975],[89.5275,17.7075],[89.5275,17.4825],[89.7975,17.2125],[89.7975,16.9425],[89.6175,16.8525],[89.6175,16.7175],[89.7525,16.4925],[89.7525,16.3575],[89.8875,16.2225],[89.8425,15.9525],[89.9775,15.7725],[89.9775,15.6375],[89.7075,15.5025],[89.7075,15.3225],[89.5725,15.2325],[89.5275,15.2775],[89.3475,15.1875],[89.3475,15.0975],[89.4825,15.0075],[89.6625,15.0075],[89.7075,14.9625],[89.8875,14.9625],[90.0225,14.8725],[90.6075,15.1425],[90.7875,15.2775],[90.9225,15.2775],[90.9675,15.3225],[91.1925,15.3225],[91.2375,15.2775],[91.3275,15.2775],[91.5975,15.0975],[92.3625,15.0975],[93.1275,15.0975],[93.8925,15.0975],[94.6575,15.0975],[94.7925,15.1875],[94.7925,15.3675],[94.6125,15.5475],[94.6125,15.6375],[94.6575,15.6825],[94.6575,15.9075],[94.4775,15.9975],[94.3425,16.1325],[94.2525,16.3575],[94.1625,16.4475],[94.1625,16.6725],[93.9375,16.8975],[93.9375,16.9875],[94.1625,17.2125],[94.2975,17.2575],[94.3875,17.3475],[94.4775,17.5725],[94.4775,17.8425],[94.7925,18.2025],[94.7925,18.3825],[94.8825,18.5175],[95.0625,18.6525],[95.2425,18.6525],[95.4675,18.7875],[95.4675,18.9225],[95.1975,19.1925],[95.1975,19.3725],[95.2425,19.4175],[95.1975,19.8225],[95.4225,20.1375],[95.6475,20.2275],[95.6475,20.3175],[95.4225,20.5875],[95.4225,20.9475],[95.4675,20.9925],[95.4675,21.0825],[95.7375,21.3075],[95.7375,21.4425],[95.7825,21.5325],[95.8725,21.5775],[95.8725,21.6675],[96.0525,21.7575],[96.1425,21.8475],[96.1875,21.9825],[96.4125,22.1175],[96.4575,22.4325],[96.7275,22.6125],[96.6825,22.9275],[97.0425,23.2425],[97.0425,23.3325],[96.8175,23.4675],[96.5025,23.8275],[96.4125,23.8725],[96.3675,23.8275],[96.2775,23.8275],[96.1425,23.9175],[96.0975,24.0975],[95.9175,24.3675],[95.9175,24.4575],[95.7375,24.8175]]]]}},{"type":"Feature","id":"Red-Iberos","properties":{"id":"Red-Iberos","tracedAreaKm2":872757},"geometry":{"type":"MultiPolygon","coordinates":[[[[112.3875,6.7275],[112.2525,6.8625],[111.8475,6.8175],[111.7575,6.6375],[111.3525,6.3225],[111.3525,6.1425],[111.3075,6.0975],[111.5325,6.0975],[111.5775,6.1425],[111.7125,6.1425],[111.8025,6.2325],[111.8925,6.2325],[112.0725,6.4125],[112.2075,6.6375],[112.3875,6.7275]]],[[[115.0875,7.5825],[114.9525,7.5825],[114.9075,7.6275],[114.8175,7.5825],[114.6825,7.4025],[114.5925,7.4025],[114.3225,7.2225],[114.3225,7.0425],[114.2775,6.9975],[114.1425,6.9975],[114.0525,6.9075],[113.9625,6.9075],[113.9625,6.3675],[113.9175,6.3225],[113.9175,6.1875],[113.7825,6.0975],[113.8275,6.0525],[113.9625,6.0525],[114.0525,5.9625],[114.0975,5.7825],[114.1875,5.7825],[114.2775,5.6925],[114.4125,5.7825],[114.6375,5.7825],[114.7275,5.9175],[114.8625,5.9625],[114.8175,6.1425],[114.7725,6.1875],[114.6375,6.1875],[114.5475,6.2775],[114.5475,6.5475],[114.8175,6.7275],[114.8175,6.8625],[115.0875,7.0875],[115.0875,7.4025],[115.1325,7.4475],[115.1325,7.5375],[115.0875,7.5825]]],[[[107.0325,8.2125],[106.8975,8.2125],[106.8075,8.1225],[106.4475,8.1225],[106.2675,8.0325],[106.0875,8.0325],[105.9975,7.9875],[105.9975,7.8975],[105.9525,7.8525],[105.8625,7.8525],[105.8175,7.8075],[105.9525,7.6275],[106.1775,7.5825],[106.2675,7.4925],[106.2675,7.2225],[106.3575,7.1325],[106.4025,6.9525],[106.4925,6.9525],[106.6275,6.8625],[106.8075,6.8625],[106.8975,6.9525],[107.0775,6.9525],[107.1675,7.0875],[107.1675,7.3125],[107.2575,7.3575],[107.3475,7.4925],[107.3475,7.5825],[107.5725,7.8525],[107.4825,7.9425],[107.3025,7.9425],[107.2125,8.0775],[107.0325,8.2125]]],[[[103.7925,19.4175],[103.7025,19.3725],[103.7025,19.1925],[103.5225,19.0125],[103.3875,18.9675],[103.2975,18.8775],[103.2525,18.6975],[103.0725,18.5175],[103.0725,18.3375],[102.6675,17.9775],[102.6675,17.7525],[102.6225,17.7075],[102.6225,17.6175],[102.4875,17.4825],[102.3975,17.3025],[102.2175,17.1675],[102.0825,17.1675],[101.9475,17.2575],[101.6775,17.1225],[101.5425,16.8975],[101.5425,16.7625],[101.4075,16.6275],[101.2275,16.5375],[101.1825,16.4025],[101.0925,16.3125],[101.0925,16.0425],[101.0475,15.9975],[101.0475,15.8625],[101.0925,15.8175],[101.0925,15.3675],[101.1375,15.3225],[101.1375,15.2325],[101.0025,15.0525],[100.9575,14.7825],[100.8225,14.6025],[100.6425,14.5575],[100.4625,14.4225],[100.3275,14.1525],[100.3275,14.0625],[100.1475,13.9275],[100.1025,13.6125],[99.9675,13.4325],[100.0575,13.3425],[100.1475,13.3425],[100.2825,13.2525],[100.4625,13.2525],[100.5525,13.0275],[100.6425,13.0275],[100.8225,12.8475],[100.8225,12.5325],[100.6425,12.3975],[100.6425,12.3075],[100.5525,12.2175],[100.5525,12.0825],[100.5975,12.0375],[100.5975,11.8575],[100.7325,11.7675],[100.8675,11.5875],[101.1375,11.5875],[101.1825,11.7225],[101.3175,11.8575],[101.6325,11.8575],[101.6775,11.8125],[101.6775,11.4975],[101.5875,11.4075],[101.4975,11.4075],[101.4975,11.3175],[101.3175,11.1825],[101.3175,11.0475],[101.1375,10.8225],[100.7325,10.7775],[100.6875,10.7325],[100.6875,10.5975],[100.5975,10.3725],[100.8675,10.0575],[101.0475,10.0575],[101.1825,9.8775],[101.1825,9.7875],[101.2275,9.7425],[101.4525,9.7425],[101.5425,9.6525],[101.6325,9.6975],[101.9025,9.6975],[101.9925,9.6525],[102.0825,9.7875],[102.3975,9.7875],[102.4425,9.7425],[102.9825,9.6975],[103.1175,9.6075],[103.2075,9.6525],[103.5225,9.6525],[103.5675,9.5625],[103.6125,9.5625],[103.7025,9.7425],[103.9725,9.7425],[104.1075,9.8775],[104.6925,9.8775],[104.8725,9.6075],[104.8725,9.3825],[104.9175,9.3375],[104.9625,9.0225],[105.0525,9.0225],[105.1425,8.9325],[105.3225,9.0675],[105.3225,9.1575],[105.4125,9.2475],[106.0875,9.2475],[106.3125,9.1575],[106.3125,9.2025],[106.4925,9.3375],[106.4925,9.9675],[106.7625,10.2375],[107.0325,10.2375],[107.0775,10.1475],[107.2575,10.1475],[107.3025,10.1025],[107.3025,9.6075],[107.2575,9.5625],[107.1675,9.5625],[107.1675,9.4725],[107.0775,9.3825],[107.3475,9.1575],[107.4375,9.1575],[107.5725,8.9775],[107.7075,8.9775],[107.9775,9.2475],[108.0225,9.2475],[108.0225,9.3825],[108.2475,9.5175],[108.2475,9.7875],[108.3375,9.8325],[108.3375,10.0125],[108.5175,10.1025],[108.6525,10.1025],[108.7875,10.2375],[108.7875,10.4175],[109.0125,10.5975],[109.0125,10.7775],[109.1025,10.9125],[109.3275,11.0925],[109.4175,11.5425],[109.5075,11.6325],[109.5975,11.6325],[109.7775,11.9025],[110.0025,11.9025],[110.0925,12.0825],[110.4075,12.0825],[110.4525,12.0375],[110.4525,11.8575],[110.4975,11.8575],[110.5875,11.7225],[110.6775,11.6775],[110.8125,11.6775],[110.9475,11.7675],[110.9475,11.8125],[111.0825,11.9025],[111.0825,12.0375],[111.1275,12.0825],[111.3075,12.0825],[111.4875,12.3075],[111.4875,12.3975],[111.6225,12.5325],[111.6225,12.6225],[111.9375,12.8475],[111.9375,12.9375],[112.0725,13.1175],[112.1625,13.1175],[112.2075,13.1625],[112.2075,13.3425],[112.3875,13.4325],[112.3875,13.7025],[112.5675,13.7925],[112.5225,13.8375],[112.5225,13.9725],[112.4325,14.1525],[112.3425,14.1525],[112.2525,14.3325],[112.2075,14.3325],[112.1625,14.4225],[111.6675,14.8275],[111.5775,14.8275],[111.4875,15.0075],[111.2625,15.0075],[111.2175,15.0525],[111.1275,15.0525],[111.0375,14.9625],[110.7675,14.9625],[110.6325,14.8725],[110.5875,14.7825],[109.8225,14.7825],[109.7775,14.8275],[109.5975,14.6925],[109.5075,14.6925],[109.4625,14.6475],[109.0575,14.6475],[109.0125,14.6925],[109.0125,14.9625],[109.1025,15.0525],[109.1925,15.0525],[109.4175,15.2775],[109.5975,15.3225],[109.6875,15.4575],[110.0025,15.7275],[109.7775,16.0425],[109.7325,15.9975],[109.5075,15.9975],[109.4625,15.9525],[108.6975,15.9075],[108.5625,15.8175],[108.2025,15.8175],[108.1575,15.9075],[107.9775,15.9525],[107.6625,15.7275],[107.2575,15.7275],[107.1675,15.8175],[106.8525,15.8175],[106.8075,15.7725],[106.8075,15.6825],[106.7625,15.6375],[106.6725,15.6375],[106.6725,15.5025],[106.5375,15.4125],[106.3125,15.4125],[106.2675,15.3675],[105.9075,15.3675],[105.8175,15.4575],[105.7275,15.4125],[105.4125,15.4125],[105.3675,15.4575],[105.2775,15.3675],[105.0075,15.3675],[104.9175,15.4575],[104.7825,15.4575],[104.6475,15.5925],[104.3775,15.5925],[104.2875,15.7275],[103.8825,15.9975],[103.8825,16.3125],[103.9275,16.3575],[103.9275,16.4475],[104.0175,16.5375],[104.0175,16.7175],[104.1075,16.8525],[104.3325,17.0325],[104.6475,17.0325],[104.6925,16.9875],[104.6925,16.8975],[104.7825,16.8075],[104.9175,16.8975],[105.1425,16.8975],[105.2325,16.9425],[105.2325,17.0325],[105.3225,17.1675],[105.5925,17.3925],[105.6375,18.0675],[105.5025,18.1125],[104.9625,18.6075],[104.7375,18.6975],[104.3775,19.1025],[104.3775,19.2825],[104.1975,19.3725],[103.9275,19.3725],[103.8825,19.4175],[103.7925,19.4175]]]]}},{"type":"Feature","id":"Sa-Ma-Khom","properties":{"id":"Sa-Ma-Khom","tracedAreaKm2":357458},"geometry":{"type":"MultiPolygon","coordinates":[[[[-57.3075,14.6925],[-57.3075,14.6475],[-57.0375,14.4675],[-56.9025,14.4675],[-56.8575,14.5125],[-56.8575,14.6025],[-56.9925,14.6025],[-57.0825,14.7375],[-57.3075,14.6925]]],[[[-57.7575,15.8625],[-58.0725,15.7275],[-58.0725,15.5025],[-58.1175,15.4575],[-58.0725,15.2775],[-57.9825,15.2775],[-57.9375,15.2325],[-57.8925,15.2775],[-57.6675,15.3225],[-57.5775,15.4125],[-57.5775,15.5025],[-57.6675,15.5475],[-57.6675,15.7725],[-57.7575,15.8625]]],[[[-65.1825,15.3225],[-65.1825,15.2775],[-65.0025,15.1425],[-65.0025,15.0075],[-64.9125,14.9625],[-64.6425,14.9625],[-64.5075,14.8725],[-64.5075,14.5575],[-64.3275,14.3325],[-64.0575,14.2425],[-63.9675,14.1075],[-63.8325,14.0625],[-63.7425,13.9725],[-63.7425,13.7475],[-63.7875,13.7025],[-63.7875,13.6125],[-63.5625,13.4325],[-63.5625,13.2975],[-63.5175,13.2525],[-63.2925,13.2075],[-63.0225,13.3875],[-62.8425,13.3875],[-62.3475,13.6575],[-62.0775,13.4775],[-61.8975,13.4775],[-61.8075,13.4325],[-61.6275,13.2525],[-61.5825,13.0725],[-61.2225,12.8475],[-61.0425,12.8925],[-60.9075,12.8025],[-60.8175,12.6225],[-60.4125,12.5325],[-60.3675,12.4875],[-60.3675,12.2625],[-60.3225,12.2175],[-59.8275,12.0375],[-59.6025,11.8125],[-59.5125,11.5875],[-59.3325,11.4075],[-59.2875,11.2725],[-58.8825,11.0925],[-58.6125,10.8675],[-58.6125,10.6875],[-58.7025,10.5975],[-58.7475,10.4175],[-58.6125,10.2375],[-58.5225,10.0125],[-58.4325,9.9225],[-58.4325,9.7425],[-58.0275,9.4275],[-57.9375,9.4275],[-57.7125,9.5625],[-57.7125,9.6525],[-57.5325,9.7875],[-57.4875,9.8775],[-57.3975,9.9225],[-57.1725,9.7875],[-57.1725,9.8775],[-57.1275,9.9225],[-57.0375,9.9225],[-56.8575,10.1475],[-56.6775,10.2825],[-56.4525,10.3275],[-56.4525,10.4175],[-56.1375,10.8675],[-56.1375,10.9575],[-56.1825,10.9575],[-56.2725,11.0925],[-56.2725,11.1825],[-56.2275,11.2275],[-56.2275,11.5425],[-56.2725,11.5875],[-56.2725,11.6775],[-56.0025,11.9925],[-55.7775,12.0825],[-55.6875,12.1725],[-55.6875,12.4425],[-55.5525,12.5325],[-55.5075,12.8925],[-55.5975,13.0275],[-55.7775,13.1625],[-55.7775,13.2975],[-55.5975,13.4325],[-55.5975,13.5225],[-55.5075,13.6575],[-55.3275,13.7925],[-55.3275,13.9725],[-55.4175,14.0175],[-55.44,14.535],[-55.4625,15.0525],[-55.5075,15.0975],[-55.5075,15.2775],[-55.5975,15.3675],[-55.5975,15.4575],[-55.5075,15.5475],[-55.5075,15.6825],[-55.6875,15.7725],[-55.7775,15.9075],[-56.0025,15.9975],[-56.0925,16.1775],[-56.2275,16.2675],[-56.3175,16.2675],[-56.3625,16.2225],[-56.5875,16.2225],[-56.7225,16.3125],[-56.9025,16.2225],[-57.0825,16.0425],[-56.9925,15.8625],[-56.7675,15.6375],[-56.7675,15.5025],[-56.5875,15.4125],[-56.4525,15.5475],[-56.0475,15.5475],[-56.0025,15.5025],[-56.0025,15.4125],[-55.9575,15.3675],[-55.9575,14.8275],[-56.0025,14.7825],[-56.5875,14.7825],[-56.6325,14.6475],[-56.2275,14.6025],[-56.0925,14.4225],[-56.0025,14.4225],[-55.9125,14.3325],[-55.9575,13.8825],[-56.0475,13.7475],[-56.2725,13.7025],[-56.3175,13.6575],[-56.9925,13.7025],[-57.1725,13.7925],[-57.1725,13.7475],[-57.3525,13.6125],[-57.3525,13.2975],[-57.4425,13.2525],[-57.3975,13.0725],[-57.3075,13.0275],[-57.3075,12.8925],[-57.2625,12.8925],[-57.1725,12.7575],[-57.0825,12.7575],[-57.0375,12.6675],[-56.8575,12.5325],[-56.8575,12.4875],[-56.6775,12.3975],[-56.6775,12.2625],[-56.6325,12.2175],[-56.6325,11.7225],[-56.6775,11.6775],[-56.6775,11.4075],[-56.7225,11.3625],[-57.2625,11.3625],[-57.3975,11.5425],[-57.3975,11.8125],[-57.5325,11.8125],[-57.8025,11.9475],[-57.8025,12.1725],[-57.8475,12.2625],[-57.9375,12.3075],[-57.9375,12.3975],[-58.1175,12.6675],[-58.2075,12.6675],[-58.2525,12.7125],[-58.2525,12.8475],[-58.2975,12.8475],[-58.3875,12.9825],[-58.5225,13.0725],[-58.6575,13.2525],[-58.6575,13.3425],[-58.7025,13.3425],[-58.7925,13.4775],[-58.9275,13.5675],[-58.9275,13.7475],[-59.0625,13.8825],[-59.0625,14.1975],[-59.0175,14.2425],[-58.9275,14.2425],[-58.7025,14.4675],[-58.7025,14.5125],[-58.8825,14.6025],[-58.9275,14.7825],[-59.0175,14.8275],[-59.2875,14.8275],[-59.3775,14.8725],[-59.4675,15.0075],[-59.5575,15.0075],[-59.6025,15.0525],[-59.6025,15.5475],[-59.4675,15.6825],[-59.3775,15.6825],[-59.3325,15.7275],[-59.3775,15.9975],[-59.4225,16.0875],[-59.5125,16.1325],[-59.7825,16.1325],[-60.0075,16.2225],[-60.0975,16.3125],[-60.0975,16.4475],[-60.1875,16.4925],[-60.5025,16.5375],[-60.8625,16.7625],[-61.0425,16.7175],[-61.3125,16.5375],[-61.4925,16.5375],[-61.6725,16.6275],[-61.9875,16.4475],[-62.2575,16.6275],[-62.3475,16.5825],[-62.5725,16.5825],[-62.7525,16.6725],[-62.9325,16.5375],[-62.9775,16.3575],[-63.2475,16.1325],[-63.5625,15.9975],[-63.7425,15.8625],[-63.9675,15.8625],[-64.0125,15.9075],[-64.0575,15.8625],[-64.1475,15.8625],[-64.2375,15.8175],[-64.4175,15.5925],[-64.5075,15.5475],[-64.7325,15.5475],[-65.1825,15.3225]]]]}},{"type":"Feature","id":"Salvia","properties":{"id":"Salvia","tracedAreaKm2":166110},"geometry":{"type":"MultiPolygon","coordinates":[[[[42.8175,-24.9975],[42.6375,-25.0425],[42.5925,-25.1325],[42.4575,-25.2225],[42.3675,-25.2225],[42.3225,-25.1775],[42.0075,-25.1775],[41.9175,-25.2225],[41.8275,-25.3575],[41.6025,-25.4475],[41.2425,-25.4475],[41.1075,-25.3575],[40.8375,-25.4025],[40.6575,-25.4925],[40.3875,-25.7175],[40.3875,-25.8975],[40.2975,-26.1225],[40.3875,-26.1225],[40.5675,-26.2575],[40.7025,-26.2575],[40.8375,-26.3925],[41.0175,-26.3925],[41.0625,-26.4375],[41.0625,-26.8875],[41.2425,-27.0675],[41.2425,-27.1575],[41.3775,-27.2025],[41.4225,-27.2925],[41.5125,-27.3375],[41.7375,-27.3375],[41.8275,-27.4725],[42.0075,-27.5175],[42.1425,-27.6075],[42.1875,-27.6975],[42.1425,-28.1475],[42.2325,-28.2375],[42.2325,-28.4175],[42.3675,-28.5075],[42.3675,-28.8225],[42.2775,-28.9125],[42.3225,-29.0025],[42.3225,-29.3625],[42.5025,-29.4525],[42.5025,-29.7225],[42.4575,-29.7675],[41.8275,-29.7225],[41.6925,-29.9025],[41.5575,-29.9025],[41.4675,-30.0825],[41.1975,-30.0825],[41.1075,-29.9025],[41.0175,-29.8575],[40.8375,-29.8575],[40.7925,-29.8125],[40.7925,-29.4525],[40.6125,-29.3175],[40.6125,-29.2275],[40.2975,-29.2275],[40.2525,-29.1825],[40.2525,-29.0925],[40.1175,-28.9575],[40.0275,-29.0475],[39.8925,-29.0475],[39.8025,-29.2725],[39.8925,-29.4075],[39.8925,-29.5425],[39.9825,-29.6775],[40.1625,-29.8125],[40.1625,-29.9025],[40.2075,-29.9475],[40.6575,-29.9925],[40.7025,-30.0375],[40.7025,-30.1275],[40.7475,-30.1725],[40.7475,-30.6225],[40.6125,-30.7575],[40.5675,-30.9825],[40.5225,-31.0275],[40.5675,-31.0725],[40.5675,-31.3425],[40.7025,-31.3425],[40.8375,-31.6125],[40.9275,-31.5225],[40.9275,-31.4325],[40.9725,-31.3875],[41.3775,-31.3875],[41.4225,-31.4775],[41.5125,-31.5225],[41.6475,-31.4325],[41.9175,-31.4325],[42.0525,-31.5225],[42.2325,-31.7475],[42.4575,-31.7475],[42.5475,-31.9275],[42.6375,-31.9275],[42.6825,-31.8825],[42.6825,-31.7925],[43.0425,-31.5225],[43.0425,-31.3875],[43.1775,-31.2975],[43.2675,-31.1625],[43.1775,-31.0725],[43.1775,-30.9375],[43.0875,-30.8025],[42.8625,-30.8025],[42.7275,-30.6225],[42.3675,-30.6225],[42.3225,-30.5775],[42.3225,-30.3075],[42.4125,-30.2175],[42.3675,-30.1725],[42.3675,-29.8125],[42.4125,-29.7675],[42.9075,-29.7225],[43.0425,-29.5875],[43.0425,-29.1375],[43.0875,-29.0925],[43.3125,-29.0925],[43.3125,-29.0025],[43.4025,-28.9125],[43.9425,-28.9125],[44.0325,-28.9575],[44.0775,-28.8675],[44.2125,-28.7775],[44.3025,-28.5525],[44.5725,-28.5525],[44.6175,-28.5075],[44.6175,-28.4175],[44.8875,-28.2825],[44.9775,-28.1025],[44.9775,-27.8775],[44.7075,-27.6525],[44.6175,-27.4725],[44.1675,-27.4725],[44.1225,-27.4275],[44.0775,-27.1125],[43.9875,-27.0675],[43.9875,-26.7975],[44.0325,-26.7525],[43.8975,-26.6175],[43.8975,-26.4825],[43.8075,-26.4825],[43.6275,-26.3475],[43.6275,-26.1225],[43.4475,-25.9875],[43.4475,-25.5825],[43.5825,-25.4925],[43.5825,-25.4025],[43.6275,-25.3575],[43.5825,-25.3125],[43.3575,-25.3125],[42.8175,-24.9975]]]]}},{"type":"Feature","id":"San-Giorgio","properties":{"id":"San-Giorgio","tracedAreaKm2":9944},"geometry":{"type":"MultiPolygon","coordinates":[[[[93.5325,-15.8175],[93.1725,-15.8625],[93.0375,-15.9525],[92.8575,-16.1775],[92.7675,-16.1775],[92.7675,-16.2675],[92.6775,-16.3575],[92.7225,-16.5375],[92.8575,-16.7175],[92.9925,-16.7175],[93.0825,-16.9425],[93.3975,-16.9425],[93.6225,-16.7625],[93.7125,-16.7625],[93.5775,-16.5825],[93.6225,-16.5375],[93.5325,-16.4475],[93.5325,-16.1325],[93.6675,-15.9975],[93.6675,-15.9075],[93.5325,-15.8175]]]]}},{"type":"Feature","id":"San-Jorge","properties":{"id":"San-Jorge","tracedAreaKm2":12425},"geometry":{"type":"MultiPolygon","coordinates":[[[[93.6675,-15.0975],[93.5775,-15.1875],[93.3525,-15.2325],[93.2625,-15.3225],[93.3075,-15.3675],[93.3075,-15.4575],[93.3975,-15.5475],[93.3975,-15.7725],[93.6675,-15.9075],[93.6675,-15.9975],[93.5325,-16.1325],[93.5325,-16.5375],[93.5775,-16.5825],[93.5325,-16.6275],[93.6675,-16.7175],[93.6225,-16.7625],[93.8025,-16.7625],[93.8925,-16.6725],[93.8925,-16.4475],[94.0275,-16.3125],[94.2525,-16.3125],[94.2975,-16.2675],[94.2975,-15.9975],[94.3425,-15.9525],[94.3425,-15.8625],[94.2525,-15.8625],[94.2075,-15.8175],[94.2075,-15.7275],[94.1175,-15.6375],[94.1175,-15.4125],[94.0725,-15.3675],[93.8925,-15.3675],[93.8025,-15.2775],[93.8025,-15.1875],[93.6675,-15.0975]]]]}},{"type":"Feature","id":"Sokhanistan","properties":{"id":"Sokhanistan","tracedAreaKm2":552550},"geometry":{"type":"MultiPolygon","coordinates":[[[[129.0375,42.5475],[128.9025,42.6825],[128.7225,42.6825],[128.6775,42.7275],[128.3175,42.7725],[128.2725,42.8175],[128.0475,42.8175],[127.9575,43.0425],[127.8225,43.0425],[127.7325,43.1325],[127.6425,43.1325],[127.5975,43.1775],[127.2375,43.2225],[127.1475,43.3125],[127.1475,43.5825],[127.0575,43.6275],[126.5175,43.3575],[126.3825,43.2225],[126.1125,43.0875],[125.8875,42.9075],[125.8875,42.7725],[125.8425,42.7275],[125.8425,42.4125],[125.7975,42.3225],[125.6175,42.1875],[125.4825,42.1875],[125.3025,42.0975],[125.2125,42.0075],[125.2125,41.9175],[125.1225,41.7825],[125.1225,41.6025],[125.0775,41.5125],[124.9425,41.3775],[124.5825,41.2425],[124.4925,41.1525],[124.4475,41.0175],[124.1325,40.7025],[124.0875,40.7025],[124.0875,40.5675],[123.9075,40.4325],[123.7725,40.5225],[123.6825,40.4775],[123.5025,40.4775],[123.4125,40.5225],[123.1875,40.3875],[123.0975,40.4325],[122.2875,40.4775],[122.2425,40.5225],[122.0625,40.5225],[122.0175,40.5675],[121.7925,40.6125],[121.6575,40.7025],[121.5675,40.7025],[121.5225,40.6575],[121.1625,40.7025],[120.9375,40.8375],[120.8475,40.8375],[120.6675,40.9275],[120.5775,40.8825],[120.3975,40.8825],[120.3525,40.8375],[120.1725,40.8375],[119.6325,40.6125],[119.6325,40.5225],[119.7675,40.4775],[119.8575,40.3875],[119.8575,40.1175],[119.9475,40.0275],[119.9025,39.7575],[119.9475,39.6675],[120.1275,39.5325],[120.1275,39.0375],[120.1725,38.9925],[120.1725,38.7225],[119.7675,38.4975],[119.7675,38.2725],[119.9025,38.0925],[119.9025,37.8675],[119.9925,37.7775],[120.0825,37.5975],[120.0825,37.5075],[120.1725,37.3725],[120.1725,36.8775],[120.1275,36.8325],[120.1275,36.6525],[120.4875,36.4725],[120.6225,36.4725],[120.8475,36.3375],[121.0275,36.3825],[121.2975,36.2475],[121.5225,36.2025],[121.7925,36.0225],[122.0175,36.1575],[122.1975,36.1575],[122.5575,35.9775],[122.9625,36.0675],[123.2325,35.8425],[123.5025,35.7525],[123.6375,35.6175],[123.8625,35.5725],[124.0425,35.4825],[124.2675,35.2125],[124.5375,35.0775],[125.3025,35.1225],[125.6625,34.9875],[125.7975,35.0325],[126.0225,35.2575],[126.0675,35.2575],[126.0675,35.5275],[126.1575,35.6175],[126.2025,35.7525],[126.5175,36.0675],[126.7425,36.2025],[126.8775,36.1575],[127.0575,35.9775],[127.0575,35.7975],[126.8325,35.4825],[126.8325,35.3475],[126.9225,35.2575],[127.1925,35.1225],[127.3725,35.1225],[127.4175,35.1675],[127.5975,35.1225],[127.7775,35.2125],[127.7775,35.2575],[127.9575,35.3925],[128.2725,35.4825],[128.3175,35.6625],[128.4975,35.8425],[128.7225,35.9775],[128.7675,36.1125],[128.8575,36.2025],[128.9925,36.2475],[129.2625,36.5175],[129.3525,36.5625],[129.4875,36.4725],[129.5775,36.5175],[129.8025,36.3375],[129.8925,36.3825],[129.9825,36.5175],[129.9825,36.7875],[129.8475,36.9225],[129.8475,37.1025],[129.7125,37.2375],[129.6675,37.9125],[129.8475,38.0475],[129.8475,38.2725],[129.9375,38.4075],[129.9375,38.6775],[130.0275,38.7675],[130.0275,38.8575],[130.2975,39.0375],[130.3425,39.1275],[130.2975,39.2175],[130.2975,39.4875],[130.2525,39.5325],[130.2525,39.9825],[130.0275,40.2525],[129.5775,40.2975],[129.5325,40.3425],[129.5325,40.5675],[129.3525,40.7025],[129.3525,40.8375],[129.1725,40.9725],[129.1275,41.1975],[128.9925,41.2875],[128.8575,41.2875],[128.8125,41.3325],[128.8125,41.8725],[128.9025,41.9625],[128.8125,42.0525],[128.8125,42.3225],[128.8575,42.3675],[128.9475,42.3675],[129.0375,42.4575],[129.0375,42.5475]],[[125.1675,38.4075],[125.1675,38.6775],[125.3025,38.8125],[125.7075,38.8125],[125.7525,39.0375],[125.7975,39.0825],[126.0675,39.0825],[126.1575,38.9925],[126.1575,38.9025],[126.3375,38.9025],[126.4275,38.9925],[126.7425,38.9925],[126.7875,38.9475],[126.7875,38.6325],[126.6975,38.5875],[126.6525,38.4975],[126.2025,38.4975],[126.1575,38.5425],[125.9325,38.5425],[125.8875,38.4525],[125.7525,38.4525],[125.6625,38.3625],[125.2125,38.3625],[125.1675,38.4075]]]]}},{"type":"Feature","id":"Suminto","properties":{"id":"Suminto","tracedAreaKm2":375682},"geometry":{"type":"MultiPolygon","coordinates":[[[[-37.9125,-22.9725],[-37.9575,-23.0175],[-37.9575,-23.1075],[-37.8225,-23.2425],[-37.7325,-23.2425],[-37.6875,-23.1975],[-37.7325,-23.1525],[-37.7325,-23.0175],[-37.9125,-22.9725]]],[[[-39.8025,-22.4325],[-39.9375,-22.3425],[-40.1175,-22.3425],[-40.2075,-22.2075],[-40.2975,-22.2075],[-40.3425,-22.1625],[-40.7475,-22.1625],[-40.7925,-22.2075],[-40.8375,-22.4325],[-41.0625,-22.6125],[-41.1525,-22.6125],[-41.1525,-22.6575],[-41.3775,-22.8825],[-41.3775,-23.0625],[-41.4675,-23.1525],[-41.4675,-23.3325],[-41.3775,-23.4225],[-41.3775,-23.5575],[-41.2875,-23.6025],[-41.2875,-23.6925],[-41.1525,-23.7825],[-41.0625,-23.9625],[-40.9725,-23.9175],[-40.6575,-23.9175],[-40.5675,-23.9625],[-40.4775,-23.8275],[-40.2975,-23.8275],[-40.2525,-23.7825],[-40.2525,-23.6025],[-40.1625,-23.5125],[-40.1175,-23.3325],[-39.9375,-23.1075],[-39.8475,-23.1075],[-39.8475,-23.0625],[-39.7575,-23.0175],[-39.7575,-22.7475],[-39.6675,-22.6125],[-39.8025,-22.4325]]],[[[-42.3225,-19.5975],[-42.3225,-19.6425],[-41.9625,-19.6425],[-41.9625,-19.5075],[-42.1875,-19.3725],[-42.2325,-19.5075],[-42.3225,-19.5975]]],[[[-40.3875,-15.3675],[-40.6575,-15.3675],[-40.7475,-15.2775],[-41.0625,-15.2775],[-41.1975,-15.1875],[-41.1975,-15.3675],[-41.2425,-15.4125],[-41.7375,-15.5025],[-41.7825,-15.5925],[-41.9175,-15.6825],[-42.1875,-15.6825],[-42.3225,-15.7725],[-42.3225,-15.8625],[-42.3675,-15.9075],[-42.5475,-15.9075],[-42.6375,-15.9525],[-42.7275,-16.1325],[-42.9975,-16.1325],[-43.0425,-16.1775],[-43.1325,-16.1775],[-43.1775,-16.3125],[-43.2675,-16.3575],[-43.4025,-16.5375],[-43.4925,-16.8525],[-43.4025,-16.9875],[-43.1775,-17.0325],[-43.0875,-17.1675],[-42.9975,-17.1675],[-42.6375,-17.4825],[-42.6375,-17.6625],[-42.5475,-17.8425],[-42.3675,-17.9775],[-42.3225,-18.0675],[-42.1875,-18.0675],[-42.0075,-18.2925],[-41.6925,-18.2925],[-41.6475,-18.3375],[-41.5575,-18.1125],[-41.3775,-18.0225],[-41.3775,-17.7525],[-41.2875,-17.5725],[-41.1075,-17.3925],[-41.0175,-17.3925],[-40.9275,-17.2575],[-40.8375,-17.2125],[-40.6125,-17.2125],[-40.5225,-17.0775],[-40.4325,-17.0325],[-40.2525,-17.0325],[-40.2525,-16.8525],[-40.2075,-16.8075],[-40.1175,-16.8075],[-40.0275,-16.7175],[-40.0275,-16.6275],[-39.8475,-16.4925],[-39.8475,-16.3575],[-39.8025,-16.3125],[-39.9375,-16.1325],[-39.9375,-15.9525],[-40.0275,-15.8175],[-40.1175,-15.8175],[-40.1625,-15.7725],[-40.1625,-15.6375],[-40.3875,-15.4575],[-40.3875,-15.3675]]],[[[-31.9725,-5.8725],[-32.0175,-5.8725],[-32.0625,-5.9625],[-32.5125,-5.9625],[-32.5575,-5.9175],[-32.6475,-5.9175],[-32.6925,-5.8275],[-32.7825,-5.8275],[-32.8275,-5.8725],[-33.1425,-5.8725],[-33.1875,-5.8275],[-33.2325,-5.8725],[-33.4575,-5.8725],[-33.5025,-5.9175],[-33.5925,-5.9175],[-33.6825,-6.0075],[-33.9525,-6.0075],[-33.9975,-5.9625],[-33.9975,-5.8275],[-34.4475,-5.8275],[-34.4475,-5.9625],[-34.5375,-6.0075],[-34.5375,-6.0975],[-34.5825,-6.1425],[-34.4925,-6.1875],[-34.4925,-6.4575],[-34.6275,-6.5475],[-34.6275,-6.6375],[-34.6725,-6.6825],[-35.0325,-6.6825],[-35.1225,-6.5925],[-35.2125,-6.6825],[-35.5275,-6.6825],[-35.5275,-6.7275],[-35.6175,-6.7725],[-35.7075,-6.9075],[-35.7975,-6.9525],[-36.1125,-6.9525],[-36.2925,-7.0875],[-36.4275,-7.1325],[-36.5175,-7.2675],[-36.5175,-7.5375],[-36.6525,-7.6275],[-36.6525,-7.7175],[-36.6075,-7.7625],[-36.6075,-7.8525],[-36.5175,-7.9425],[-36.5175,-8.3025],[-36.4275,-8.3025],[-36.3825,-8.3475],[-36.3825,-8.6175],[-36.2925,-8.7075],[-36.2925,-8.8425],[-36.2025,-8.8425],[-36.1575,-8.8875],[-36.1575,-9.0225],[-35.8425,-9.0225],[-35.7525,-9.1575],[-35.4375,-9.1575],[-35.1675,-9.3375],[-35.1225,-9.2925],[-34.1775,-9.3375],[-34.1325,-9.3825],[-34.1325,-9.8325],[-34.0425,-9.9225],[-33.9525,-9.8775],[-33.6825,-9.8775],[-33.6375,-9.9675],[-33.5475,-9.9675],[-33.5475,-9.7875],[-33.5025,-9.7425],[-33.4125,-9.7425],[-33.2325,-9.4725],[-33.4125,-9.2025],[-33.5475,-9.2025],[-33.6825,-9.0675],[-33.6825,-8.8875],[-33.8625,-8.6625],[-33.8625,-8.4825],[-33.9975,-8.3925],[-33.9975,-7.8525],[-33.9525,-7.8075],[-33.9525,-7.6725],[-33.8625,-7.5375],[-33.5025,-7.5375],[-33.4125,-7.4925],[-33.4125,-7.2225],[-33.3675,-7.1775],[-33.0975,-7.1775],[-32.9625,-7.2675],[-32.9175,-7.3575],[-32.9175,-7.7625],[-32.4675,-7.7625],[-32.4225,-7.8075],[-32.3775,-7.7175],[-32.0175,-7.7175],[-31.9725,-7.6725],[-31.8825,-7.6725],[-31.8825,-7.4925],[-31.7925,-7.4025],[-31.6125,-7.4025],[-31.6125,-7.3125],[-31.3875,-6.9975],[-31.3875,-6.8625],[-31.3425,-6.8175],[-31.1175,-6.8175],[-31.1175,-6.7275],[-31.2075,-6.5925],[-31.2975,-6.5475],[-31.2975,-6.4125],[-31.3425,-6.3675],[-31.3425,-6.2775],[-31.4325,-6.2325],[-31.4325,-6.1425],[-31.7475,-6.1425],[-31.7925,-6.0975],[-31.7925,-6.0075],[-31.9725,-5.8725]]],[[[-28.6875,-5.9625],[-28.8675,-5.7825],[-28.8675,-5.7375],[-28.9125,-5.7825],[-29.0025,-5.7375],[-29.0475,-5.9625],[-29.1375,-6.0525],[-29.9025,-6.0975],[-29.9025,-6.2775],[-30.0825,-6.3675],[-30.0825,-6.5925],[-30.1725,-6.6825],[-30.0825,-6.6825],[-30.0375,-6.5925],[-29.4975,-6.5925],[-29.4525,-6.6375],[-29.3625,-6.5025],[-29.2725,-6.5025],[-29.2275,-6.4125],[-29.0025,-6.3675],[-28.9125,-6.2775],[-28.8225,-6.2775],[-28.7775,-6.2325],[-28.7775,-6.0525],[-28.6875,-5.9625]]],[[[-34.3125,-4.8825],[-34.3125,-5.0625],[-34.2225,-5.1075],[-34.1325,-5.2425],[-34.0875,-5.4225],[-33.9975,-5.4675],[-33.9525,-5.5575],[-33.7275,-5.5125],[-33.5925,-5.4225],[-33.5925,-5.1525],[-33.7275,-5.1525],[-33.7725,-5.1075],[-33.7725,-4.8375],[-34.3125,-4.8825]]],[[[-33.7725,-4.1625],[-33.7725,-4.2975],[-33.7275,-4.3425],[-33.7275,-4.7025],[-33.4575,-4.7025],[-33.4125,-4.7475],[-33.4125,-4.9275],[-33.0975,-4.9275],[-33.0075,-5.0625],[-32.9175,-5.0625],[-32.8275,-5.1975],[-32.6475,-5.1975],[-32.4675,-5.0175],[-32.2425,-4.9275],[-31.8825,-4.9275],[-31.7925,-4.8375],[-31.4775,-4.8375],[-31.4325,-4.8825],[-31.1625,-4.8825],[-31.0725,-5.0625],[-30.8025,-5.0625],[-30.7125,-5.1075],[-30.6675,-5.1975],[-29.9925,-5.3325],[-29.9475,-5.2875],[-29.5425,-5.2875],[-29.4975,-5.2425],[-29.4075,-5.2425],[-29.4075,-5.1525],[-29.3625,-5.1075],[-29.1375,-5.1075],[-29.0025,-4.9275],[-28.7325,-4.9275],[-28.6875,-4.9725],[-28.6875,-5.1975],[-28.5075,-5.1525],[-28.4175,-5.0625],[-28.5075,-4.9275],[-28.6875,-4.9275],[-28.7325,-4.8825],[-28.7325,-4.6125],[-28.6875,-4.5675],[-28.5975,-4.5675],[-28.5975,-4.4775],[-28.5525,-4.4325],[-28.4625,-4.4325],[-28.3275,-4.2525],[-28.3275,-3.8025],[-28.3725,-3.7575],[-28.5975,-3.7125],[-28.7325,-3.5775],[-28.8225,-3.3975],[-28.8675,-3.1275],[-28.9575,-3.0825],[-29.1375,-3.0825],[-29.1825,-3.0375],[-29.3175,-3.1275],[-29.5425,-3.1725],[-29.5875,-3.2625],[-29.8125,-3.4425],[-30.0825,-3.4425],[-30.3525,-3.2625],[-31.0275,-3.2625],[-31.3875,-3.0825],[-31.4775,-2.9925],[-31.6575,-2.9475],[-32.3775,-3.2175],[-32.5575,-3.3975],[-32.7825,-3.4875],[-33.0075,-3.6675],[-33.1425,-3.6675],[-33.3675,-3.7575],[-33.4125,-3.8475],[-33.7725,-4.1625]]]]}},{"type":"Feature","id":"Sunset-Sea-Islands","properties":{"id":"Sunset-Sea-Islands","tracedAreaKm2":971750},"geometry":{"type":"MultiPolygon","coordinates":[[[[-156.4425,-10.2825],[-156.5325,-10.3725],[-156.5325,-10.4625],[-156.7575,-10.6425],[-156.7125,-10.8225],[-156.5775,-10.9125],[-156.5775,-11.0925],[-156.4875,-11.1825],[-156.3975,-11.1825],[-156.3525,-11.2275],[-156.0375,-11.2275],[-155.9475,-11.0925],[-155.9475,-10.7325],[-156.0825,-10.6425],[-156.0825,-10.4175],[-156.2175,-10.4175],[-156.3075,-10.3275],[-156.3975,-10.3275],[-156.4425,-10.2825]]],[[[-157.6575,-1.3725],[-157.7025,-1.4175],[-157.7925,-1.4175],[-157.8825,-1.5525],[-157.9725,-1.5525],[-158.0175,-1.5975],[-157.8825,-1.7775],[-157.8825,-2.0025],[-157.6575,-2.0925],[-157.6575,-2.4975],[-157.8375,-2.6325],[-157.7925,-2.6775],[-157.7925,-3.0825],[-157.8375,-3.1725],[-157.7475,-3.1725],[-157.7025,-3.2175],[-157.7025,-3.5775],[-157.5675,-3.7125],[-157.5225,-3.9375],[-157.4775,-3.9825],[-157.0725,-3.9825],[-156.9375,-4.0725],[-156.8475,-3.9825],[-156.6675,-3.9825],[-156.6675,-3.8925],[-156.5775,-3.8025],[-156.7125,-3.6225],[-156.7125,-3.3975],[-157.0275,-3.2625],[-157.1175,-3.1725],[-157.1175,-3.0375],[-157.3425,-2.7675],[-157.3425,-2.5425],[-157.4325,-2.5425],[-157.6125,-2.2725],[-157.6125,-2.0025],[-157.4775,-1.9125],[-157.4325,-1.7775],[-157.5225,-1.6875],[-157.5225,-1.5075],[-157.5675,-1.4175],[-157.6575,-1.3725]]],[[[-147.1275,1.1475],[-147.2625,0.8775],[-147.3975,0.8775],[-147.5325,0.7875],[-147.5325,0.6525],[-147.6225,0.4725],[-148.0725,0.4725],[-148.1625,0.5175],[-148.2525,0.4725],[-148.2975,0.3825],[-148.0725,0.2025],[-147.7575,0.1575],[-147.6675,0.0675],[-147.3975,0.0675],[-147.2625,-0.0675],[-147.0825,-0.0675],[-146.9475,-0.2475],[-146.4075,-0.2475],[-146.3175,-0.3375],[-146.3175,-0.5175],[-146.1825,-0.6075],[-146.1825,-0.6975],[-146.0475,-0.7875],[-145.9575,-0.9225],[-145.7325,-1.0575],[-145.6425,-1.0575],[-145.5075,-1.1925],[-145.2825,-1.1925],[-145.2375,-1.2375],[-145.2375,-1.5075],[-145.3275,-1.5975],[-145.3275,-1.6875],[-145.1475,-1.6875],[-145.0575,-1.7775],[-145.0575,-1.9575],[-145.0125,-2.0475],[-144.9225,-2.0925],[-144.7875,-2.2725],[-144.7875,-2.3625],[-144.7425,-2.4075],[-144.7425,-2.6325],[-144.6075,-2.7225],[-144.6075,-2.9475],[-144.4725,-3.0375],[-144.4725,-3.4875],[-144.3375,-3.6675],[-144.3375,-4.2525],[-144.3825,-4.2975],[-144.1125,-4.4775],[-144.1125,-4.6125],[-144.0675,-4.6575],[-144.1125,-5.2425],[-144.2025,-5.3325],[-144.1575,-5.3775],[-144.1575,-5.6475],[-144.2025,-5.6925],[-144.2925,-5.6925],[-144.2925,-5.7825],[-144.3825,-5.8725],[-144.3825,-5.9625],[-144.4725,-6.0075],[-144.4275,-6.0525],[-144.4275,-6.4125],[-144.6525,-6.6825],[-144.6075,-6.7275],[-144.6525,-7.3125],[-144.6975,-7.3575],[-144.9675,-7.3575],[-145.1025,-7.2675],[-145.1025,-7.1775],[-145.2375,-7.0425],[-145.3275,-7.1325],[-145.3275,-7.2675],[-145.4625,-7.3575],[-145.5525,-7.3575],[-145.6425,-7.4475],[-145.6425,-7.7175],[-145.8225,-7.8075],[-145.8225,-8.1225],[-145.9575,-8.2125],[-145.9125,-8.2575],[-145.9125,-8.7075],[-146.0475,-8.8425],[-146.1375,-8.8425],[-146.2275,-8.9325],[-146.2275,-9.0675],[-146.2725,-9.1125],[-146.3625,-9.1125],[-146.4525,-9.2025],[-147.1275,-9.2475],[-147.2175,-9.3825],[-147.4875,-9.3825],[-147.5325,-9.4725],[-148.2525,-9.5175],[-148.3425,-9.6075],[-148.7025,-9.6075],[-148.8375,-9.7875],[-149.1075,-9.7875],[-149.1525,-9.7425],[-149.2875,-9.8325],[-149.2875,-10.0125],[-149.3325,-10.0575],[-149.5125,-10.0575],[-149.5575,-10.1025],[-149.5125,-10.1475],[-149.5125,-10.2825],[-149.2875,-10.3725],[-149.2875,-10.5525],[-149.2425,-10.5975],[-149.0175,-10.6425],[-148.8825,-10.7325],[-148.8375,-10.8225],[-148.6575,-10.8225],[-148.6125,-10.8675],[-148.2525,-10.8675],[-148.2075,-10.9575],[-148.1175,-10.9575],[-148.0275,-10.7775],[-147.6225,-10.7775],[-147.5325,-10.8675],[-147.3525,-10.8675],[-147.2625,-10.9575],[-146.4975,-11.0025],[-146.3175,-11.1825],[-146.2725,-11.1375],[-145.9125,-11.1375],[-145.8675,-11.1825],[-145.7325,-11.0925],[-145.4625,-11.0925],[-145.3725,-11.2725],[-145.2825,-11.1825],[-144.6075,-11.1825],[-144.5175,-11.0925],[-144.2925,-11.0925],[-144.2025,-11.0475],[-144.1575,-10.9575],[-144.0225,-10.8675],[-143.7525,-10.8225],[-143.7075,-10.7775],[-143.7075,-10.5975],[-143.6625,-10.5525],[-143.5725,-10.5525],[-143.5725,-10.5075],[-143.4375,-10.4175],[-143.4375,-10.3275],[-143.3925,-10.2825],[-143.1225,-10.2375],[-143.1225,-10.1475],[-143.0775,-10.1025],[-142.9425,-10.1025],[-142.8525,-9.9675],[-142.7175,-9.9675],[-142.6725,-9.8325],[-142.4925,-9.6975],[-142.4925,-9.6075],[-142.4475,-9.5625],[-142.4475,-9.2925],[-142.3575,-9.1575],[-142.0875,-9.1575],[-142.0425,-9.2025],[-142.0425,-9.6075],[-142.0875,-9.6525],[-141.9975,-9.8325],[-141.9075,-9.8325],[-141.8625,-9.8775],[-141.7725,-9.7875],[-141.5475,-9.7875],[-141.5475,-9.6975],[-141.5025,-9.6525],[-141.4125,-9.6525],[-141.3225,-9.5625],[-141.2325,-9.5625],[-141.1875,-9.5175],[-141.2325,-9.4725],[-141.2325,-8.8425],[-141.0975,-8.7075],[-140.8275,-8.7075],[-140.7375,-8.6175],[-140.7375,-8.4375],[-140.6475,-8.3475],[-140.6475,-8.2125],[-140.6025,-8.1675],[-140.4675,-8.1675],[-140.4225,-8.1225],[-140.4225,-8.0325],[-140.2875,-7.8975],[-140.1525,-7.8975],[-140.1525,-7.8075],[-140.0625,-7.6725],[-140.3325,-7.4475],[-140.4675,-7.4475],[-140.5125,-7.4025],[-140.5125,-7.3125],[-140.6925,-7.2225],[-140.6925,-6.9525],[-140.5575,-6.8175],[-140.4675,-6.8175],[-140.4225,-6.7725],[-140.4225,-6.5925],[-140.3775,-6.5475],[-140.3775,-6.3225],[-140.5125,-6.1875],[-140.5575,-5.6475],[-140.6025,-5.6025],[-140.7375,-5.6925],[-140.8275,-5.6925],[-140.9175,-5.8275],[-140.9625,-6.0075],[-141.0075,-6.0525],[-141.0975,-6.0525],[-141.2775,-6.2775],[-141.5475,-6.2775],[-141.5925,-6.2325],[-141.5925,-5.9175],[-141.7725,-5.8275],[-141.7725,-5.6475],[-141.8625,-5.6025],[-141.8625,-5.3325],[-141.8175,-5.2875],[-141.5925,-5.2875],[-141.4575,-5.1975],[-141.4125,-5.1075],[-141.1875,-5.1075],[-141.0975,-5.0175],[-140.7375,-4.9275],[-140.7825,-4.8825],[-140.7825,-4.4775],[-141.0525,-4.2975],[-141.0975,-4.2075],[-141.2775,-4.0725],[-141.5475,-4.0725],[-141.6375,-3.9825],[-141.6825,-3.6675],[-141.7725,-3.6225],[-141.9975,-3.6225],[-142.1775,-3.4875],[-142.1775,-3.3975],[-142.3575,-3.2625],[-142.4475,-3.2625],[-142.4925,-3.2175],[-142.4925,-3.3075],[-142.6275,-3.4875],[-142.6275,-3.7125],[-142.6725,-3.7575],[-142.6725,-3.8925],[-142.7625,-4.1175],[-143.0325,-4.1175],[-143.1225,-3.9825],[-143.1225,-3.8025],[-143.2125,-3.6675],[-143.3475,-3.5775],[-143.3475,-3.4425],[-143.4375,-3.3075],[-143.4825,-2.7675],[-143.4375,-2.7225],[-143.1675,-2.7225],[-143.1225,-2.7675],[-143.0325,-2.7675],[-142.9875,-2.7225],[-142.9875,-2.6325],[-142.8075,-2.4975],[-142.8525,-2.1825],[-142.9875,-2.0025],[-143.0775,-2.0025],[-143.1225,-1.9575],[-143.1225,-1.8225],[-143.1675,-1.7775],[-143.3475,-1.8675],[-143.3475,-1.9575],[-143.4825,-2.0925],[-143.4825,-2.3175],[-143.5275,-2.3625],[-143.7975,-2.3625],[-143.9775,-2.0925],[-143.9775,-1.7775],[-144.0225,-1.7325],[-144.1575,-1.7325],[-144.2475,-1.6425],[-144.2475,-1.3725],[-144.2025,-1.3275],[-143.9325,-1.3275],[-143.8875,-1.3725],[-143.7075,-1.3725],[-143.6175,-1.4625],[-143.3475,-1.4625],[-143.3475,-1.3725],[-143.4375,-1.2375],[-143.4375,-0.9225],[-143.8425,-0.6975],[-143.9775,-0.5175],[-144.0675,-0.5175],[-144.0675,-0.6525],[-144.1575,-0.7425],[-144.1575,-0.9675],[-144.2475,-1.0125],[-144.2475,-1.1925],[-144.3375,-1.3275],[-144.4725,-1.3275],[-144.5625,-1.4175],[-145.1025,-1.4175],[-145.1475,-1.3725],[-145.1475,-1.1025],[-145.1025,-1.0575],[-144.9225,-1.0575],[-144.8325,-0.9675],[-144.6975,-0.9675],[-144.6525,-0.9225],[-144.6525,-0.8325],[-144.5625,-0.7425],[-144.5625,-0.6525],[-144.5175,-0.6075],[-144.7425,-0.3825],[-144.7425,-0.1125],[-144.6525,-0.0225],[-144.6525,0.1125],[-144.5175,0.2475],[-144.3825,0.2475],[-144.3825,0.5175],[-144.4725,0.6075],[-144.6975,0.6075],[-144.8325,0.8775],[-144.9225,0.8325],[-145.4175,0.8325],[-145.6425,1.0125],[-145.6875,0.9675],[-145.9575,0.9675],[-146.0025,1.0575],[-146.2275,1.0575],[-146.4525,0.9675],[-146.9925,0.9675],[-147.1275,1.1475]],[[-142.4475,-4.6125],[-142.4025,-4.5675],[-142.1325,-4.5675],[-142.0425,-4.6575],[-142.0425,-4.9275],[-142.0875,-4.9725],[-142.3575,-4.9725],[-142.4475,-4.8825],[-142.4475,-4.6125]]],[[[-156.0825,2.2725],[-156.1725,2.1375],[-156.2625,2.1375],[-156.3075,2.0925],[-156.3075,1.9125],[-156.4875,1.7325],[-156.6225,1.7325],[-156.6675,1.6875],[-156.6675,1.3275],[-156.6225,1.2825],[-156.5325,1.2825],[-156.4425,1.1925],[-156.4425,0.9225],[-156.5775,0.8325],[-156.9825,0.3825],[-156.9375,0.3375],[-156.9375,0.1125],[-156.8475,0.0675],[-156.8025,-0.5175],[-156.7125,-0.6075],[-156.7125,-0.8775],[-156.8025,-1.0125],[-156.8025,-1.2825],[-156.6675,-1.3725],[-156.6675,-1.5975],[-156.5775,-1.5975],[-156.4875,-1.7325],[-156.3975,-1.7325],[-156.3525,-1.7775],[-156.3525,-2.0475],[-156.2175,-2.2725],[-155.9475,-2.4975],[-155.9475,-2.6325],[-155.7675,-2.8125],[-155.7675,-3.1275],[-155.7225,-3.1275],[-155.5875,-3.3075],[-155.5875,-3.4875],[-155.3625,-3.6225],[-155.3625,-3.8925],[-155.4075,-3.9375],[-155.3625,-3.9825],[-155.3625,-4.0725],[-155.2725,-4.1625],[-155.2725,-4.4325],[-155.1825,-4.6575],[-155.1825,-4.9275],[-155.2725,-5.0625],[-155.4525,-5.0625],[-155.4525,-5.1975],[-155.5875,-5.3325],[-155.6775,-5.3325],[-155.7225,-5.3775],[-155.7225,-5.7375],[-155.9025,-5.8275],[-155.9025,-5.9175],[-155.9925,-6.0975],[-155.9925,-6.2325],[-155.8125,-6.3225],[-155.8125,-6.5925],[-155.8575,-6.6375],[-156.3975,-6.6375],[-156.4425,-6.5925],[-156.4875,-6.6375],[-156.4875,-6.9075],[-156.5775,-6.9975],[-156.6675,-6.9975],[-156.7125,-7.0425],[-156.7125,-7.3125],[-156.7575,-7.3575],[-156.8475,-7.3575],[-157.0275,-7.6275],[-157.0275,-7.8075],[-156.9825,-7.8525],[-156.9825,-8.1225],[-157.0725,-8.2125],[-157.0275,-8.8875],[-157.1625,-9.0675],[-157.2075,-9.2925],[-157.1625,-9.3375],[-156.9825,-9.3375],[-156.8925,-9.4725],[-156.5775,-9.5625],[-156.5325,-9.5175],[-156.5325,-9.4275],[-156.4425,-9.3375],[-156.3975,-8.9325],[-156.2625,-8.7525],[-156.2175,-8.4375],[-156.1275,-8.3475],[-156.0825,-7.8975],[-156.0375,-7.8525],[-155.7675,-7.8525],[-155.7225,-7.8975],[-155.7225,-8.4375],[-155.7675,-8.4825],[-155.7675,-8.7525],[-155.8575,-8.9325],[-155.9025,-9.6075],[-155.9475,-9.6525],[-155.8575,-9.8325],[-155.8575,-10.3275],[-155.7225,-10.3275],[-155.3175,-10.5975],[-155.2275,-10.5975],[-155.1375,-10.6875],[-155.0025,-10.5975],[-154.9575,-10.3725],[-154.8675,-10.2825],[-154.8675,-10.1025],[-154.6425,-9.8325],[-154.4175,-9.8325],[-154.4175,-9.7425],[-154.3725,-9.6975],[-153.8325,-9.6975],[-153.5625,-9.8775],[-153.5625,-10.1025],[-153.5175,-10.1475],[-153.5175,-10.5075],[-153.5625,-10.5525],[-153.5625,-10.6875],[-153.4275,-10.8675],[-153.3375,-10.8675],[-153.2475,-10.7775],[-153.2475,-10.5075],[-153.2025,-10.4625],[-152.9325,-10.4625],[-152.8875,-10.5075],[-152.8425,-10.4625],[-152.5275,-10.4625],[-152.3475,-10.6425],[-152.2125,-10.6425],[-152.1225,-10.7325],[-151.8075,-10.7325],[-151.7175,-10.8225],[-151.6275,-10.8225],[-151.5825,-10.7775],[-151.5825,-10.5975],[-151.5375,-10.5525],[-151.3125,-10.5525],[-151.2225,-10.4625],[-151.2225,-10.3275],[-151.0875,-10.2375],[-151.1325,-10.1925],[-151.1325,-9.9225],[-151.0875,-9.8775],[-151.2675,-9.7875],[-151.5825,-9.3825],[-151.8075,-9.2925],[-151.9875,-9.2925],[-152.0775,-9.2475],[-152.2125,-9.0675],[-152.5275,-9.0225],[-152.7525,-8.8425],[-152.8875,-8.8425],[-152.9775,-8.7525],[-153.1125,-8.7525],[-153.2025,-8.5725],[-153.3825,-8.5275],[-153.5175,-8.3475],[-153.7425,-8.1675],[-153.8325,-7.7175],[-153.9225,-7.6275],[-153.9225,-7.5375],[-154.1475,-7.4475],[-154.1475,-7.3125],[-154.2375,-7.2225],[-154.2375,-6.9075],[-154.4175,-6.7725],[-154.4175,-6.5475],[-154.5075,-6.4575],[-154.5075,-6.1875],[-154.5975,-6.0975],[-154.5975,-5.7825],[-154.6425,-5.7375],[-154.6425,-5.6475],[-154.7775,-5.5125],[-154.7775,-5.3775],[-154.8225,-5.3325],[-154.8225,-4.8825],[-154.7775,-4.8375],[-154.7775,-4.7475],[-154.8225,-4.7025],[-154.8225,-4.2525],[-154.7325,-4.1625],[-154.7325,-3.6675],[-154.6875,-3.6225],[-154.3725,-3.6225],[-154.3725,-3.5775],[-154.1925,-3.4425],[-154.1475,-3.3075],[-154.2375,-3.2175],[-154.2375,-2.8125],[-154.1925,-2.7225],[-154.0125,-2.5875],[-154.0125,-2.4975],[-153.9225,-2.4075],[-153.7875,-2.4075],[-153.7425,-2.3175],[-153.6525,-2.3175],[-153.6525,-1.8675],[-153.6075,-1.8225],[-153.6075,-1.4625],[-153.5625,-1.4175],[-153.5625,-1.2825],[-153.4725,-1.1925],[-153.3825,-1.1925],[-153.2025,-1.0575],[-153.2025,-0.9675],[-153.0675,-0.7875],[-152.8875,-0.7875],[-152.7975,-0.6525],[-152.6175,-0.6525],[-152.5275,-0.5625],[-152.4375,-0.5625],[-152.4375,-0.4725],[-152.3025,-0.3375],[-152.3025,-0.2475],[-152.2575,-0.2025],[-152.0775,-0.2025],[-152.0325,-0.1125],[-151.9425,-0.1125],[-151.8525,-0.0225],[-151.5825,-0.0225],[-151.4925,0.0675],[-151.4025,0.0675],[-151.2225,0.2025],[-151.1325,0.2025],[-150.9525,0.2925],[-150.6825,0.2925],[-150.6375,0.3375],[-150.5025,0.3375],[-150.3675,0.4275],[-150.1875,0.4275],[-150.1425,0.4725],[-149.7825,0.4725],[-149.7375,0.5175],[-149.4225,0.5175],[-149.3775,0.5625],[-149.0625,0.5625],[-149.0175,0.4725],[-148.8825,0.4725],[-148.8375,0.5175],[-148.8375,0.6525],[-148.9275,0.6975],[-148.9275,0.9675],[-148.8375,1.0575],[-148.2075,1.1025],[-148.1175,1.2375],[-147.9375,1.2375],[-147.8925,1.4175],[-148.0275,1.5075],[-148.0275,1.5975],[-148.0725,1.6425],[-148.1625,1.6425],[-148.3875,1.8225],[-148.3875,1.9125],[-148.4775,1.9125],[-148.5675,1.8225],[-148.7025,1.8225],[-148.7025,1.6875],[-148.7475,1.6425],[-149.1075,1.6425],[-149.2425,1.7325],[-149.3325,1.5975],[-149.6025,1.5975],[-149.8725,1.7325],[-149.9175,1.6875],[-150.2775,1.6875],[-150.3675,1.7775],[-150.4125,1.7325],[-150.7725,1.7325],[-150.8175,1.7775],[-150.8175,1.9575],[-151.0425,2.1375],[-151.1325,2.0025],[-151.4025,2.0025],[-151.4475,2.0475],[-151.5375,2.0025],[-151.8075,2.0025],[-151.8525,2.0475],[-151.8975,1.9575],[-152.2125,1.9575],[-152.2575,1.9125],[-152.3925,1.9125],[-152.4825,1.8225],[-152.7525,1.8225],[-152.7525,1.3725],[-152.8875,1.2375],[-153.2025,1.2375],[-153.3375,1.4175],[-153.3375,1.5975],[-153.3825,1.6875],[-153.5175,1.8225],[-153.7425,1.8225],[-153.8325,1.7325],[-154.1475,1.7325],[-154.1475,1.5525],[-154.0575,1.4625],[-153.7875,1.4625],[-153.6975,1.3725],[-153.6975,1.1925],[-153.5625,0.9675],[-153.5175,0.4275],[-153.5625,0.3825],[-153.6075,-0.0675],[-153.6975,-0.1125],[-153.7875,-0.2475],[-153.7875,-0.3825],[-153.8775,-0.4275],[-153.9225,-0.5625],[-153.9675,-0.6075],[-154.1925,-0.6075],[-154.2825,-0.6525],[-154.3725,-0.8325],[-154.5525,-0.8325],[-154.5975,-0.8775],[-155.0025,-0.8775],[-155.0475,-0.8325],[-155.0925,-0.8775],[-155.4075,-0.8775],[-155.4525,-0.7875],[-155.5425,-0.7875],[-155.6325,-0.6975],[-155.7225,-0.6975],[-155.8125,-0.6075],[-155.9025,-0.6075],[-155.9925,-0.5175],[-155.9925,-0.1575],[-156.0825,-0.0675],[-156.2175,-0.0675],[-156.3525,0.0675],[-156.3525,0.6975],[-156.4425,0.9225],[-156.4425,1.1925],[-156.3525,1.2825],[-156.1725,1.2825],[-156.0825,1.3725],[-156.0825,1.4625],[-155.9475,1.5975],[-155.9025,1.7775],[-155.8575,1.8225],[-155.7675,1.8225],[-155.6325,1.9575],[-155.3625,1.9575],[-155.3175,1.9125],[-155.2725,1.9575],[-154.8225,1.9575],[-154.7775,1.9125],[-154.5525,1.9125],[-154.5075,1.8675],[-154.3275,1.8675],[-154.3275,1.9575],[-154.4625,2.0475],[-154.5525,2.1825],[-154.9125,2.1825],[-155.0475,2.3175],[-155.0925,2.2725],[-155.9025,2.2725],[-155.9475,2.3175],[-155.9925,2.2725],[-156.0825,2.2725]]]]}},{"type":"Feature","id":"Suverina","properties":{"id":"Suverina","tracedAreaKm2":926285},"geometry":{"type":"MultiPolygon","coordinates":[[[[91.8225,29.4975],[91.6425,29.5875],[91.4625,29.8125],[91.2825,29.9025],[91.2825,30.1725],[91.0575,30.1725],[90.9225,30.3075],[90.8775,30.2625],[90.4275,30.2625],[90.3825,30.3075],[90.2925,30.2175],[89.9775,30.2175],[89.9325,30.2625],[89.7525,30.0825],[89.4825,30.0825],[89.3025,30.1725],[89.1675,30.0825],[89.0325,30.0825],[88.9425,29.9925],[88.9425,29.9025],[88.7625,29.7675],[88.6725,29.6325],[88.4925,29.6325],[88.4025,29.4525],[88.1325,29.2725],[88.1325,29.0925],[88.0425,29.0025],[88.0425,28.6425],[88.0875,28.5975],[88.0875,28.4175],[88.1325,28.3725],[88.1325,28.0125],[87.9525,27.8775],[87.7725,27.8775],[87.6825,27.7425],[87.3225,27.7425],[87.1875,28.0125],[87.0975,28.0575],[87.0975,28.1925],[86.9175,28.3725],[86.9175,28.5525],[86.7375,28.6875],[86.6475,28.5075],[86.5125,28.5075],[86.4675,28.4625],[86.1975,28.4625],[86.0625,28.6875],[85.8825,28.6875],[85.8375,28.5975],[85.6125,28.5975],[85.4325,28.4625],[85.2975,28.2825],[85.0725,28.2825],[84.9375,28.1475],[84.8475,28.1475],[84.8025,28.0575],[84.7125,28.0125],[84.7125,27.9225],[84.8025,27.7425],[84.9375,27.7425],[85.1175,27.6525],[85.1175,27.1125],[85.1625,27.0675],[85.1625,26.7975],[85.2975,26.6625],[85.2975,26.5275],[85.3875,26.5275],[85.5225,26.3925],[85.6575,26.3925],[85.8375,26.2125],[86.0625,26.1675],[86.1975,25.9875],[86.2425,26.0325],[86.5125,26.0325],[86.5575,26.1225],[86.7825,26.1225],[86.7825,26.3025],[86.9625,26.4375],[86.9625,26.5275],[87.0975,26.6175],[87.4125,26.6175],[87.5475,26.4825],[87.5475,26.2575],[87.5925,26.1675],[87.7275,26.0775],[87.7275,25.9875],[87.8175,25.9875],[87.9525,25.7625],[88.0425,25.7625],[88.1325,25.6275],[88.4925,25.6275],[88.5375,25.5825],[89.1675,25.5825],[89.2575,25.4925],[89.3475,25.4925],[89.3925,25.5375],[89.4825,25.5375],[89.4825,25.6275],[89.5725,25.7175],[89.6625,25.7175],[89.7525,25.8525],[90.0675,25.8525],[90.1575,26.0325],[90.3375,26.0325],[90.3825,26.0775],[90.7875,26.0775],[90.8325,26.0325],[90.9225,26.1225],[91.3725,26.1225],[91.5525,26.2125],[91.5075,26.3025],[91.2375,26.5275],[91.2375,26.7975],[90.9225,26.9325],[90.6525,27.1575],[90.6525,27.2475],[90.7425,27.3375],[90.7425,28.0125],[90.9675,28.1925],[91.1475,28.1925],[91.2825,28.2825],[91.2825,28.4175],[91.4175,28.5975],[91.7775,28.9125],[91.8675,29.0475],[91.8225,29.4975]]],[[[85.9725,30.6675],[85.7025,30.8025],[85.5225,30.8025],[85.4325,30.9375],[85.2975,30.8475],[84.8925,30.8475],[84.8475,30.8925],[84.6225,30.9375],[84.5325,30.8925],[84.4425,30.7575],[84.2175,30.7575],[84.0825,30.5775],[83.6775,30.5775],[83.5875,30.6675],[83.4075,30.5325],[83.2275,30.5325],[83.1825,30.4875],[83.2275,30.4425],[83.2275,30.1725],[83.2725,30.1275],[83.2725,29.8575],[83.2275,29.8125],[83.3175,29.7225],[83.3175,29.4975],[83.4075,29.4525],[83.4525,29.3625],[83.9475,29.3625],[84.0825,29.2275],[84.3075,29.2275],[84.3975,29.1375],[84.4425,29.1825],[84.7125,29.1825],[84.8025,29.0475],[84.8475,29.0925],[84.9825,29.0925],[85.0275,29.1375],[85.0275,29.3175],[85.0725,29.3625],[85.2975,29.3625],[85.8375,29.7225],[85.8375,29.8125],[85.8825,29.8575],[85.8375,29.9025],[85.8375,30.1725],[85.8825,30.2175],[85.8375,30.2625],[85.8375,30.5775],[85.9725,30.6675]]],[[[88.3125,31.0275],[88.2225,31.0725],[88.1775,31.0275],[88.0425,31.0275],[87.9975,30.9825],[87.7725,30.9375],[87.6375,30.7575],[87.5475,30.7575],[87.5475,30.6675],[87.5025,30.6225],[87.4125,30.6225],[87.2325,30.4875],[87.0075,30.4875],[87.0075,30.3075],[87.0525,30.2625],[87.0975,30.0375],[87.2325,29.9475],[87.4575,29.9475],[87.5925,29.8125],[87.7275,29.9025],[87.8175,29.9025],[87.8175,29.9925],[87.8625,30.0375],[88.1325,30.0825],[88.2225,30.2175],[88.2225,30.3975],[88.2675,30.4425],[88.2675,30.6225],[88.3125,30.6675],[88.2675,30.7125],[88.2675,30.9825],[88.3125,31.0275]]],[[[89.5275,36.2025],[89.5275,36.0225],[89.6175,35.9325],[89.6175,35.0775],[89.5275,34.9425],[89.5725,34.8975],[89.5725,34.7625],[89.6625,34.6275],[89.7525,34.5825],[90.0225,34.5825],[90.0675,34.5375],[90.1575,34.7625],[90.5175,34.7625],[90.6075,34.8525],[90.9675,34.8525],[91.0575,34.7625],[91.5075,34.7625],[91.5975,34.6275],[91.5975,34.4475],[91.7325,34.3125],[91.8675,34.2675],[91.9575,34.1775],[92.0475,34.2675],[92.0475,34.4925],[92.0925,34.5375],[92.0475,34.6275],[91.9125,34.7175],[91.9125,34.8075],[91.8675,34.8525],[91.5525,34.8525],[91.5075,34.8975],[91.5075,34.9875],[91.4625,35.0325],[91.3725,35.0325],[91.2825,35.1675],[91.1475,35.1675],[90.9675,35.4375],[90.8775,35.4825],[90.7425,35.6625],[90.5175,35.6625],[90.4275,35.7525],[90.4275,35.8425],[90.3825,35.8875],[90.2475,35.8875],[90.0675,35.9775],[89.8875,36.2475],[89.5725,36.2475],[89.5275,36.2025]]],[[[88.5825,36.2475],[88.4925,36.1575],[88.4925,36.0225],[88.6275,35.9325],[88.6725,35.7525],[88.7625,35.7075],[88.8075,35.6175],[88.9425,35.6175],[89.1225,35.4375],[89.2575,35.6175],[89.1675,35.7525],[89.1675,35.9775],[89.1225,35.9775],[88.9875,36.1575],[88.7625,36.1575],[88.5825,36.2475]]],[[[94.5225,38.0475],[94.3425,38.1825],[94.2525,38.1375],[93.8925,38.1375],[93.8475,38.1825],[93.6675,38.1825],[93.5325,38.2725],[93.5325,38.3625],[93.3525,38.3625],[93.3075,38.4075],[93.3075,38.4975],[93.2175,38.4525],[92.9025,38.4525],[92.8125,38.5425],[92.6775,38.4075],[92.2725,38.4075],[92.2275,38.4525],[91.9125,38.4975],[91.8225,38.5875],[91.7325,38.5875],[91.6875,38.6775],[91.5525,38.6775],[91.5075,38.7225],[91.3725,38.6775],[91.2825,38.5875],[91.0125,38.5875],[90.9675,38.6325],[90.9675,38.7225],[90.7425,38.7225],[90.6525,38.5425],[90.0225,38.5425],[89.8875,38.6325],[89.7975,38.4975],[89.6175,38.4075],[89.5275,38.2725],[89.0775,38.2725],[88.9875,38.4525],[88.8075,38.4975],[88.6725,38.6325],[88.6275,38.7675],[88.4475,38.8125],[88.3575,38.9025],[88.3575,39.1275],[88.2225,39.2625],[88.2225,39.4875],[88.0875,39.6225],[87.9975,39.8025],[87.9975,40.2975],[88.0425,40.3425],[88.0425,40.6125],[88.0875,40.6575],[88.2675,40.6575],[88.2675,40.7475],[87.9525,40.8375],[87.6375,41.0175],[87.4125,41.0625],[87.1425,41.1975],[86.8725,41.4675],[86.5125,41.6475],[86.1525,41.7375],[85.9725,41.9175],[85.9275,41.9175],[85.7025,42.1875],[85.4775,42.2325],[85.1625,42.4125],[85.1175,42.3675],[84.8475,42.3675],[84.4875,42.1425],[84.1725,42.1425],[84.1275,42.0975],[83.7225,42.1425],[83.4075,41.9625],[83.2725,41.9625],[83.0475,41.8275],[83.0925,41.1525],[82.9575,41.0625],[82.7775,41.0625],[82.6875,41.0175],[82.6875,40.6125],[82.7775,40.4775],[83.1825,40.1175],[83.6775,39.8925],[83.8125,39.7575],[84.0375,39.3525],[84.1725,39.2175],[84.2625,38.9925],[84.3525,38.9025],[84.6675,38.7675],[84.7575,38.6775],[84.8025,38.2275],[85.1625,37.8225],[85.2075,37.7325],[85.2075,37.4625],[84.8925,37.1925],[84.7575,37.2375],[84.6675,37.4175],[84.5775,37.4625],[84.3075,37.3275],[84.2175,37.3275],[84.1275,37.3725],[83.8125,37.7325],[83.5875,37.8225],[83.3175,37.6875],[82.8675,37.1475],[82.8675,37.0125],[82.6875,36.7875],[82.6875,36.5175],[82.9125,36.4275],[83.0025,36.3375],[83.0475,36.1575],[83.1825,36.0225],[83.2275,35.8875],[83.4075,35.7075],[83.4975,35.5275],[83.4975,35.2575],[83.4525,35.2125],[83.4525,35.1225],[83.2725,34.8975],[83.0925,34.8075],[82.9125,34.8525],[82.5975,35.0775],[82.5075,35.0325],[82.3275,34.8075],[82.2825,34.6725],[82.1925,34.6275],[82.1475,34.4925],[82.0575,34.4025],[81.7875,34.3125],[81.6975,34.1325],[81.5625,33.9975],[81.3375,33.9075],[81.2475,33.7275],[81.0225,33.5475],[80.9325,33.0975],[80.6175,32.7825],[80.4825,32.7375],[80.4375,32.6475],[80.2125,32.4675],[79.7625,32.4675],[79.5825,32.3775],[79.2675,31.9725],[79.2675,31.8375],[79.3575,31.7925],[79.3575,31.6575],[79.4025,31.6125],[79.5375,31.6125],[79.5825,31.5675],[79.5825,31.4775],[79.6725,31.4325],[79.6725,31.2525],[79.7625,31.1625],[79.7625,30.8925],[79.7175,30.8475],[79.4025,30.8475],[79.3125,30.8925],[79.3125,30.8025],[79.2225,30.7125],[79.2225,30.5325],[79.3575,30.4425],[79.3575,30.3525],[79.4025,30.3075],[79.5825,30.3075],[79.6725,30.2175],[79.6725,29.8125],[79.5825,29.7225],[79.5825,29.6325],[79.6725,29.5875],[79.6725,29.4975],[79.7175,29.4525],[79.8975,29.4525],[80.0775,29.2275],[80.1225,29.0925],[80.2575,29.0925],[80.3925,28.9125],[80.4825,28.9125],[80.6175,28.7775],[80.7975,28.7775],[81.0225,28.5975],[81.0675,28.4625],[81.3375,28.4625],[81.4725,28.3725],[81.5175,28.2825],[81.6075,28.2825],[81.7425,28.0125],[81.8775,27.9225],[82.0125,27.9225],[82.0575,27.8775],[82.1475,27.8775],[82.2375,27.7875],[82.3275,27.7875],[82.5075,28.0575],[82.6425,28.0575],[82.7325,28.1925],[82.7325,28.5525],[82.4175,28.7775],[82.3275,28.7325],[81.9225,28.7325],[81.8775,28.8225],[81.6975,28.9575],[81.6975,29.0475],[81.6075,29.1825],[81.5175,29.2275],[81.5175,29.4525],[81.4275,29.6775],[81.4275,30.0375],[81.4725,30.0825],[81.9225,30.1275],[82.1475,30.4425],[82.0125,30.5325],[82.0125,30.6675],[81.8775,30.8025],[81.8325,31.0275],[81.6975,31.1175],[81.6075,31.1175],[81.6075,31.0725],[81.2925,30.8025],[81.0225,30.8025],[80.9775,30.8475],[80.9775,31.1175],[81.1575,31.3875],[81.3825,31.3875],[81.3825,31.4775],[81.5625,31.5675],[81.5625,31.7925],[81.6975,31.8825],[81.6975,32.0175],[81.7875,32.1075],[81.7875,32.4225],[81.8325,32.4675],[81.8325,32.6475],[81.9225,32.7825],[81.9675,33.0975],[82.0575,33.1425],[82.1475,33.2775],[82.4625,33.2775],[82.5525,33.1875],[82.5525,32.9175],[82.6875,32.8275],[82.7325,32.6475],[83.2725,32.6025],[83.3625,32.4675],[83.6325,32.4225],[83.6775,32.3775],[83.9025,32.3775],[84.0375,32.2425],[84.1275,32.2425],[84.1725,32.2875],[84.4425,32.2875],[84.5325,32.4225],[84.7125,32.5575],[84.7125,32.6475],[84.9375,32.8275],[85.0275,33.0075],[85.0725,33.4575],[85.1175,33.5025],[85.4325,33.5025],[85.4775,33.4575],[85.4775,33.3675],[85.7025,33.0975],[85.8375,33.0975],[85.9725,33.1875],[86.2425,33.1875],[86.2875,33.1425],[86.2875,32.9625],[86.3325,32.9625],[86.4225,32.8275],[86.5575,32.8275],[86.6475,32.8725],[86.6475,32.9625],[86.9175,33.1875],[86.8725,33.2775],[86.8725,33.5475],[87.0525,33.7275],[87.2325,33.8175],[87.2325,33.9075],[87.3675,34.0425],[87.3675,34.1325],[87.4575,34.2675],[87.7275,34.2675],[87.7725,34.2225],[87.7725,34.0875],[87.9525,33.9075],[88.0875,33.9075],[88.1325,33.8625],[88.2675,33.9975],[88.4475,33.9975],[88.5825,34.1775],[88.5825,34.2675],[88.6275,34.3125],[88.7625,34.3125],[88.7625,34.4475],[88.8975,34.6275],[88.7625,34.7175],[88.7625,34.8525],[88.6275,34.9425],[88.6275,35.0775],[88.5825,35.1225],[88.4025,35.1225],[88.2225,35.3925],[88.1325,35.3925],[87.9525,35.4825],[87.9525,35.6625],[87.7275,35.9325],[87.7275,36.3375],[87.9075,36.4725],[87.9075,36.6075],[87.8175,36.6975],[87.8175,36.7875],[87.5475,37.0125],[87.5475,37.1475],[87.4125,37.2375],[87.4125,37.5075],[87.4575,37.5525],[87.7275,37.5525],[87.8625,37.4625],[87.9525,37.4625],[87.9975,37.4175],[87.9975,37.2825],[88.1325,37.1925],[88.2225,37.1925],[88.4475,36.9225],[88.6275,37.0575],[88.7175,37.0575],[88.8525,37.1475],[88.8525,37.2375],[88.9425,37.3275],[89.1225,37.3275],[89.1675,37.3725],[89.1675,37.5075],[89.3475,37.6425],[89.4825,37.6425],[89.7075,37.7325],[90.0225,37.7325],[90.0675,37.6875],[90.3825,37.6425],[90.4725,37.5525],[90.4725,37.1475],[90.2925,37.0125],[90.2925,36.6975],[90.3825,36.6525],[90.5625,36.4275],[90.6525,36.4275],[90.7875,36.2475],[90.8775,36.2925],[91.1925,36.2925],[91.2375,36.2475],[91.3725,36.2475],[91.4175,36.2025],[91.5075,36.2025],[91.5525,36.1575],[91.5525,36.0675],[91.7325,35.9775],[91.7775,36.0675],[91.9575,36.2025],[91.9575,36.2925],[92.1375,36.4725],[92.1375,36.5175],[92.2275,36.6075],[92.3175,36.6075],[92.4975,36.7425],[92.5875,36.8775],[92.8575,36.8775],[92.9475,36.7425],[93.0825,36.8775],[93.2175,36.8775],[93.2175,36.9675],[93.3075,37.0575],[93.4425,37.0575],[93.5325,37.1475],[93.5775,37.3275],[93.6225,37.3725],[93.7125,37.3725],[93.8025,37.5525],[93.9375,37.5975],[94.0725,37.7325],[94.1625,37.7325],[94.3875,37.9575],[94.4775,37.9575],[94.5225,38.0475]]]]}},{"type":"Feature","id":"Tabaristan","properties":{"id":"Tabaristan","tracedAreaKm2":44096},"geometry":{"type":"MultiPolygon","coordinates":[[[[126.2475,28.3725],[126.2475,28.2375],[126.3825,28.1475],[126.3825,27.9675],[126.2475,27.8775],[126.2475,27.3375],[126.3825,27.2475],[126.3825,27.0225],[126.4275,26.9325],[126.5625,26.8425],[126.7875,26.8425],[126.8325,26.8875],[126.9225,26.8875],[126.9675,26.8425],[127.9575,26.8425],[128.0475,26.7975],[128.0925,26.7075],[128.4525,26.7075],[128.6325,26.9775],[128.4525,27.1575],[128.4525,27.4275],[128.4975,27.4725],[128.9025,27.4725],[128.9475,27.4275],[129.0375,27.4275],[129.1275,27.5175],[129.1275,27.5625],[128.9025,27.7875],[128.9025,28.0125],[128.8575,28.1025],[128.5425,28.3725],[128.3175,28.4625],[128.1825,28.4625],[128.1375,28.5075],[128.0925,28.4625],[127.6875,28.4625],[127.1925,28.6425],[127.0575,28.6425],[126.9675,28.6875],[126.9225,28.7775],[126.7875,28.7775],[126.7875,28.7325],[126.6525,28.6425],[126.4725,28.6425],[126.3825,28.5975],[126.3825,28.4625],[126.2475,28.3725]],[[127.2375,28.1025],[127.3725,28.2375],[127.6875,28.2375],[127.8675,27.9675],[127.8675,27.6975],[127.8225,27.6525],[127.5975,27.6525],[127.5525,27.6075],[127.2375,27.6075],[127.1925,27.6525],[127.2375,28.1025]]]]}},{"type":"Feature","id":"Tamurin","properties":{"id":"Tamurin","tracedAreaKm2":581978},"geometry":{"type":"MultiPolygon","coordinates":[[[[131.9625,21.0825],[132.0525,20.9925],[132.1425,20.9925],[132.1875,20.9475],[132.1875,20.8125],[132.2325,20.7675],[132.5475,20.7675],[132.6825,20.8575],[132.8625,20.8575],[132.9525,20.9925],[132.9525,21.0825],[133.0425,21.1725],[132.9975,21.2625],[132.3675,21.2625],[132.2775,21.1725],[132.0525,21.1725],[131.9625,21.0825]]],[[[140.6025,28.6875],[140.5575,28.6425],[140.5575,28.5525],[140.3775,28.4175],[140.3775,28.1475],[140.5125,28.0575],[140.5125,27.9225],[140.6025,27.8325],[140.7375,27.8325],[140.8275,27.7425],[140.9625,28.1025],[141.1425,28.1925],[141.0075,28.3275],[140.8275,28.3725],[140.7825,28.4175],[140.7825,28.5525],[140.6025,28.6875]]],[[[140.2425,33.8175],[140.0625,33.9525],[139.8825,33.9525],[139.8375,33.9075],[139.8375,33.7275],[139.7475,33.6375],[139.7025,33.2775],[139.4325,33.0525],[139.3425,33.0525],[139.2975,32.9625],[139.2075,32.9175],[139.2075,32.7825],[139.1625,32.7375],[139.0725,32.7375],[138.9825,32.6475],[138.9825,32.4225],[138.8475,32.3325],[138.8475,32.1525],[138.7125,32.0625],[138.8025,31.9725],[138.8025,31.4775],[138.8475,31.4325],[138.8475,30.9375],[138.8025,30.8925],[138.5325,30.8925],[138.3075,31.1625],[138.3075,31.3875],[138.2175,31.4775],[138.2175,31.6575],[138.0825,31.6125],[138.0375,31.5225],[137.7675,31.4325],[137.5875,31.0725],[137.4975,31.0275],[137.4975,30.9825],[136.9575,30.4425],[136.5975,30.2175],[136.3725,30.2175],[136.3275,30.1725],[135.3375,30.1725],[135.0225,30.3075],[134.5275,30.3075],[133.9425,29.9475],[133.4925,29.9475],[133.4925,29.8575],[133.4025,29.7675],[133.4025,29.5425],[133.1775,29.2725],[133.2225,29.2275],[133.2225,28.9575],[133.1325,28.8675],[132.6825,28.8675],[132.5025,28.6425],[132.5025,28.4625],[132.4575,28.4175],[132.5025,28.3725],[132.5925,28.3725],[132.6825,28.2825],[132.6825,28.1475],[132.7725,27.9225],[132.9975,27.8775],[133.0875,27.7425],[133.1775,27.7875],[133.5375,27.7875],[133.5825,27.7425],[133.5825,27.6525],[133.7625,27.5625],[133.7625,27.2025],[133.6725,27.1125],[133.5375,27.1125],[133.4925,26.9775],[133.3575,26.8425],[133.2675,26.8425],[133.2225,26.7975],[132.9975,26.7975],[132.9975,26.7075],[132.9525,26.6625],[132.5925,26.6625],[132.4125,26.7975],[132.4125,26.9775],[132.3675,27.0225],[132.3675,27.2025],[132.3225,27.2475],[132.1875,27.2925],[132.0975,27.3825],[131.7825,27.3825],[131.6475,27.5625],[131.4675,27.6075],[131.3775,27.7425],[131.2875,27.6525],[131.1975,27.6525],[131.1525,27.6075],[131.1525,27.4725],[131.1075,27.4275],[131.0175,27.4275],[130.9725,27.3825],[130.9725,27.2925],[130.7925,27.1125],[130.6575,27.0225],[130.3875,27.0225],[130.3875,26.8875],[130.2075,26.7525],[130.2075,26.6175],[130.0725,26.5275],[129.9375,26.3475],[129.8475,26.3475],[129.7575,26.2125],[129.5325,26.1675],[129.4875,25.9425],[129.2625,25.7625],[129.2175,25.5825],[129.0375,25.4925],[129.0825,25.4475],[129.0825,25.0875],[129.0375,25.0425],[129.0375,24.5025],[128.9925,24.4575],[128.9925,24.2325],[128.8575,24.0975],[128.8125,23.7375],[128.6775,23.6475],[128.7225,23.5575],[128.8575,23.4675],[128.8575,23.2875],[129.1275,23.1075],[129.1725,22.9275],[129.3075,22.8375],[129.3525,22.8825],[129.6675,22.8825],[129.8025,22.7475],[129.8925,22.7475],[129.9375,22.7025],[130.0275,22.8825],[130.1175,22.8825],[130.2975,23.0175],[130.6125,23.0175],[130.6575,22.9725],[130.7925,22.9725],[130.9275,23.1075],[131.1525,23.1525],[131.1525,23.2425],[131.2875,23.3775],[131.4675,23.4225],[131.5575,23.6475],[131.7375,23.8275],[131.8275,23.8275],[131.9625,23.9175],[132.0525,24.0975],[132.4125,24.0975],[132.5925,23.9175],[132.5925,23.6475],[132.6375,23.6025],[132.6375,23.3325],[132.5925,23.2875],[132.6825,23.1075],[132.8625,23.0175],[132.8625,22.9275],[132.9075,22.8825],[133.0425,22.8825],[133.1775,22.7925],[133.4475,22.7925],[133.5825,22.7025],[133.5825,22.5675],[133.6275,22.5225],[133.8525,22.5225],[134.0325,22.4325],[134.2125,22.4325],[134.3475,22.6125],[134.4375,22.6125],[134.6625,22.7475],[134.7525,22.7475],[134.7975,22.7925],[134.7975,22.8825],[134.9325,23.0175],[135.0225,23.0175],[135.0225,23.1075],[135.1125,23.2875],[135.3825,23.4225],[135.4275,23.6475],[135.5175,23.7825],[135.7425,23.8725],[135.7425,24.0975],[136.1025,24.3675],[136.1025,24.5025],[136.1925,24.5925],[136.1925,24.6825],[136.2825,24.8175],[136.3725,24.8625],[136.3725,25.1325],[136.3275,25.2225],[136.0575,25.4475],[135.9225,25.7175],[135.6975,25.8075],[135.6975,26.0775],[135.7425,26.1225],[136.0125,26.1225],[136.0575,26.0775],[136.1475,26.2125],[136.4625,26.2125],[136.5075,26.1675],[136.5975,26.2575],[136.8675,26.2575],[137.0475,26.4825],[137.2275,26.5725],[137.3175,26.5725],[137.4075,26.6625],[137.4525,26.8425],[137.5425,26.9775],[137.5425,27.1575],[137.5875,27.2025],[137.6775,27.2025],[137.6775,27.2925],[137.5875,27.3825],[137.5875,27.4725],[137.4525,27.6075],[137.4525,28.0125],[137.4975,28.0575],[137.4525,28.1025],[137.4525,28.4625],[137.5875,28.5975],[137.5875,28.6875],[137.6775,28.7325],[137.8125,28.9125],[138.1275,28.9125],[138.2625,29.0025],[138.3075,29.0925],[138.4875,29.2275],[138.4875,29.3175],[138.5325,29.3625],[138.6225,29.3625],[138.7125,29.4525],[138.8025,29.6775],[139.2525,29.6775],[139.3425,29.5875],[139.6125,29.5875],[139.6575,29.4975],[139.8375,29.4975],[139.9725,29.5875],[140.0625,29.7225],[140.0625,29.8125],[140.1075,29.8575],[140.1975,29.8575],[140.1975,29.9925],[140.4225,30.2625],[140.4225,30.3525],[140.5575,30.4425],[140.6925,30.7125],[140.7825,30.7575],[140.9625,30.9825],[141.0975,30.9825],[141.1425,31.0275],[141.1425,31.1625],[141.3675,31.3875],[141.3675,31.4775],[141.4575,31.5675],[141.4575,31.9725],[141.4125,32.0625],[141.3225,32.0625],[141.2775,32.1525],[141.0975,32.1975],[140.9175,32.4675],[140.8275,32.4675],[140.6025,32.6475],[140.6025,32.7825],[140.4225,32.9175],[140.3775,33.2325],[140.2425,33.3675],[140.2425,33.8175]],[[132.6825,26.3025],[132.7275,26.3475],[132.9975,26.3475],[133.0425,26.3025],[133.0425,26.0325],[132.9975,25.9875],[132.7275,25.9875],[132.6825,26.0325],[132.6825,26.3025]],[[134.5275,29.5425],[134.7975,29.5425],[134.8425,29.4975],[134.8425,29.1825],[134.7525,29.0475],[134.7525,28.9575],[134.6625,28.8675],[134.3025,28.8675],[134.2575,28.9125],[134.2575,29.2275],[134.3025,29.2725],[134.3025,29.3625],[134.3475,29.4075],[134.4375,29.4075],[134.5275,29.5425]]]]}},{"type":"Feature","id":"Variota","properties":{"id":"Variota","tracedAreaKm2":207207},"geometry":{"type":"MultiPolygon","coordinates":[[[[-46.1025,37.4625],[-46.1925,37.4175],[-46.5075,37.4175],[-46.5525,37.3275],[-46.8675,37.3275],[-46.8675,37.2375],[-46.7775,37.1475],[-46.7325,36.9675],[-46.5975,36.7875],[-46.5975,36.6525],[-46.7325,36.5175],[-46.9575,36.4275],[-47.2725,36.0675],[-47.4975,35.9775],[-47.6325,35.7975],[-47.8575,35.6175],[-47.8125,35.1225],[-47.9025,34.9875],[-47.9025,34.8975],[-47.8125,34.8075],[-47.8125,34.7175],[-47.7225,34.5825],[-47.7225,34.2675],[-47.8125,34.0875],[-47.9925,33.9075],[-48.1275,33.8625],[-48.2625,33.7275],[-48.4425,33.6375],[-48.8025,33.5925],[-49.1625,33.4125],[-49.7475,32.8725],[-49.7475,32.7825],[-49.8375,32.7375],[-49.8375,32.2875],[-49.7925,32.2875],[-49.6125,32.0625],[-49.4325,31.9725],[-49.3425,31.9725],[-49.2075,31.8825],[-48.8025,31.7925],[-48.7125,31.7475],[-48.5775,31.5675],[-48.3525,31.5225],[-47.9475,31.2975],[-47.7225,31.3425],[-47.7225,31.5675],[-47.5875,31.6575],[-47.4525,31.6575],[-47.2725,31.5675],[-47.2275,31.6125],[-46.9125,31.6125],[-46.6875,31.7475],[-46.3275,31.7475],[-46.0125,31.4775],[-45.6075,31.4775],[-45.1575,31.2525],[-45.0675,31.2975],[-45.0675,31.3875],[-44.9325,31.4775],[-44.6175,31.4775],[-44.4825,31.5675],[-44.4825,32.1525],[-44.3925,32.2875],[-44.3925,32.4225],[-44.3475,32.4675],[-44.4825,32.6475],[-44.4825,32.7375],[-44.5725,32.8275],[-44.5725,33.0075],[-44.7075,33.0975],[-44.7075,33.2325],[-44.9325,33.4125],[-44.9325,33.6825],[-44.8425,33.7725],[-44.5725,33.8175],[-44.5275,33.9975],[-44.4375,34.1325],[-44.4375,34.4025],[-44.2575,34.6725],[-44.3925,34.8075],[-44.3925,35.0775],[-44.5725,35.2125],[-44.5725,35.3025],[-44.7975,35.4825],[-44.8425,35.6625],[-44.9325,35.6625],[-45.1125,35.7525],[-45.1125,36.0225],[-45.2025,36.1125],[-45.2475,36.4275],[-45.3825,36.5625],[-45.3825,36.6525],[-45.4275,36.6975],[-45.5175,36.6975],[-45.6975,36.9225],[-45.6975,37.1475],[-45.7875,37.2375],[-45.9225,37.2375],[-46.1025,37.4625]]]]}},{"type":"Feature","id":"Vasqqa","properties":{"id":"Vasqqa","tracedAreaKm2":96331},"geometry":{"type":"MultiPolygon","coordinates":[[[[-82.9575,56.0475],[-83.0925,56.0925],[-83.4525,56.4075],[-83.9925,56.6775],[-83.9925,56.9475],[-83.7225,57.2625],[-83.6775,57.5775],[-83.7675,57.5775],[-83.8575,57.6675],[-84.1275,57.6675],[-84.1725,57.7575],[-84.2625,57.7575],[-84.3075,57.8025],[-84.3075,57.9825],[-84.3525,58.0275],[-84.7575,58.0275],[-84.8025,57.9825],[-84.8025,57.8925],[-85.1175,57.6675],[-85.3425,57.6675],[-85.3425,57.5775],[-85.3875,57.5325],[-85.6575,57.5325],[-85.7025,57.5775],[-85.7475,57.5325],[-85.8825,57.5325],[-86.0625,57.3525],[-86.1075,57.3525],[-86.1075,57.1275],[-86.1975,57.0375],[-86.1975,56.7225],[-86.2425,56.6775],[-86.2425,56.5425],[-86.2875,56.4975],[-86.2875,56.4075],[-86.3775,56.3175],[-86.9625,56.3175],[-87.0525,56.4075],[-87.4575,56.4075],[-87.5025,56.4525],[-87.6825,56.2725],[-87.9525,56.2725],[-88.0425,56.1825],[-88.7175,56.1825],[-88.8525,56.2725],[-88.9425,56.2725],[-89.0325,56.0925],[-88.8975,55.9125],[-88.8975,55.6425],[-88.8075,55.5075],[-88.8075,55.1025],[-88.4475,54.9225],[-88.2675,54.6525],[-87.7725,54.4275],[-87.7275,54.3825],[-87.7275,54.2475],[-87.5925,54.1125],[-87.1875,54.1125],[-87.0975,54.0675],[-87.0075,53.9325],[-86.6925,53.8875],[-86.5575,53.7525],[-86.3775,53.8425],[-86.1075,53.8425],[-86.0625,53.7975],[-86.0175,53.8425],[-85.3875,53.8425],[-85.1175,54.2025],[-85.1175,54.4725],[-84.8025,54.7875],[-84.5775,54.8325],[-84.4875,55.0125],[-84.2175,55.0125],[-84.1275,55.1025],[-83.9925,55.1025],[-83.9025,55.3275],[-83.8125,55.3725],[-83.8125,55.4625],[-83.6775,55.5975],[-83.5875,55.5975],[-83.4525,55.7775],[-83.3175,55.8225],[-83.1375,56.0475],[-82.9575,56.0475]]]]}},{"type":"Feature","id":"Volsci","properties":{"id":"Volsci","tracedAreaKm2":2553746},"geometry":{"type":"MultiPolygon","coordinates":[[[[129.3525,70.0875],[129.2175,70.1325],[129.1275,70.2225],[129.1275,70.3125],[128.9025,70.4925],[128.7225,70.5375],[128.6325,70.6275],[128.4075,70.6275],[128.2725,70.7175],[128.2275,70.6725],[128.1375,70.6725],[128.0025,70.5375],[128.0025,70.4475],[127.9575,70.4025],[127.3725,70.4475],[127.2825,70.3125],[127.1925,70.2675],[126.9675,70.2675],[126.9225,70.2225],[126.9225,69.9525],[127.1475,69.6825],[127.2825,69.9525],[127.4625,70.0425],[128.0025,70.0425],[128.0925,69.9075],[128.2275,69.9075],[128.3625,69.7275],[128.7225,69.7275],[128.7675,69.6825],[128.8125,69.7275],[128.9475,69.7275],[128.9475,69.8175],[129.0375,69.9075],[129.1275,69.9075],[129.3525,70.0875]]],[[[113.1525,72.8775],[113.0625,72.8775],[113.0175,72.9225],[112.8375,72.7875],[112.7025,72.6075],[112.6125,72.6075],[112.4325,72.5175],[112.5225,72.3825],[112.5225,72.2475],[112.5675,72.2475],[112.7925,72.5175],[112.9275,72.5175],[113.1075,72.6525],[113.1975,72.7875],[113.1525,72.8775]]],[[[126.5625,73.5975],[126.3825,73.7325],[126.2025,73.7325],[126.1125,73.8225],[126.0225,73.7325],[125.7525,73.7325],[125.6625,73.6425],[125.5725,73.6425],[125.3025,73.4175],[125.3025,73.2375],[125.2575,73.1925],[125.4375,73.0575],[126.0675,73.0575],[126.0675,73.1475],[126.1575,73.2375],[126.4275,73.2375],[126.4725,73.2825],[126.4725,73.4175],[126.5625,73.5075],[126.5625,73.5975]]],[[[135.7875,56.9025],[135.3375,57.0825],[135.2025,57.2625],[135.0675,57.3525],[135.0675,57.5775],[134.8425,57.8025],[134.7525,57.8025],[134.7075,57.8475],[134.7075,57.9825],[134.5725,58.1625],[134.4825,58.1625],[134.3925,58.2525],[134.3925,58.4775],[134.2125,58.5675],[134.1675,58.7925],[134.0775,58.7925],[133.9875,58.9275],[133.8525,58.9725],[133.8075,59.0175],[133.8075,59.1975],[133.7625,59.2425],[133.6275,59.2425],[133.5375,59.3775],[133.4925,59.3775],[133.4025,59.5125],[133.2675,59.6025],[133.2225,60.1875],[133.0875,60.2325],[132.9975,60.3225],[132.7725,60.3225],[132.6825,60.4125],[132.5025,60.4125],[132.3675,60.5925],[132.3675,60.6825],[132.3225,60.7275],[132.1875,60.7275],[131.9625,60.8625],[131.8725,60.8625],[131.7825,60.9525],[131.6925,60.9525],[131.6025,60.8625],[131.2425,60.8625],[130.9725,61.1775],[130.8825,61.1775],[130.7475,61.2675],[130.4775,61.2675],[130.3875,61.3575],[130.2525,61.3575],[130.2075,61.4025],[129.9825,61.4025],[129.8025,61.3125],[129.3525,61.3125],[129.3075,61.2675],[128.8125,61.3125],[128.4975,61.5825],[128.4075,61.5825],[128.3625,61.6725],[128.2725,61.7175],[128.0925,61.7175],[128.0475,61.8075],[127.8675,61.9425],[127.6875,61.9425],[127.5975,62.0325],[127.5975,62.1675],[127.4175,62.2575],[127.4175,62.3925],[127.3725,62.4375],[127.1025,62.4375],[126.9675,62.6625],[126.5175,62.7075],[126.4275,62.7975],[126.3375,62.7975],[126.2025,62.9775],[125.8875,62.9775],[125.7975,63.0675],[125.6625,63.3375],[125.2575,63.3375],[125.0775,63.2475],[124.9425,63.2475],[124.8525,63.1575],[124.7625,63.1575],[124.5825,63.0225],[124.4475,63.0225],[124.0875,62.6175],[123.8175,62.6175],[123.6825,62.7075],[123.5925,62.7075],[123.4125,62.8425],[123.3675,63.2925],[123.4125,63.3375],[123.4125,63.5625],[123.5475,63.6525],[123.5475,63.8775],[123.7275,64.1025],[123.9075,64.1025],[123.9525,64.1475],[123.9525,64.2375],[124.1775,64.5075],[124.3125,64.5075],[124.3575,64.5975],[124.3575,64.7775],[124.4025,64.8225],[124.4925,64.8225],[124.6725,65.0025],[124.8075,65.0025],[124.8075,65.1375],[124.9425,65.2725],[125.0325,65.2725],[125.2125,65.3625],[125.2125,65.5875],[125.3025,65.6775],[125.3025,65.7675],[125.2575,65.8125],[125.2575,66.1275],[125.3025,66.1725],[125.3025,66.2625],[125.3925,66.3525],[125.4825,66.3525],[125.5725,66.4875],[125.5725,66.5775],[125.2575,66.6225],[125.1225,66.8025],[125.0325,66.8475],[125.0325,67.2075],[125.0775,67.2525],[125.6625,67.2525],[125.8425,67.1175],[125.8425,66.8475],[125.9775,66.8475],[126.0225,66.8025],[126.0225,66.6225],[126.0675,66.5775],[126.0675,65.8125],[126.2025,65.7225],[126.2025,65.5875],[126.2475,65.5425],[126.2475,65.0025],[125.9325,64.6425],[125.7975,64.6425],[125.7975,64.5075],[125.6625,64.4175],[125.6625,64.2825],[125.7075,64.2375],[126.4725,64.2375],[126.5175,64.2825],[126.6075,64.2825],[126.6975,64.3725],[127.1475,64.3725],[127.1925,64.3275],[127.4175,64.3275],[127.5525,64.2375],[127.8675,64.5075],[128.0025,64.5075],[128.0925,64.5975],[128.0025,64.6875],[128.0025,64.9575],[128.0475,65.0025],[128.0475,65.2275],[128.1375,65.3175],[128.1825,65.8575],[128.3175,65.9475],[128.3175,66.1275],[128.4525,66.2175],[128.4525,66.3975],[128.6325,66.5775],[128.6325,66.6675],[128.6775,66.7125],[128.6325,66.7575],[128.6325,66.9375],[128.4525,67.1175],[128.2725,67.2075],[128.0025,67.2075],[127.8675,67.3425],[127.4625,67.3425],[127.3725,67.4775],[127.1025,67.4775],[127.0125,67.6575],[127.0125,67.8375],[126.9675,67.8825],[126.8325,67.8825],[126.6525,68.0625],[126.5625,68.0625],[126.5175,68.1525],[126.4275,68.1525],[126.2475,67.9725],[125.7075,67.9725],[125.4375,67.7475],[125.0325,67.7475],[124.8525,67.9725],[124.7175,67.9725],[124.6725,68.0175],[124.6725,68.2425],[124.6275,68.2875],[124.4925,68.2875],[124.4025,68.3775],[124.4025,68.4675],[124.3125,68.4675],[124.2225,68.5575],[124.2225,68.6475],[123.9975,68.8275],[123.9975,68.9625],[123.9075,68.9625],[123.8175,69.0525],[123.8175,69.2325],[123.6825,69.3225],[123.6825,69.8175],[123.8175,69.9975],[123.9075,69.9975],[124.0425,70.0875],[124.0425,70.1775],[124.0875,70.2225],[124.3125,70.2225],[124.4025,70.3125],[124.5825,70.3575],[124.6275,70.4475],[125.1225,70.4475],[125.1675,70.4025],[125.2125,70.4475],[125.3025,70.4475],[125.3475,70.4925],[125.3475,70.6275],[125.3025,70.6725],[125.3025,70.7625],[125.1225,70.8975],[125.0775,70.8525],[124.8975,70.8525],[124.8075,70.7625],[124.4925,70.7625],[124.4025,70.8075],[124.3575,70.7625],[124.3575,70.6725],[124.2225,70.5825],[124.0875,70.4025],[123.4125,70.4025],[123.2325,70.2675],[123.0525,70.2675],[122.9625,70.1325],[122.4675,70.1775],[122.3775,70.2675],[122.3775,70.5825],[122.1075,70.7625],[122.1075,71.0325],[122.0175,71.0775],[122.0175,71.2125],[121.8825,71.3025],[121.7025,71.3025],[121.6125,71.3925],[121.6125,71.6175],[121.3875,71.6625],[121.3425,71.7075],[121.3425,72.4275],[121.5225,72.6525],[121.7025,72.6975],[121.7925,72.7875],[122.0625,72.7875],[122.1075,72.7425],[122.3775,72.7425],[122.4225,72.6975],[122.5575,72.8325],[122.7375,72.8325],[122.8275,72.9675],[122.9175,72.9675],[122.9625,73.0125],[122.9175,73.2375],[122.7825,73.2825],[122.6925,73.3725],[122.6925,73.4625],[122.5125,73.5525],[121.8825,73.5075],[121.7475,73.4175],[121.1175,73.3725],[121.0725,73.3275],[120.8025,73.3275],[120.6675,73.4175],[120.4875,73.4175],[120.4425,73.4625],[120.4425,73.8225],[120.5775,73.9575],[120.5775,74.2275],[120.6675,74.3175],[120.8925,74.3175],[121.0275,74.4975],[121.0275,74.5875],[121.2975,74.7675],[121.2975,74.9925],[121.3425,75.0375],[121.3425,75.1275],[120.8025,75.1275],[120.6675,75.2625],[120.2625,75.3075],[120.1725,75.3975],[120.1725,75.5325],[120.0375,75.7125],[119.9475,75.7575],[119.8575,75.7575],[119.7225,75.5775],[119.6325,75.5775],[119.5425,75.4425],[119.3625,75.3975],[119.2275,75.2625],[119.2275,75.1275],[119.1825,75.0825],[119.1825,74.8575],[119.2275,74.8125],[119.2275,74.3625],[119.0475,74.1825],[119.0475,73.9575],[118.7325,73.7325],[118.7325,73.6425],[118.6425,73.5975],[118.4625,73.3725],[118.4175,73.3725],[118.4175,73.2825],[118.2825,73.1925],[118.2825,73.1025],[118.2375,73.0575],[117.9675,73.0575],[117.9225,73.0125],[117.6075,73.0125],[117.5625,73.0575],[117.5175,73.0125],[116.8425,73.0125],[116.7525,73.1025],[116.6625,73.0125],[116.4375,73.0125],[116.3475,72.9225],[115.9425,72.9225],[115.8075,72.7425],[115.5825,72.7425],[115.5375,72.6975],[115.3575,72.6975],[115.3125,72.6525],[114.9075,72.6525],[114.6375,72.4275],[114.5475,72.4275],[114.4125,72.3375],[114.3675,72.2475],[114.1425,72.2475],[114.0975,72.2025],[114.0975,72.0675],[113.8725,71.8425],[113.7825,71.8425],[113.7375,71.7525],[113.5575,71.7525],[113.4225,71.4825],[113.4225,71.3925],[113.2875,71.3025],[113.1975,71.3025],[113.0625,71.1225],[112.9275,71.0325],[112.4325,70.9875],[112.2525,70.8525],[112.1625,70.6725],[111.9375,70.6725],[111.8025,70.4475],[111.6675,70.4475],[111.3975,70.2225],[111.3975,70.0875],[111.3525,70.0425],[111.1725,70.0425],[110.9025,69.8625],[110.9025,69.7275],[110.8575,69.6825],[110.7675,69.6825],[110.7225,69.5925],[110.6325,69.5925],[110.6325,69.5475],[110.5425,69.5025],[110.4075,69.3225],[110.2275,69.2775],[110.1825,69.1875],[109.5525,69.1425],[109.4175,69.2325],[109.2825,69.0975],[108.4275,69.0975],[108.2925,69.2775],[108.1575,69.2775],[108.1125,69.2325],[107.8875,69.2775],[107.7525,69.1875],[107.6175,69.1875],[107.5725,69.1425],[106.8975,69.1425],[106.6725,69.0075],[106.1775,69.0075],[106.1325,69.0525],[105.9075,68.9175],[105.5025,68.9175],[105.0525,68.6475],[105.0525,68.5575],[104.9625,68.5125],[104.9175,68.4225],[104.6925,68.2875],[104.6475,68.3325],[104.5125,68.2425],[104.5125,67.9725],[104.4675,67.9275],[104.2425,67.8825],[104.1525,67.7925],[103.7925,67.6125],[103.7925,67.4775],[103.7025,67.3425],[103.7475,67.2975],[103.8825,67.2975],[103.9725,67.3875],[104.2875,67.3875],[104.3325,67.3425],[104.3775,67.3875],[104.7375,67.3875],[104.7825,67.3425],[105.1425,67.3425],[105.1875,67.2975],[105.2775,67.2975],[105.2775,67.3425],[105.4125,67.4325],[105.4575,67.5225],[105.5925,67.5225],[105.7275,67.6125],[105.9525,67.6125],[106.0875,67.7025],[106.4475,67.7025],[106.4925,67.6125],[106.5825,67.5675],[106.5825,67.2525],[106.4925,67.0725],[105.8625,67.0725],[105.7725,67.1175],[105.4575,66.8475],[105.5475,66.7125],[105.6375,66.7125],[105.7725,66.6225],[105.7725,66.3525],[105.6825,66.1725],[105.4575,66.1275],[105.2775,65.9925],[105.2325,65.6775],[105.1875,65.6325],[104.8725,65.6325],[104.6925,65.8575],[104.6925,66.2175],[104.6025,66.3525],[104.6025,66.5775],[104.5575,66.6225],[104.4225,66.6225],[104.3775,66.7125],[104.1975,66.8475],[103.9725,66.7575],[103.9725,66.5775],[103.9275,66.5325],[103.4775,66.5325],[103.2525,66.7125],[103.1625,66.6675],[102.7125,66.6675],[102.6225,66.7125],[102.5325,66.5775],[102.3975,66.5775],[102.2625,66.4425],[102.0825,66.3975],[102.0375,66.3075],[102.0375,65.9925],[101.9475,65.9025],[101.6775,65.9025],[101.6325,65.8575],[101.6325,65.7675],[101.4525,65.6325],[101.4525,65.5425],[101.4075,65.4975],[101.4525,65.4525],[101.5875,65.4525],[101.6775,65.6325],[101.9925,65.6325],[102.0375,65.5425],[102.2175,65.4075],[102.3975,65.4075],[102.4875,65.2725],[102.7575,65.2725],[102.8025,65.3175],[103.3875,65.3175],[103.4775,65.1825],[103.5675,65.1375],[103.5675,64.8675],[103.4775,64.7775],[102.5325,64.7325],[102.3975,64.8675],[102.3075,64.7775],[102.1275,64.7325],[102.0825,64.6875],[102.1275,64.6425],[102.1275,64.3725],[102.3075,64.1025],[102.3975,64.1025],[102.4425,64.0575],[102.4875,63.8775],[103.0275,63.8325],[103.0725,63.7875],[103.0725,63.5175],[103.1175,63.4725],[103.6125,63.4725],[103.6575,63.4275],[103.6575,63.1575],[103.6125,63.1125],[103.6125,63.0225],[103.7925,62.9775],[103.8375,62.9325],[103.8375,62.8425],[104.0175,62.6625],[104.1975,62.6625],[104.2425,62.6175],[104.2425,62.4375],[104.3325,62.3475],[104.4675,62.4375],[105.0525,62.4375],[105.2775,62.0325],[105.3675,62.0325],[105.5475,61.8975],[105.6375,61.8975],[105.7275,61.7625],[105.7275,61.6725],[105.8625,61.6725],[105.9975,61.5375],[106.3125,61.4475],[106.3575,61.3575],[106.4925,61.3575],[106.5375,61.3125],[106.7625,61.3575],[106.8975,61.4925],[106.8975,61.6275],[107.1675,61.8525],[107.3025,61.8525],[107.3025,61.8975],[107.5275,62.1225],[107.7525,62.1225],[107.8425,62.3025],[108.0225,62.3025],[108.0675,62.3475],[108.2025,62.2575],[108.2025,61.8075],[108.0675,61.7175],[108.0675,61.4025],[107.9775,61.3125],[107.9775,61.2225],[108.1125,61.0875],[108.1125,60.9975],[108.2475,60.9975],[108.3375,60.8625],[108.4725,60.7725],[108.6075,60.7725],[108.6525,60.7275],[108.7875,60.7275],[108.8775,60.8175],[108.9675,60.8175],[108.9675,60.9075],[109.0125,60.9525],[109.2825,60.9525],[109.3725,60.8175],[109.3725,60.3225],[109.3275,60.2775],[109.3725,60.1875],[109.3725,59.8275],[109.2825,59.6925],[108.5625,59.7375],[108.6075,59.5575],[108.7425,59.4675],[108.7425,59.1075],[108.6975,59.0625],[108.8775,58.7925],[109.1025,58.7925],[109.1475,58.7475],[109.2375,58.3425],[109.0575,58.2075],[108.7875,58.2075],[108.6975,58.4325],[108.4725,58.4325],[108.3825,58.5225],[108.2475,58.5225],[108.1575,58.4325],[107.9325,58.4325],[107.6175,58.2075],[107.6175,58.0725],[107.5275,57.9825],[107.5275,57.8925],[107.3925,57.8025],[107.3925,57.7125],[107.4825,57.6225],[107.4825,57.3525],[107.3025,57.1275],[107.2575,56.9025],[107.2125,56.8575],[106.7625,56.8575],[106.6725,56.9925],[106.4925,57.0825],[106.4475,57.5775],[106.3125,57.7125],[106.3125,58.1175],[106.2225,58.2075],[106.1775,58.4775],[106.0875,58.5675],[106.0875,58.7925],[105.9525,58.8375],[105.8625,58.9275],[105.8625,59.1075],[105.8175,59.1525],[105.6825,59.1525],[105.4575,59.3325],[105.4125,59.5575],[105.3225,59.6925],[105.2325,59.6925],[105.1425,59.7825],[105.1425,59.8725],[105.0525,59.9625],[104.9625,59.9625],[104.8725,60.0525],[104.7825,60.0525],[104.6475,60.2325],[104.5125,60.0975],[104.2875,60.0975],[104.1525,60.0075],[103.4325,59.9625],[103.3425,60.1875],[103.2525,60.2775],[103.2525,60.3675],[103.0275,60.3675],[102.9825,60.4125],[102.9375,60.3225],[102.8475,60.2775],[102.8475,59.9625],[102.8925,59.9175],[102.8925,59.7825],[103.1175,59.4675],[103.2975,59.4675],[103.3875,59.3325],[103.4775,59.3325],[103.5675,59.2425],[103.6575,59.2425],[103.7025,59.1975],[103.7025,59.0625],[104.0625,58.7475],[104.0625,58.6575],[104.1075,58.6125],[104.2425,58.6125],[104.3325,58.5225],[104.4225,58.5225],[104.4675,58.4775],[104.6925,58.4775],[104.7375,58.4325],[104.7375,58.0725],[104.6475,57.9825],[104.5125,57.9825],[104.3775,57.8925],[104.2875,57.8925],[104.1075,57.8025],[104.0175,57.7125],[104.0175,57.5325],[103.9275,57.4425],[103.8375,57.4425],[103.9275,57.2625],[103.9275,56.9025],[103.8825,56.8575],[103.9275,56.8125],[104.0175,56.8125],[104.0625,56.7225],[104.2425,56.5875],[104.2425,56.4975],[104.3775,56.3175],[104.6475,56.0925],[104.6475,55.9575],[104.7375,55.8675],[104.7375,55.7325],[104.9625,55.5525],[104.9625,55.4175],[105.0975,55.3275],[105.0525,54.6975],[105.1875,54.6075],[105.2775,54.4725],[105.2775,54.1575],[105.2325,54.1125],[104.7375,54.1125],[104.5575,54.2475],[104.5125,54.3825],[104.4225,54.4275],[104.2425,54.3825],[104.2425,54.2475],[104.4225,53.9775],[104.4225,53.7075],[104.3775,53.6625],[104.1975,53.6625],[104.1075,53.6175],[103.9275,53.3475],[103.9275,53.2125],[104.0175,53.1675],[104.0175,52.7625],[103.9725,52.7175],[103.9725,52.4925],[103.8825,52.4475],[103.8825,52.4025],[103.9275,52.3575],[104.0175,52.3575],[104.0625,52.2675],[104.2425,52.2675],[104.2875,52.2225],[104.3325,51.8625],[104.4225,51.8175],[104.5125,51.6825],[104.7375,51.7275],[104.7825,51.7725],[104.7825,51.9525],[104.8275,51.9975],[105.0975,51.9975],[105.1425,51.9525],[105.1425,51.6375],[105.2325,51.5475],[105.2325,51.3225],[105.3675,51.1875],[105.3225,50.5575],[105.2775,50.5125],[105.0525,50.5125],[104.9175,50.3775],[104.9175,50.2875],[104.6925,49.9725],[104.7375,49.9275],[104.7375,49.7025],[104.7825,49.6575],[104.9175,49.6575],[105.1425,49.5675],[105.2325,49.6575],[105.6825,49.6575],[105.7275,49.6125],[105.6825,48.8925],[105.7275,48.8475],[105.8175,48.8475],[105.9075,48.7575],[105.9075,48.6675],[105.9975,48.6225],[106.0425,48.5325],[106.3575,48.7575],[106.4475,48.7575],[106.5825,48.6675],[106.8975,48.8925],[107.0325,48.9375],[107.5275,49.3875],[107.4825,49.7025],[107.4375,49.7925],[107.3475,49.8375],[107.3925,50.5125],[107.4375,50.5575],[107.4375,50.6475],[107.6175,50.8275],[107.8425,50.9175],[107.8425,51.0075],[108.0225,51.3225],[108.0225,51.5025],[108.2025,51.7725],[108.3825,51.8625],[108.5625,51.8625],[108.7425,51.9525],[109.1925,51.9525],[109.3725,52.0425],[109.4625,52.1775],[109.5975,52.2675],[109.7325,52.1775],[109.9125,52.2675],[109.9125,52.5375],[110.2275,52.7175],[110.3625,52.6725],[110.5425,52.5375],[110.8575,52.5375],[111.0825,52.4025],[111.2175,52.4025],[111.4875,52.5375],[111.8475,52.8075],[112.2525,52.8075],[112.3425,52.8525],[112.4325,52.9875],[112.6575,53.1675],[113.0625,53.1675],[113.4225,52.9875],[113.7375,52.9875],[114.2325,53.3475],[114.7275,53.3475],[114.7725,53.3025],[114.9975,53.2575],[115.1325,53.1225],[115.2225,52.9425],[115.4025,52.8525],[115.4025,52.4025],[115.1775,52.2225],[115.0875,51.9975],[114.9525,51.8175],[114.9525,51.5475],[115.0425,51.4575],[115.3125,51.3225],[115.4025,51.3225],[115.6275,51.1875],[115.8525,50.6025],[116.0325,50.5125],[116.1675,50.5125],[116.3925,50.4225],[116.8425,50.6025],[116.9775,50.6025],[117.2925,50.4675],[117.5175,50.2425],[117.6975,50.1525],[117.8775,50.1525],[117.9225,50.1975],[118.1025,50.1975],[118.7325,50.5125],[118.8675,50.5125],[119.0925,50.6025],[119.3175,50.6025],[119.6775,50.7375],[119.7675,50.8275],[119.9925,50.9175],[120.0375,51.0525],[120.1275,51.1425],[120.4425,51.3225],[120.6225,51.3675],[120.8025,51.5025],[120.8025,51.6375],[120.9375,51.8175],[120.9375,51.9525],[121.0725,52.2675],[121.1625,52.8975],[121.2975,52.9875],[121.4325,52.9875],[121.7925,53.1225],[122.0175,53.5275],[122.0175,53.8425],[122.8275,54.2475],[123.1425,54.9675],[123.4125,55.1925],[123.4125,55.3275],[123.4575,55.3725],[123.4575,55.6875],[123.5925,56.0025],[123.9975,56.2275],[123.9975,56.4975],[124.2675,56.6775],[124.3125,56.8575],[124.4025,56.9925],[124.4025,57.2175],[124.5825,57.3975],[124.8075,57.5325],[124.8975,57.6675],[124.9425,57.8475],[125.0775,57.9825],[125.4825,58.2075],[125.4825,58.4325],[125.6175,58.6125],[125.7075,58.8375],[126.0675,59.0625],[126.2025,59.0625],[126.2475,59.0175],[126.3825,59.0175],[126.6075,58.9275],[127.1025,59.1525],[127.4625,59.1525],[128.0925,58.8375],[128.4075,59.0625],[128.6775,58.9275],[128.9025,58.7475],[129.0375,58.7025],[129.0825,58.6575],[129.0825,58.5225],[129.2175,58.4775],[129.3075,58.3425],[129.3975,58.2975],[129.4875,58.3425],[129.7575,58.3425],[129.9375,58.2525],[130.0725,57.9375],[130.1625,57.9375],[130.2075,57.8925],[130.2075,57.6225],[130.3425,57.3075],[130.4775,57.2175],[130.8375,57.1275],[130.8825,57.1725],[131.1525,57.2175],[131.2875,57.3075],[131.3775,57.3075],[131.6025,57.4425],[131.7825,57.4425],[132.1425,57.3075],[132.3675,57.0375],[132.3675,56.9475],[132.5475,56.6325],[132.5475,56.5425],[132.6375,56.3625],[132.6375,56.1375],[132.5925,56.0925],[132.5925,56.0025],[132.2325,55.2825],[132.2325,55.1025],[132.2775,55.0125],[132.5925,54.7425],[132.5925,54.5175],[132.4575,54.2925],[132.4575,54.1125],[132.6375,53.7975],[132.6375,53.7075],[132.7275,53.5275],[132.9975,53.1675],[133.0425,52.9875],[133.8525,52.4925],[134.0775,52.5825],[134.2575,52.8075],[134.2575,52.8975],[134.1675,52.9875],[133.9875,52.9875],[133.8975,53.0775],[133.8975,53.3475],[133.9425,53.3925],[133.9425,53.4825],[134.0325,53.5725],[134.2575,53.6625],[134.3475,53.8875],[134.3475,54.0225],[134.4825,54.2025],[134.4825,54.4725],[134.3475,54.6075],[134.2575,54.6075],[134.2125,54.6525],[134.2125,55.1925],[134.3025,55.2825],[134.3025,55.4625],[134.4375,55.5975],[134.4375,55.6875],[134.4825,55.7325],[134.7525,55.7775],[134.8425,55.8675],[134.8425,56.0475],[134.9325,56.1375],[135.0225,56.1375],[135.0675,56.1825],[135.0675,56.3175],[135.1125,56.3625],[135.2925,56.3625],[135.6075,56.7225],[135.7425,56.7225],[135.7875,56.7675],[135.7875,56.9025]],[[119.8575,64.5075],[119.9025,64.5525],[120.2625,64.5525],[120.3075,64.5075],[120.3075,64.3275],[120.6225,64.3275],[120.6675,64.2825],[120.6675,64.0125],[120.4425,63.7875],[120.1725,63.7875],[120.0825,63.8325],[119.8575,64.1025],[119.8575,64.5075]]]]}},{"type":"Feature","id":"West-Anglia","properties":{"id":"West-Anglia","tracedAreaKm2":375204},"geometry":{"type":"MultiPolygon","coordinates":[[[[-14.3775,35.9325],[-14.3775,35.7075],[-14.4675,35.6175],[-14.4675,35.5275],[-14.3775,35.4825],[-14.3775,35.3925],[-14.2425,35.2575],[-14.0625,35.1675],[-14.0625,34.9875],[-14.1525,34.8975],[-14.1525,34.6275],[-14.0175,34.4475],[-14.0175,34.3125],[-14.2875,34.1325],[-14.2875,33.9975],[-14.0625,33.8175],[-14.0625,33.6375],[-14.0175,33.5475],[-13.6125,33.0975],[-13.6125,33.0525],[-13.2525,32.8725],[-13.1175,32.7375],[-12.6675,32.6475],[-12.3975,32.5125],[-12.1725,32.3325],[-11.9025,32.4675],[-11.7225,32.4675],[-11.2725,32.6925],[-10.8225,32.6925],[-10.7775,32.6475],[-10.5525,32.6475],[-10.4175,32.5575],[-10.3275,32.5575],[-10.1475,32.4675],[-10.0125,32.3325],[-9.9675,32.1075],[-9.6075,31.7025],[-9.6075,31.4325],[-9.5625,31.3425],[-9.4275,31.2525],[-9.3825,31.1625],[-9.3825,30.9375],[-9.2925,30.8475],[-9.3375,30.5775],[-8.8875,30.6225],[-8.8425,30.5775],[-8.8425,30.3525],[-8.7525,30.2625],[-8.6625,30.2625],[-8.6175,30.2175],[-8.5725,29.7675],[-8.5275,29.6775],[-8.4375,29.6325],[-8.4375,29.3625],[-8.3925,29.3175],[-8.1225,29.3175],[-8.0325,29.1825],[-7.9425,29.3175],[-7.6275,29.3175],[-7.5825,29.2725],[-7.4925,29.2725],[-7.4475,29.2275],[-7.4475,28.9575],[-7.3125,28.8225],[-7.2675,28.8675],[-7.1325,28.8675],[-6.9975,29.0475],[-6.9075,29.0475],[-6.8175,29.1825],[-6.6825,29.1825],[-6.5025,29.4075],[-6.1875,29.4075],[-6.0525,29.5875],[-5.8275,29.5875],[-5.8275,29.6325],[-5.6025,29.8575],[-5.6025,30.1275],[-5.5125,30.2175],[-5.6475,30.3075],[-5.6475,30.7125],[-5.6025,30.7575],[-5.6025,30.8475],[-5.5125,30.8925],[-5.4225,31.0275],[-5.4675,31.0725],[-5.4675,31.4775],[-5.3775,31.5675],[-5.3775,31.7025],[-5.1975,31.9275],[-4.9275,31.9275],[-4.8375,31.8825],[-4.6125,32.0625],[-4.4775,32.1075],[-4.3425,32.2875],[-4.1175,32.3325],[-4.0275,32.4225],[-3.8925,32.4225],[-3.8475,32.4675],[-3.9375,32.6025],[-3.9375,33.0975],[-3.8475,33.1875],[-3.8475,33.3675],[-3.7575,33.4575],[-3.7575,33.5475],[-3.9375,33.7275],[-3.9825,33.8625],[-4.1175,33.9525],[-4.2975,34.2225],[-4.5225,34.2225],[-4.6575,34.3575],[-4.6575,34.5375],[-4.8375,34.5375],[-4.9725,34.6725],[-5.1075,34.7175],[-5.1975,34.8525],[-5.2875,34.7625],[-5.3775,34.7625],[-5.4225,34.7175],[-5.8725,34.7175],[-5.9175,34.7625],[-6.0075,34.6725],[-6.0075,34.5825],[-6.0525,34.5375],[-6.6375,34.5375],[-6.6375,34.4475],[-6.5475,34.2675],[-6.5475,33.8175],[-6.4575,33.7275],[-6.4575,33.6375],[-6.5925,33.5025],[-6.5925,33.3225],[-6.7725,33.1875],[-6.9075,33.1875],[-6.9525,33.1425],[-7.0875,33.1425],[-7.3125,33.0525],[-7.5375,33.0525],[-7.7175,33.1425],[-7.8525,33.2775],[-7.9875,33.5025],[-7.9875,33.5925],[-8.2575,33.9075],[-8.2575,34.0425],[-8.3475,34.1775],[-8.3475,34.2675],[-8.6175,34.2675],[-8.7075,34.0425],[-8.9325,33.9525],[-9.7875,33.9525],[-9.8325,33.9975],[-9.8325,34.3575],[-9.8775,34.4025],[-9.8775,34.4925],[-10.1475,34.7175],[-10.1475,34.8525],[-10.2375,34.9425],[-10.3275,34.8525],[-10.4625,34.8525],[-10.5075,34.8075],[-10.9575,34.8075],[-11.2275,35.0775],[-11.4525,35.1675],[-11.5425,35.3025],[-11.9925,35.3475],[-12.0375,35.4375],[-12.1725,35.3925],[-12.1725,35.3025],[-12.2175,35.2575],[-12.4875,35.2575],[-12.5325,35.3025],[-12.5325,35.5725],[-12.4425,35.6175],[-12.4425,35.6625],[-12.6675,35.9325],[-12.8025,35.9325],[-12.8925,36.0225],[-13.0725,36.0225],[-13.1175,36.0675],[-13.5675,36.0225],[-13.6125,36.0675],[-13.6125,36.2025],[-13.7475,36.2025],[-13.7925,36.2475],[-14.0175,36.2475],[-14.2875,35.9325],[-14.3775,35.9325]]],[[[30.8025,44.0325],[30.7125,43.9425],[30.7125,43.7175],[30.6225,43.5825],[30.8025,43.4475],[30.9375,43.2675],[31.0275,43.2675],[31.1625,43.3575],[31.1625,43.6725],[31.2525,43.7625],[31.3425,43.7625],[31.3875,43.8075],[31.2525,43.9425],[30.8475,43.9875],[30.8025,44.0325]]],[[[50.3775,61.4025],[50.1075,61.4025],[50.0625,61.4475],[49.5675,61.5375],[49.4325,61.6275],[49.2975,61.6275],[49.1625,61.5375],[48.9825,61.5375],[48.9375,61.4925],[48.4425,61.4475],[48.3075,61.3575],[48.1275,61.3125],[48.0375,61.1325],[47.9025,61.1325],[47.7225,60.9525],[47.6775,60.9525],[47.6775,60.6375],[47.9025,60.5025],[47.9925,60.1425],[48.0825,60.0525],[48.2175,60.0075],[48.2625,59.9625],[48.2625,59.8725],[48.4425,59.8725],[48.5775,59.9625],[48.7125,60.1875],[49.0725,60.1875],[49.1175,60.2325],[49.2075,60.2325],[49.2975,60.3675],[49.6575,60.4575],[49.7475,60.6375],[49.9725,60.6825],[50.1075,60.8175],[50.1075,61.0875],[50.3325,61.1775],[50.3775,61.4025]]]]}},{"type":"Feature","id":"Yien","properties":{"id":"Yien","tracedAreaKm2":394902},"geometry":{"type":"MultiPolygon","coordinates":[[[[95.1075,2.8575],[95.0175,2.6775],[94.8375,2.5425],[94.8375,2.3625],[94.9725,2.2725],[95.0175,2.0475],[95.1525,2.0025],[95.2425,1.9125],[95.2425,1.7775],[95.1525,1.6875],[95.1525,1.4625],[95.2875,1.1925],[95.2875,1.0575],[95.1525,0.8775],[95.1525,0.7875],[95.2425,0.6525],[95.2425,0.5175],[95.3325,0.4275],[95.2875,0.0225],[95.2425,-0.0225],[95.2425,-0.2925],[95.2875,-0.3375],[95.3325,-0.9225],[95.3775,-1.0125],[95.6025,-1.0575],[95.6475,-1.1025],[95.6475,-1.2375],[95.6925,-1.2825],[95.7825,-1.2825],[95.8725,-1.3725],[95.9175,-1.3275],[96.5025,-1.3275],[96.5925,-1.4175],[96.7725,-1.4625],[96.8175,-1.5525],[96.9975,-1.5075],[96.9975,-1.3725],[97.1775,-1.1925],[97.2675,-1.1925],[97.3125,-1.1475],[97.6725,-1.1475],[97.7625,-1.3275],[97.7625,-1.5975],[97.7175,-1.6425],[97.7625,-1.7325],[97.7625,-2.0025],[97.7175,-2.0475],[97.7625,-2.0925],[97.7625,-2.4525],[97.6725,-2.5425],[97.5825,-2.8125],[97.4925,-2.8575],[97.5375,-3.1725],[97.5825,-3.2175],[97.7625,-3.2175],[97.8975,-3.3525],[97.8975,-3.4875],[97.9425,-3.5325],[98.0775,-3.5325],[98.1675,-3.6225],[98.1675,-3.7125],[98.2125,-3.7575],[98.5725,-3.8025],[98.7075,-3.9375],[99.1575,-3.8475],[99.2025,-3.7575],[99.3375,-3.6675],[99.3375,-3.4875],[99.5175,-3.3525],[99.5175,-3.1725],[99.6975,-3.0375],[99.6975,-2.8125],[99.8325,-2.7225],[99.8325,-2.5425],[99.9225,-2.4975],[100.0125,-2.3625],[100.1475,-2.3175],[100.3275,-2.1825],[100.3725,-2.0025],[100.4175,-1.9575],[100.5075,-1.9575],[100.5975,-1.8675],[100.6425,-1.6875],[100.7325,-1.5975],[100.8675,-1.5975],[100.9125,-1.5525],[100.9575,-1.3725],[101.0475,-1.2825],[101.1375,-1.2825],[101.2725,-1.1475],[101.2725,-1.0575],[101.3175,-1.0125],[101.5875,-1.0125],[101.8125,-1.1025],[101.8125,-1.0125],[102.0375,-0.8775],[102.2625,-0.8775],[102.4425,-0.6525],[102.5325,-0.6525],[102.5775,-0.6075],[102.5775,-0.4275],[102.7125,-0.3375],[102.8025,-0.3375],[102.8925,-0.2025],[102.8925,-0.1125],[102.9825,-0.0225],[103.1175,-0.0225],[103.1625,0.1125],[103.2525,0.2025],[103.2075,0.2925],[103.2075,0.8325],[103.2525,0.9225],[103.2075,0.9675],[103.0725,0.9675],[102.9825,1.1025],[102.7125,1.1025],[102.6225,1.1475],[102.5775,1.0575],[102.3975,1.0125],[102.3075,0.8775],[102.1275,0.8775],[101.9475,0.7425],[101.6775,0.7425],[101.6325,0.7875],[101.4075,0.8325],[101.3175,0.9675],[101.3175,1.1475],[101.2275,1.1925],[101.2275,1.5525],[101.2725,1.5975],[101.0925,1.6875],[101.0925,1.9575],[101.0475,2.0025],[100.9575,2.0025],[100.8675,2.0925],[100.8675,2.2275],[100.8225,2.2725],[100.7325,2.2725],[100.6425,2.3625],[100.5525,2.3625],[100.4625,2.4525],[100.4625,2.5425],[100.4175,2.5875],[100.1475,2.5875],[99.9675,2.7225],[99.9225,2.6775],[99.6075,2.6775],[99.5175,2.5875],[99.4275,2.5875],[99.3375,2.4525],[99.2475,2.4525],[99.0675,2.2275],[99.0675,2.0925],[99.0225,2.0475],[98.8875,2.0475],[98.7525,1.9125],[98.5725,1.9125],[98.5275,1.8675],[98.1675,1.8675],[97.9425,2.0475],[97.9425,2.3625],[98.0775,2.4975],[98.0775,2.6325],[97.3575,2.2725],[97.0875,2.2725],[96.9525,2.3625],[96.9525,2.5425],[96.9075,2.5425],[96.7275,2.7675],[96.5025,2.8575],[96.4575,2.9025],[96.4575,3.0375],[96.2775,3.1275],[96.2325,3.2175],[96.1875,3.1275],[96.0525,3.0825],[95.9175,2.9475],[95.6925,2.8575],[95.3325,2.8575],[95.2875,2.9025],[95.1075,2.8575]],[[99.6975,0.0675],[100.0575,0.0675],[100.1025,0.0225],[100.1025,-0.4275],[100.0575,-0.4725],[99.7425,-0.4725],[99.6525,-0.3375],[99.6525,0.0225],[99.6975,0.0675]]]]}},{"type":"Feature","id":"Yuropa","properties":{"id":"Yuropa","tracedAreaKm2":581432},"geometry":{"type":"MultiPolygon","coordinates":[[[[80.7525,23.5575],[80.7075,23.5125],[80.4375,23.5125],[80.3475,23.4225],[80.2125,23.4225],[80.0325,23.2425],[79.9425,23.2425],[79.8975,23.1975],[79.8975,23.0175],[79.8075,22.9275],[79.8075,22.6575],[79.7625,22.6125],[79.4025,22.6125],[79.3575,22.6575],[79.1775,22.5675],[79.1775,22.4775],[79.1325,22.4325],[78.9075,22.4325],[78.8175,22.3425],[78.8175,22.0275],[78.7275,21.9375],[78.8175,21.8475],[78.8175,21.5775],[78.5925,21.4875],[78.5925,21.3525],[78.2325,21.0375],[77.8275,20.9925],[77.6925,20.8125],[77.4675,20.6775],[77.5575,20.5875],[77.8275,20.5425],[77.8725,20.4975],[77.8725,20.2725],[77.9625,20.1375],[78.0525,20.1375],[78.0975,20.0925],[78.0975,20.0025],[78.2325,19.9125],[78.2325,19.2375],[78.1875,19.1925],[78.0975,19.1925],[78.0075,19.0575],[77.7825,19.0125],[77.7375,18.9675],[77.7375,18.8775],[77.6475,18.7875],[77.5575,18.7875],[77.5125,18.7425],[77.5125,18.6075],[77.4675,18.5625],[77.5125,18.5175],[77.5125,18.3375],[77.6025,18.2475],[77.6025,17.9775],[77.7375,17.8875],[77.7375,17.5275],[77.4675,17.3475],[77.4675,17.1675],[77.5575,17.0775],[77.5575,16.8075],[77.5125,16.7625],[77.5125,16.4025],[77.3775,16.3125],[77.3775,16.1325],[77.5575,16.0425],[77.5575,15.8175],[77.8275,15.6375],[77.8725,15.6825],[78.2775,15.6825],[78.4125,15.5925],[78.5025,15.6375],[78.8175,15.6375],[79.2225,15.4125],[79.4475,15.1425],[79.5375,15.0975],[79.8975,15.0975],[79.9875,15.0525],[80.1675,14.8275],[80.3925,14.6925],[80.6175,14.7825],[81.0225,15.1425],[81.2475,15.1425],[81.6075,15.3225],[81.7875,15.3225],[81.9675,15.4125],[82.1025,15.4125],[82.4625,15.5925],[82.5525,15.5475],[82.7325,15.5475],[82.9125,15.4575],[83.0475,15.3225],[83.1825,15.2775],[83.3175,15.3675],[83.5425,15.3675],[83.5875,15.4125],[83.6775,15.4125],[84.1725,15.6825],[84.6675,15.7725],[84.7575,15.8175],[84.7575,16.0425],[84.8025,16.0875],[84.9375,16.1325],[85.1175,16.2675],[85.2975,16.2675],[85.5675,16.4025],[85.5675,16.6275],[85.7025,16.7175],[85.4325,16.8525],[85.4325,17.1675],[85.2525,17.3025],[85.0275,17.3475],[84.8475,17.5725],[84.8475,17.7975],[84.9375,17.8425],[84.9375,18.3825],[84.9825,18.4275],[84.9825,18.5625],[84.8925,18.7425],[84.6225,18.9675],[84.4875,18.8775],[84.3525,18.8775],[84.1725,19.0125],[84.1725,19.2375],[84.2625,19.3725],[84.2625,19.5075],[84.1275,19.7325],[84.1275,20.1825],[84.3525,20.3175],[84.3525,20.4975],[84.4875,20.7225],[84.6675,20.8125],[84.7575,20.9475],[84.7125,21.2625],[84.5775,21.3525],[84.3525,21.3975],[84.2175,21.6675],[83.9475,21.6675],[83.8125,21.8475],[83.7225,21.8475],[83.6775,21.8925],[83.6775,21.9825],[83.6325,22.0275],[83.1825,22.0275],[82.9575,22.2075],[82.9125,22.3875],[82.8225,22.4775],[82.5525,22.4775],[82.4175,22.5675],[82.2375,22.5675],[82.1925,22.6575],[82.1025,22.7025],[81.8775,22.7025],[81.7875,22.7475],[81.6525,22.8825],[81.6525,23.0175],[81.6075,23.0625],[81.3375,23.1075],[81.1575,23.2425],[80.9775,23.2425],[80.8875,23.3325],[80.8875,23.4675],[80.7525,23.5575]]]]}},{"type":"Feature","id":"Zekistan","properties":{"id":"Zekistan","tracedAreaKm2":129042},"geometry":{"type":"MultiPolygon","coordinates":[[[[130.6125,36.3375],[130.4775,36.3375],[130.3875,36.4275],[130.2975,36.4275],[130.2525,36.4725],[130.0275,36.4725],[129.9825,36.5175],[129.8025,36.3825],[129.6225,36.4725],[129.5775,36.4275],[129.4875,36.4275],[129.3075,36.5175],[128.9475,36.2025],[128.8125,36.1575],[128.7225,35.9775],[128.3175,35.6625],[128.2275,35.4375],[128.0475,35.3925],[127.5075,35.0775],[127.4625,35.1225],[127.1025,35.1225],[126.8325,35.3475],[126.8325,35.4825],[127.0125,35.7075],[127.0125,35.8425],[127.0575,35.8875],[127.0575,35.9775],[126.9225,36.1125],[126.6975,36.1575],[126.4275,35.9775],[126.2025,35.7525],[126.1575,35.6175],[126.0675,35.5275],[126.1125,35.2575],[125.7075,34.9875],[125.7975,34.9425],[125.9325,34.7625],[126.1125,34.6275],[126.2475,34.5825],[126.3375,34.4475],[126.5175,34.3575],[126.5175,33.9975],[126.8325,33.5925],[127.0125,33.5475],[127.1475,33.4575],[127.2375,33.4575],[127.4175,33.5475],[127.5975,33.4125],[127.5975,33.2775],[127.3725,33.0975],[127.2825,32.9175],[127.1025,32.7375],[127.1025,32.5575],[127.1475,32.5125],[127.1475,32.4225],[127.2375,32.3325],[127.2375,32.2425],[127.0125,32.1075],[127.0125,31.9725],[127.1025,31.9275],[127.1025,31.8375],[127.1925,31.7925],[127.4625,31.7925],[127.5975,31.7025],[127.6875,31.7025],[128.0925,31.9725],[128.4525,31.9725],[128.5425,32.0175],[128.6775,32.1525],[128.7675,32.3775],[129.0375,32.5125],[129.1725,32.6475],[129.3975,33.0525],[129.3975,33.1425],[129.7125,33.3225],[129.7575,33.4125],[129.7575,33.7725],[129.8925,33.9075],[130.0725,33.9975],[130.1175,34.0875],[130.1175,34.3575],[130.2075,34.4475],[130.1625,34.7175],[130.0725,34.8975],[130.0725,35.2125],[130.2975,35.4825],[130.2975,35.8875],[130.3875,36.0675],[130.6575,36.2475],[130.6125,36.3375]]]]}},{"type":"Feature","id":"Zuydland","properties":{"id":"Zuydland","tracedAreaKm2":256073},"geometry":{"type":"MultiPolygon","coordinates":[[[[-85.2525,-29.6775],[-85.3425,-29.6775],[-85.5225,-29.7675],[-85.5225,-29.9475],[-85.2525,-29.9025],[-85.2525,-29.6775]]],[[[-87.4575,-25.3575],[-87.5475,-25.5825],[-87.5475,-25.7175],[-87.5925,-25.7625],[-87.4125,-26.0325],[-87.2775,-26.1225],[-87.0975,-26.1225],[-87.0075,-26.2125],[-86.9175,-26.2125],[-86.8725,-26.2575],[-86.9175,-26.8875],[-86.7825,-27.0225],[-86.7825,-27.1575],[-86.7375,-27.1575],[-86.5575,-27.3375],[-86.5575,-27.4275],[-86.2875,-27.4725],[-86.2425,-27.5625],[-86.1525,-27.6075],[-86.1075,-28.2825],[-86.0175,-28.3725],[-85.9275,-28.3725],[-85.8375,-28.4625],[-85.7925,-28.5975],[-85.7475,-28.6425],[-85.6575,-28.6425],[-85.4775,-28.9125],[-85.2975,-28.9575],[-85.1625,-29.0925],[-85.1175,-29.6325],[-84.9375,-29.6325],[-84.7575,-29.7675],[-84.5775,-29.9925],[-84.3525,-29.9925],[-84.2625,-30.1725],[-83.7225,-30.1725],[-83.5425,-30.3075],[-83.5425,-30.3975],[-83.4075,-30.5325],[-83.2275,-30.5325],[-83.0925,-30.6225],[-83.0925,-30.7575],[-83.0025,-30.7575],[-82.8675,-30.8925],[-82.7775,-30.8925],[-82.7325,-30.9375],[-82.7325,-31.0275],[-82.3275,-31.0725],[-82.2825,-31.1625],[-82.1475,-31.2525],[-82.1475,-31.3425],[-82.1025,-31.3875],[-81.6975,-31.3875],[-81.6075,-31.3425],[-81.5175,-31.2075],[-81.2925,-31.1625],[-81.2925,-31.0725],[-81.1125,-30.9375],[-81.1125,-30.6675],[-81.1575,-30.6225],[-81.1575,-30.3525],[-81.1125,-30.3075],[-81.3375,-30.0825],[-81.3825,-29.9475],[-81.4725,-29.8575],[-81.6975,-29.3175],[-81.6975,-28.7775],[-81.6075,-28.5525],[-81.6075,-28.1475],[-81.8325,-27.8325],[-81.8325,-27.1575],[-81.7875,-27.1125],[-81.7875,-26.9325],[-81.9225,-26.7525],[-81.9225,-26.5725],[-81.6975,-26.4375],[-81.6975,-26.2575],[-81.9675,-25.7625],[-82.0575,-25.7175],[-82.665,-25.7175],[-83.2725,-25.7175],[-83.7675,-25.4475],[-83.9925,-25.4475],[-84.0375,-25.4025],[-84.1275,-25.4025],[-84.1725,-25.4475],[-84.4875,-25.4475],[-84.5325,-25.4025],[-84.6675,-25.4025],[-84.8025,-25.3125],[-85.1175,-25.3125],[-85.1625,-25.2675],[-85.4775,-25.2675],[-85.5225,-25.2225],[-85.5675,-25.2675],[-86.1525,-25.2675],[-86.1975,-25.3125],[-86.3775,-25.3125],[-86.5575,-25.4025],[-87.1425,-25.4025],[-87.3225,-25.3125],[-87.4575,-25.3575]]]]}},{"type":"Feature","id":"Breugua","properties":{"id":"Breugua","tracedAreaKm2":238740},"geometry":{"type":"MultiPolygon","coordinates":[[[[-116.7525,16.4925],[-116.7075,16.4475],[-116.4825,16.4025],[-116.3925,16.1775],[-116.3025,16.1775],[-116.2125,16.0875],[-116.1225,16.0875],[-115.9875,15.9525],[-115.8975,15.9525],[-115.8525,15.9075],[-115.8075,15.9525],[-115.6275,15.9525],[-115.4475,16.0425],[-114.7725,15.9975],[-114.7275,15.9525],[-114.7725,15.5025],[-114.6375,15.4125],[-114.4575,15.6375],[-114.0075,15.6375],[-113.8725,15.5475],[-113.7825,15.6375],[-113.4675,15.6375],[-113.3775,15.5025],[-113.3775,15.5925],[-113.2875,15.6825],[-113.2875,15.9525],[-113.2425,15.9975],[-112.7025,15.9975],[-112.6575,15.9525],[-112.6575,15.8625],[-112.5675,15.8175],[-112.4325,15.9975],[-112.2525,16.0875],[-112.2525,16.2225],[-112.2075,16.2675],[-112.1175,16.2675],[-111.9375,16.5375],[-111.8025,16.5375],[-111.7575,16.5825],[-111.7575,16.6725],[-111.6675,16.8075],[-111.4425,16.8525],[-111.3975,16.8975],[-111.3975,17.0775],[-111.3075,17.1675],[-111.1725,17.1675],[-111.1725,17.2125],[-111.0375,17.3025],[-111.0375,17.4825],[-110.9475,17.5725],[-110.9025,17.7075],[-110.8125,17.7525],[-110.7675,17.8425],[-110.7675,18.0675],[-110.6325,18.2025],[-110.3625,18.2025],[-110.3175,18.1575],[-110.3175,18.0675],[-110.2725,18.0675],[-110.2275,17.9775],[-110.0925,17.9775],[-110.0025,17.8875],[-109.7775,17.8425],[-109.6875,17.9775],[-109.3725,17.9775],[-109.2825,18.1125],[-108.9675,18.1125],[-108.8325,18.2025],[-108.8325,18.4725],[-108.7875,18.5175],[-108.5175,18.5175],[-108.3825,18.6975],[-108.4725,18.7425],[-108.6975,19.0125],[-108.7875,19.0575],[-109.1475,19.0575],[-109.3725,19.1925],[-109.5075,19.3725],[-109.5075,19.4625],[-109.3725,19.5975],[-109.3275,20.0025],[-109.5525,20.1825],[-109.8225,20.0475],[-110.3175,19.5075],[-110.7225,19.2825],[-110.9475,19.2825],[-110.9925,19.3275],[-111.1725,19.3275],[-111.3075,19.4175],[-111.4425,19.4175],[-111.5325,19.3725],[-111.6225,19.2375],[-111.9825,18.9225],[-112.2525,18.7875],[-112.5225,18.7875],[-112.5675,18.7425],[-112.7475,18.7425],[-112.7925,18.7875],[-112.9275,18.6975],[-113.1525,18.6975],[-113.3775,18.8775],[-113.3775,19.1475],[-113.4225,19.1925],[-113.3775,19.4625],[-113.2425,19.6425],[-113.2425,19.9575],[-113.3325,20.0475],[-113.3325,20.1825],[-113.3775,20.2275],[-113.3325,20.2725],[-113.5125,20.2725],[-113.6025,20.1375],[-113.6925,20.1375],[-113.8275,20.0025],[-113.8275,19.9125],[-113.8725,19.8675],[-114.0975,19.8225],[-114.1875,19.7325],[-114.1875,19.5975],[-114.2325,19.5525],[-114.4575,19.5525],[-114.5475,19.4625],[-114.5925,19.2825],[-114.6825,19.1925],[-114.9075,19.1925],[-114.9525,19.1475],[-114.9525,18.9225],[-114.9975,18.8775],[-115.2675,18.8775],[-115.3125,18.6975],[-115.5375,18.4725],[-115.6725,18.3825],[-115.7625,18.3825],[-115.8075,18.3375],[-115.8075,18.2025],[-116.0325,18.0225],[-116.2575,18.0225],[-116.3025,17.9775],[-116.3025,17.6625],[-116.3925,17.5725],[-116.3925,17.3025],[-116.4825,17.2125],[-116.6175,17.2125],[-116.7075,17.0775],[-116.7525,16.4925]]]]}},{"type":"Feature","id":"Westland","properties":{"id":"Westland","tracedAreaKm2":193123},"geometry":{"type":"MultiPolygon","coordinates":[[[[-15.2325,36.4725],[-15.2775,36.4275],[-15.4125,36.4275],[-15.5925,36.1575],[-15.6825,36.1125],[-15.6825,35.7525],[-15.9075,35.4375],[-16.1775,35.4375],[-16.2225,35.4825],[-16.2225,35.6175],[-16.3575,35.7975],[-16.4925,35.7975],[-16.5825,35.8875],[-16.6725,35.8875],[-16.8525,35.7525],[-16.9875,35.7525],[-17.0775,35.6175],[-17.1675,35.6175],[-17.2125,35.5725],[-17.2575,35.3475],[-17.3475,35.2575],[-17.5725,35.2125],[-17.6625,35.1225],[-17.9325,35.1225],[-17.9325,34.8525],[-18.1575,34.7625],[-18.2475,34.5825],[-18.2475,34.4925],[-18.3375,34.4475],[-18.4275,34.3125],[-18.3825,34.2675],[-18.3825,34.0875],[-18.3375,34.0425],[-18.2925,33.6825],[-18.2475,33.6375],[-18.2025,33.1425],[-18.1125,33.0975],[-17.9775,33.1875],[-17.7525,33.1875],[-17.5725,33.2775],[-17.2125,33.2775],[-17.1675,33.2325],[-17.1225,32.6475],[-17.2125,32.6025],[-17.2575,32.5125],[-16.9875,32.2875],[-16.9875,32.1975],[-16.8975,32.1075],[-16.8975,31.7475],[-16.9425,31.7025],[-16.8975,31.6575],[-16.7175,31.6575],[-16.6275,31.6125],[-16.4475,31.3875],[-16.4475,31.2525],[-16.4025,31.2075],[-16.2675,31.2075],[-16.1325,30.9825],[-15.9525,30.9825],[-15.6375,30.7575],[-15.5475,30.7575],[-15.4575,30.6675],[-15.3675,30.6675],[-15.2775,30.5775],[-15.1875,30.5775],[-15.1425,30.4875],[-15.0525,30.4425],[-14.9175,30.5775],[-14.7375,30.5775],[-14.6925,30.6225],[-14.6925,30.8925],[-14.2425,31.2975],[-14.2425,31.3875],[-14.0175,31.5225],[-13.8375,31.5225],[-13.7925,31.5675],[-13.7925,31.6575],[-13.7025,31.7475],[-13.3875,31.7475],[-13.0725,31.8825],[-13.0725,31.9275],[-12.8025,32.1975],[-12.7575,32.1975],[-12.7125,32.3325],[-12.5775,32.4225],[-12.5325,32.5125],[-12.8025,32.6475],[-13.0725,32.6925],[-13.3425,32.8725],[-13.5675,32.9625],[-14.0175,33.5025],[-14.0625,33.5925],[-14.0625,33.7725],[-14.2875,33.9525],[-14.2875,34.1325],[-14.0625,34.3125],[-14.0625,34.4475],[-14.1525,34.5825],[-14.1525,34.9425],[-14.0625,35.0325],[-14.0625,35.1225],[-14.1975,35.1675],[-14.3775,35.3475],[-14.3775,35.4375],[-14.4225,35.4825],[-14.4225,35.5725],[-14.3775,35.6175],[-14.4225,35.9325],[-14.5575,35.9325],[-14.6925,36.1125],[-14.6925,36.2925],[-14.8725,36.4275],[-15.1875,36.4275],[-15.2325,36.4725]]]]}},{"type":"Feature","id":"North-Dniester","properties":{"id":"North-Dniester","tracedAreaKm2":74298},"geometry":{"type":"MultiPolygon","coordinates":[[[[-40.4325,61.3575],[-40.5675,61.4475],[-40.5675,61.5825],[-40.6575,61.6725],[-40.6575,61.9425],[-40.7925,62.0325],[-40.8375,61.9875],[-41.1975,61.9875],[-41.3775,62.1225],[-41.4225,62.3475],[-41.8275,62.7975],[-41.8275,63.1125],[-41.9175,63.3375],[-42.0075,63.4275],[-42.0075,63.6525],[-42.1875,63.7425],[-42.2775,63.9225],[-42.2775,64.1025],[-42.5925,64.1025],[-42.6825,63.9675],[-42.9075,63.9225],[-42.9525,63.8775],[-43.9425,63.8775],[-43.9875,63.8325],[-44.3025,63.8325],[-44.4375,64.0575],[-44.5275,64.0125],[-44.5275,63.9225],[-44.7075,63.7425],[-44.8425,63.7425],[-44.8875,63.6975],[-45.3375,63.6975],[-45.3825,63.6525],[-45.4275,63.6975],[-45.4725,63.6525],[-45.7875,63.6975],[-45.7875,63.5625],[-45.8775,63.5175],[-45.7875,63.4275],[-45.7875,63.3375],[-46.0125,63.1575],[-46.0125,62.6625],[-45.9675,62.6625],[-45.9225,62.5725],[-45.8775,62.5725],[-45.6975,62.3925],[-45.6975,62.0775],[-45.6075,62.0325],[-45.6075,61.9425],[-45.6975,61.8975],[-45.6975,61.4025],[-45.6075,61.3575],[-45.6075,61.2225],[-45.5625,61.2225],[-45.4275,60.9975],[-45.3375,60.9525],[-45.0225,60.9075],[-44.7975,61.0425],[-44.6625,61.0425],[-44.4825,60.9075],[-44.3475,60.8625],[-44.1225,60.9975],[-43.7625,60.9975],[-43.6275,60.9075],[-43.3125,60.9075],[-43.1775,60.8175],[-42.9075,60.8175],[-42.7725,60.9075],[-42.6375,60.9075],[-42.4575,60.9975],[-41.8275,60.9975],[-41.6475,61.0875],[-41.2425,61.1325],[-41.1075,61.2225],[-40.6575,61.2225],[-40.5675,61.1775],[-40.4325,61.2675],[-40.4325,61.3575]]]]}},{"type":"Feature","id":"Ulfheimr","properties":{"id":"Ulfheimr","tracedAreaKm2":135512},"geometry":{"type":"MultiPolygon","coordinates":[[[[-37.1475,53.8425],[-37.4175,53.8425],[-37.5975,53.7525],[-37.8225,53.4825],[-37.8225,53.3925],[-37.5975,53.1675],[-37.5975,52.8975],[-37.8225,52.5825],[-37.8225,52.3125],[-38.0025,52.1775],[-38.2725,52.1775],[-38.6325,51.8625],[-38.8575,51.8625],[-38.9475,51.9075],[-39.2175,51.6825],[-39.4425,51.7275],[-39.6675,51.5925],[-40.0275,51.5925],[-40.1175,51.5475],[-40.2075,51.3675],[-40.2075,51.2325],[-40.2975,51.1425],[-40.2975,50.9175],[-40.4775,50.7375],[-40.7925,50.6025],[-40.7925,50.4675],[-40.6575,50.3775],[-40.6125,50.2425],[-40.1625,49.8825],[-40.1625,49.7475],[-40.1175,49.7025],[-40.1175,49.2075],[-40.2525,49.0725],[-40.2975,48.8475],[-40.2525,48.8475],[-40.1175,48.6675],[-40.1175,48.5775],[-40.1625,48.5325],[-40.1625,48.3075],[-40.1175,48.2175],[-39.8475,48.1275],[-39.7575,47.9475],[-39.5775,47.8125],[-39.3075,47.7225],[-39.1725,47.5875],[-39.1275,47.4075],[-38.9475,47.3625],[-38.7225,47.2275],[-38.6775,47.2725],[-38.6775,47.5425],[-38.6325,47.5875],[-38.3175,47.5875],[-38.2275,47.4975],[-38.1375,47.4975],[-38.0025,47.3625],[-37.8675,47.5875],[-37.6425,47.5875],[-37.5975,47.6325],[-37.5075,47.6325],[-37.4175,47.7225],[-37.3275,47.7225],[-37.2825,47.7675],[-37.2825,47.9475],[-37.1475,48.0375],[-37.1475,48.2625],[-37.0575,48.3075],[-37.0575,48.4875],[-36.9675,48.5775],[-36.7425,48.5775],[-36.72,49.1175],[-36.6975,49.6575],[-36.7875,49.8825],[-36.7875,50.1075],[-36.8775,50.1975],[-36.8775,50.5575],[-37.0575,50.6925],[-37.3725,50.7825],[-37.4625,50.8725],[-37.4625,51.0525],[-37.1025,51.3225],[-36.1125,51.8175],[-36.0225,51.8175],[-35.8425,51.9075],[-35.8425,51.9525],[-35.9775,52.0425],[-35.9775,52.1325],[-35.8875,52.1775],[-35.8875,52.3125],[-35.9325,52.3125],[-36.0675,52.4925],[-36.2925,52.5825],[-36.6075,52.9425],[-36.6075,53.0775],[-36.5175,53.2125],[-36.5175,53.3025],[-36.7875,53.6175],[-37.1475,53.8425]]]]}},{"type":"Feature","id":"Korinon","properties":{"id":"Korinon","tracedAreaKm2":10545},"geometry":{"type":"MultiPolygon","coordinates":[[[[48.6225,62.3925],[48.5775,62.3025],[48.5775,62.0775],[48.4875,62.0325],[48.4425,61.9425],[48.3975,61.4925],[48.5775,61.4475],[48.6225,61.4925],[48.8475,61.4925],[48.8925,61.5375],[49.0725,61.5375],[49.1175,61.5825],[49.6125,61.5825],[49.6575,61.5375],[50.1525,61.4475],[50.2875,61.3575],[50.3775,61.4025],[50.4225,61.5825],[50.3325,61.6725],[50.2875,61.9875],[50.1975,62.1225],[50.1975,62.2575],[50.1075,62.3475],[49.8375,62.3475],[49.7925,62.3925],[49.7925,62.4825],[49.7025,62.5725],[49.2975,62.5725],[49.2525,62.6175],[49.0725,62.4375],[48.6225,62.3925]]]]}},{"type":"Feature","id":"Caliveis","properties":{"id":"Caliveis","tracedAreaKm2":94127},"geometry":{"type":"MultiPolygon","coordinates":[[[[88.4925,-25.1325],[88.3575,-25.1325],[88.1325,-25.0425],[88.0875,-25.0875],[87.8625,-25.1325],[87.8625,-25.2225],[87.8175,-25.2675],[87.9975,-25.4925],[87.9975,-25.5825],[88.0425,-25.5825],[88.0875,-25.5375],[88.1775,-25.5375],[88.2225,-25.4925],[88.2225,-25.3575],[88.3125,-25.2225],[88.4925,-25.1325]]],[[[89.6175,-24.9075],[89.3925,-24.9975],[89.2125,-25.1775],[89.3025,-25.3125],[89.3925,-25.3125],[89.4825,-25.0875],[89.6625,-25.0875],[89.6175,-25.0425],[89.6175,-24.9075]]],[[[89.2575,-19.0575],[88.8525,-19.0575],[88.8075,-19.1475],[88.6275,-19.3275],[88.5375,-19.3275],[88.3575,-19.5525],[88.1775,-19.5525],[88.0425,-19.6425],[88.0425,-19.7325],[87.9075,-19.8225],[87.9075,-20.0475],[87.8625,-20.0925],[87.5475,-20.0925],[87.5025,-20.1375],[87.5025,-20.3175],[87.3675,-20.4525],[87.2775,-20.4525],[87.2325,-20.4975],[87.2325,-20.7225],[87.1875,-20.7675],[86.8725,-20.7675],[86.8275,-20.7225],[86.6475,-20.9475],[86.0175,-20.9475],[85.9275,-20.9025],[85.8825,-20.8125],[85.6575,-20.8125],[85.5675,-20.7225],[85.4325,-20.9025],[85.4325,-20.9925],[85.3425,-21.1275],[85.2075,-21.2175],[85.1175,-21.2175],[85.0275,-21.3075],[84.8475,-21.3075],[84.7575,-21.3525],[84.7575,-21.4425],[84.6675,-21.5325],[84.6225,-21.7575],[84.7575,-21.8475],[84.7575,-21.9825],[84.9375,-22.1625],[84.9375,-22.2525],[84.9825,-22.2975],[85.1625,-22.2975],[85.2075,-22.3425],[85.5675,-22.3425],[85.6125,-22.3875],[85.8825,-22.3875],[85.9725,-22.2975],[86.1975,-22.2975],[86.2425,-22.2525],[86.3325,-22.2525],[86.4225,-22.1625],[86.6475,-22.1625],[86.7375,-22.0725],[86.9175,-22.0725],[86.9625,-21.9825],[87.0975,-21.8925],[87.4125,-21.8925],[87.4575,-21.9375],[87.4575,-22.2975],[87.5925,-22.3875],[87.6375,-22.5675],[87.6825,-22.5675],[87.8625,-22.7475],[87.9525,-22.7475],[87.9975,-22.7925],[88.0875,-22.6125],[88.3125,-22.6125],[88.4475,-22.4775],[88.4925,-22.2525],[88.5825,-22.1625],[88.4475,-21.8925],[88.3125,-21.8925],[88.1325,-21.8025],[87.9525,-21.8025],[87.9075,-21.7575],[87.9075,-21.4875],[87.9975,-21.3975],[88.3125,-21.3975],[88.3575,-21.4425],[88.4925,-21.2625],[88.6725,-21.2175],[88.8075,-21.0825],[88.8075,-20.9925],[88.8975,-20.8125],[88.8975,-20.6775],[88.9425,-20.6325],[88.9425,-20.4075],[89.1675,-20.3175],[89.2575,-20.2275],[89.3475,-20.2275],[89.4375,-20.0925],[89.4375,-19.9575],[89.4825,-19.9125],[89.4375,-19.8675],[89.4375,-19.2825],[89.2575,-19.0575]]]]}},{"type":"Feature","id":"Coedana","properties":{"id":"Coedana","tracedAreaKm2":57323},"geometry":{"type":"MultiPolygon","coordinates":[[[[16.3575,59.5575],[16.2675,59.3775],[16.3125,59.2875],[16.4475,59.1975],[16.4475,59.0625],[16.6275,58.9275],[16.7175,58.9275],[16.9875,58.7475],[17.0775,58.8825],[17.3475,58.8825],[17.3925,58.8375],[17.4825,58.0275],[17.5725,58.0275],[17.6175,57.9825],[17.6175,57.8925],[17.7075,57.7125],[17.8425,57.6225],[17.8425,57.4425],[18.0675,57.2625],[18.2475,57.2625],[18.3825,57.1725],[18.3825,57.0375],[18.4725,56.9025],[18.7875,56.9025],[18.8325,56.8575],[18.9225,56.9025],[19.1925,56.9025],[19.2375,56.8575],[19.4625,56.8575],[19.6875,56.7225],[20.0475,56.7225],[20.1375,56.6325],[20.3625,56.5875],[20.4075,56.5425],[20.4525,56.5875],[20.7225,56.5875],[20.8575,56.7225],[20.9475,56.7225],[21.1725,56.9475],[21.1725,57.2175],[21.2175,57.2625],[21.1725,57.3075],[21.1725,57.5325],[21.0825,57.5325],[20.9475,57.6675],[20.9475,57.9375],[20.8575,58.0725],[20.6775,58.0725],[20.5875,58.2525],[20.3175,58.2525],[20.2725,58.2975],[20.2725,58.4325],[20.2275,58.4325],[20.0475,58.6125],[20.0025,58.7925],[19.8225,58.7925],[19.7325,58.8375],[19.6875,58.9275],[19.5075,59.0625],[19.4175,59.2425],[19.1925,59.2425],[19.1475,59.2875],[19.1475,59.4225],[18.8325,59.6925],[18.7425,59.7375],[18.5175,59.7375],[18.4275,59.6475],[18.2475,59.6475],[18.1575,59.5575],[17.8875,59.5575],[17.8425,59.4675],[17.3925,59.4675],[17.3025,59.5575],[17.2575,59.6925],[17.1675,59.6925],[17.0775,59.8275],[16.9425,59.9175],[16.8525,59.8275],[16.6725,59.8275],[16.5825,59.7375],[16.4925,59.7375],[16.4925,59.6475],[16.3575,59.5575]]]]}},{"type":"Feature","id":"Marcendy","properties":{"id":"Marcendy","tracedAreaKm2":249603},"geometry":{"type":"MultiPolygon","coordinates":[[[[100.1025,32.7375],[99.9225,32.8725],[99.9225,33.0075],[99.5625,33.0975],[99.3375,33.2325],[99.2025,33.2325],[98.8875,33.4125],[98.7525,33.4125],[98.7075,33.4575],[98.5725,33.4575],[98.4375,33.3675],[98.2125,33.3675],[97.8525,33.1875],[97.4475,32.9175],[97.0875,32.9625],[96.9075,33.0975],[96.5475,33.2325],[96.3675,33.2325],[96.2325,33.1425],[96.0525,33.1425],[95.9175,33.2325],[95.4675,33.2325],[95.3325,33.1425],[94.9275,33.1425],[94.4775,33.3675],[94.4325,33.3225],[94.2975,33.3225],[94.2525,33.2775],[93.8925,33.1875],[93.7575,33.0975],[93.2625,33.0975],[93.2175,33.1425],[92.9925,33.1425],[92.6325,33.3675],[92.6325,33.1875],[92.4075,33.0525],[92.3175,32.9175],[92.1375,32.8725],[92.1375,32.8275],[92.0025,32.7375],[91.6875,32.6925],[91.5975,32.6025],[91.7325,32.4225],[91.8675,32.4225],[91.9125,32.3775],[91.9125,32.2425],[92.0025,32.1525],[92.0025,32.0175],[92.0475,31.9725],[92.4075,31.9725],[92.4975,31.8375],[92.4975,31.5225],[92.4525,31.4775],[92.4525,31.3875],[92.1825,31.1625],[92.1825,31.0725],[92.2725,30.9825],[92.2725,30.8025],[92.4075,30.5325],[92.4975,30.4425],[92.6325,30.4425],[92.6775,30.3975],[92.6775,29.9475],[92.7225,29.9025],[92.7675,29.4975],[92.9475,29.3625],[92.9925,29.4075],[93.1725,29.4075],[93.3975,29.5875],[93.7575,29.5875],[93.8025,29.6775],[94.4775,29.6775],[94.6125,29.5875],[94.7925,29.6325],[95.0175,29.4975],[95.1525,29.5875],[95.2425,29.5875],[95.3775,29.4975],[95.4225,29.5425],[95.4675,29.4975],[95.5575,29.4975],[95.9625,29.7675],[96.3675,29.7675],[96.6375,29.9475],[96.8175,29.9475],[96.9075,29.9025],[96.9975,29.9475],[97.1325,30.1275],[97.4025,30.2175],[97.6275,30.4875],[97.8525,30.5775],[98.2125,30.5775],[98.3925,30.6675],[98.5275,30.8025],[98.7525,30.8925],[99.1575,31.3425],[99.1575,31.5225],[99.3375,31.7025],[99.4725,31.7475],[99.8325,32.0625],[100.0125,32.5125],[100.1025,32.5575],[100.1025,32.7375]]]]}},{"type":"Feature","id":"Doria","properties":{"id":"Doria","tracedAreaKm2":30321},"geometry":{"type":"MultiPolygon","coordinates":[[[[-56.9925,63.2925],[-57.1725,63.1575],[-57.2625,62.7975],[-57.3525,62.7075],[-57.3525,62.5725],[-57.2625,62.4375],[-57.2625,62.2575],[-57.4425,62.1675],[-57.4425,61.7175],[-57.5775,61.5825],[-57.5775,61.3125],[-57.8475,61.1775],[-58.1175,60.9525],[-58.1625,60.9975],[-58.2975,60.9975],[-58.4775,60.9075],[-58.2075,60.6825],[-57.9375,60.5925],[-57.7125,60.4125],[-57.5775,60.4125],[-57.3075,60.2775],[-57.2625,60.1875],[-57.2175,60.2325],[-57.0825,60.2325],[-56.8575,60.3675],[-56.4525,60.3675],[-56.4075,60.4125],[-56.2275,60.4125],[-56.1375,60.4575],[-56.0925,60.5475],[-56.1825,60.5475],[-56.2725,60.6825],[-56.2725,60.9525],[-56.1825,61.0875],[-55.7325,61.0875],[-55.5525,60.9525],[-55.3725,61.0875],[-55.3275,61.0425],[-55.1025,61.1775],[-55.1025,61.2675],[-55.0575,61.3125],[-55.0575,61.6275],[-54.9675,61.6725],[-54.9675,62.0325],[-55.1925,62.1675],[-55.3275,62.0775],[-55.5075,62.1225],[-55.5525,62.1675],[-55.5525,62.4375],[-55.6425,62.4825],[-55.7325,62.4825],[-55.7775,62.4375],[-56.0025,62.4375],[-56.3175,62.2575],[-56.4525,62.3025],[-56.5875,62.4825],[-56.7225,62.5725],[-56.7225,62.7075],[-56.9025,63.0675],[-56.9025,63.2475],[-56.9925,63.2925]]]]}},{"type":"Feature","id":"Sentist-State","properties":{"id":"Sentist-State","tracedAreaKm2":66648},"geometry":{"type":"MultiPolygon","coordinates":[[[[-13.2525,31.8375],[-13.0275,31.7475],[-13.0275,31.4775],[-12.8925,31.3875],[-12.8925,31.2975],[-12.8475,31.2525],[-12.7575,31.2525],[-12.3075,30.8475],[-12.2175,30.8475],[-12.1725,30.8025],[-11.7225,30.8025],[-11.6325,30.7125],[-11.4975,30.7125],[-11.4525,30.6225],[-11.3175,30.5325],[-11.2725,30.5775],[-10.4175,30.5775],[-10.3275,30.4425],[-10.3275,30.3075],[-10.2375,30.2625],[-10.1025,30.0825],[-9.9225,30.1275],[-9.7875,30.2175],[-9.5175,30.5775],[-9.3375,30.5775],[-9.2025,30.6675],[-9.2025,30.7575],[-9.3825,30.8925],[-9.3825,31.1625],[-9.6075,31.3875],[-9.6075,31.6575],[-9.9675,32.0625],[-10.0125,32.2875],[-10.1475,32.4225],[-10.6875,32.6475],[-10.9125,32.6475],[-11.0475,32.7375],[-11.5875,32.4675],[-11.8125,32.4675],[-12.0825,32.2875],[-12.2625,32.3325],[-12.3525,32.4675],[-12.4425,32.5125],[-12.6225,32.4225],[-12.7125,32.2425],[-13.0275,31.9275],[-13.2525,31.8375]]]]}},{"type":"Feature","id":"Parvaquilee","properties":{"id":"Parvaquilee","tracedAreaKm2":53836},"geometry":{"type":"MultiPolygon","coordinates":[[[[-71.4375,-21.4425],[-71.4375,-21.5325],[-71.2575,-21.6225],[-71.1675,-21.6225],[-71.1225,-21.5775],[-70.9875,-21.6225],[-70.9425,-21.6675],[-70.9425,-21.8025],[-70.8525,-21.8475],[-70.4925,-21.8475],[-70.4475,-21.8925],[-70.2675,-21.8925],[-70.1325,-21.9825],[-69.7725,-21.8025],[-69.4575,-21.5325],[-69.0075,-21.4875],[-68.8725,-21.5775],[-68.7825,-21.5325],[-68.7825,-21.3075],[-68.9625,-21.3075],[-69.0075,-21.2625],[-69.0525,-20.6775],[-69.1425,-20.4975],[-69.2325,-20.4975],[-69.4125,-20.3175],[-69.4575,-20.3625],[-69.9075,-20.3625],[-70.0875,-20.1375],[-70.1775,-20.1375],[-70.3575,-20.0475],[-70.7175,-20.2275],[-70.7175,-20.4075],[-70.8525,-20.5875],[-71.0325,-20.7225],[-71.3025,-21.2625],[-71.3025,-21.3525],[-71.4375,-21.4425]]],[[[-66.8475,-18.2925],[-67.2525,-18.2925],[-67.2975,-18.2475],[-67.4325,-18.4275],[-67.6125,-18.4275],[-67.6575,-18.4725],[-68.0175,-18.4725],[-68.0175,-18.5625],[-68.0625,-18.6075],[-68.1525,-18.6075],[-68.2875,-18.7875],[-68.2875,-18.9225],[-68.3325,-18.9675],[-68.4225,-18.9675],[-68.3775,-18.9675],[-68.2875,-19.1025],[-68.1525,-19.1025],[-68.1075,-19.1475],[-68.1075,-19.2375],[-67.8825,-19.4175],[-67.8825,-19.5075],[-67.8375,-19.4625],[-67.6125,-19.4625],[-67.6575,-19.4175],[-67.6575,-19.1475],[-67.6125,-19.1025],[-67.2525,-19.0575],[-67.2525,-18.9225],[-67.1625,-18.8775],[-67.1175,-18.7875],[-66.8925,-18.7875],[-66.7125,-18.6975],[-66.7125,-18.5175],[-66.8475,-18.4275],[-66.8475,-18.2925]]],[[[-66.0375,-15.6825],[-66.0825,-15.6825],[-66.1275,-15.7725],[-66.3075,-15.8175],[-66.3075,-15.8625],[-66.3975,-15.9075],[-66.4875,-16.0425],[-66.5325,-16.0425],[-66.5325,-16.1775],[-66.3525,-16.3125],[-66.3075,-16.5375],[-66.1725,-16.4925],[-66.0825,-16.3125],[-66.0825,-16.0425],[-66.0375,-15.9975],[-66.0375,-15.7725],[-65.9925,-15.7275],[-66.0375,-15.6825]]]]}},{"type":"Feature","id":"Oyussa","properties":{"id":"Oyussa","tracedAreaKm2":3832},"geometry":{"type":"MultiPolygon","coordinates":[[[[-26.7975,-18.6975],[-26.9775,-18.7875],[-26.9775,-18.9225],[-27.0225,-18.9675],[-27.2025,-19.0125],[-27.2025,-19.2825],[-27.2475,-19.3275],[-27.1125,-19.3275],[-27.0675,-19.3725],[-27.0675,-19.5075],[-26.8425,-19.5075],[-26.8425,-19.2825],[-26.6625,-19.1475],[-26.6625,-18.9675],[-26.7975,-18.6975]]]]}},{"type":"Feature","id":"Elbenau","properties":{"id":"Elbenau","tracedAreaKm2":24985},"geometry":{"type":"MultiPolygon","coordinates":[[[[-10.0125,49.9725],[-10.0125,49.8375],[-9.9225,49.7925],[-9.9225,49.6125],[-10.0125,49.5675],[-10.0575,49.4775],[-9.7875,49.2975],[-9.7875,49.1625],[-9.5175,48.9825],[-9.2925,48.7575],[-9.0225,48.6225],[-8.8425,48.6675],[-8.3025,48.3975],[-8.0325,48.3525],[-7.8975,48.4425],[-7.6725,48.4875],[-7.6725,48.5325],[-7.4475,48.7125],[-7.6725,48.8475],[-7.8975,49.0725],[-7.9875,49.4775],[-8.2125,49.5675],[-8.3025,49.6575],[-8.2575,50.1075],[-8.6175,50.3775],[-8.7075,50.3775],[-8.8875,50.2425],[-9.2475,50.1075],[-9.5625,50.1075],[-9.7425,50.1975],[-9.8325,50.1525],[-9.9675,49.9725],[-10.0125,49.9725]]]]}},{"type":"Feature","id":"Veldoria","properties":{"id":"Veldoria","tracedAreaKm2":43642},"geometry":{"type":"MultiPolygon","coordinates":[[[[-9.9225,50.3325],[-10.0125,50.3325],[-10.0575,50.2875],[-10.5525,50.2875],[-10.6425,50.2425],[-10.6425,50.1525],[-10.9575,49.8375],[-11.3625,49.7475],[-11.3625,49.6575],[-11.4525,49.5675],[-11.4525,49.4775],[-11.5425,49.3425],[-11.6325,49.2975],[-11.8575,49.0275],[-11.9025,49.0275],[-11.9025,48.7125],[-11.8125,48.6675],[-11.7675,48.5325],[-11.5425,48.3975],[-11.5425,47.8575],[-11.4975,47.7675],[-11.4075,47.7225],[-11.4075,47.2275],[-11.3625,47.1825],[-11.3625,47.0925],[-11.2725,47.0025],[-11.2725,46.9125],[-11.0025,46.9125],[-10.9575,46.8675],[-10.9575,46.6875],[-10.9125,46.6425],[-10.7325,46.6425],[-10.6875,46.7325],[-10.6875,46.9575],[-10.5975,47.0925],[-10.5975,47.2275],[-10.4175,47.3625],[-10.3275,47.6775],[-10.2375,47.7675],[-10.0575,47.8575],[-9.9675,47.8575],[-9.7875,47.9925],[-9.7425,48.0825],[-9.7425,48.3075],[-9.4725,48.4875],[-9.4725,48.7125],[-9.3375,48.8025],[-9.5175,48.8925],[-9.7875,49.2075],[-9.7875,49.3425],[-9.9225,49.3875],[-10.0125,49.4775],[-10.0125,49.5675],[-9.8775,49.6575],[-9.8775,49.7475],[-9.9675,49.8375],[-9.9675,49.9725],[-9.8325,50.1525],[-9.8325,50.2875],[-9.9225,50.3325]]]]}},{"type":"Feature","id":"Obereland","properties":{"id":"Obereland","tracedAreaKm2":156762},"geometry":{"type":"MultiPolygon","coordinates":[[[[-9.4725,48.6675],[-9.4725,48.4875],[-9.5625,48.3975],[-9.7875,48.3075],[-9.7875,48.2175],[-9.7425,48.1725],[-9.7875,47.9475],[-10.3275,47.6775],[-10.4175,47.3625],[-10.5975,47.2275],[-10.5975,47.0475],[-10.6875,46.9125],[-10.6875,46.8225],[-10.7775,46.7325],[-10.7775,46.6425],[-10.7325,46.6425],[-10.6875,46.5525],[-10.5525,46.4625],[-10.4175,46.4625],[-10.3275,46.3725],[-10.3275,46.1475],[-10.2825,46.1025],[-10.2825,45.9225],[-10.1925,45.8325],[-10.1925,45.6525],[-9.6525,45.3825],[-9.5625,45.3825],[-9.2025,45.5625],[-8.8875,45.6075],[-8.8425,45.5625],[-8.2575,45.3825],[-8.1675,45.2925],[-8.1675,45.2025],[-8.0325,45.0675],[-7.8525,45.0225],[-7.6275,44.8875],[-7.5375,44.8875],[-7.3125,45.0225],[-7.1325,44.8875],[-7.0875,44.6625],[-6.9525,44.5725],[-6.8625,44.6175],[-6.6825,44.6175],[-6.5925,44.5725],[-6.4575,44.4375],[-6.2325,43.9875],[-6.0525,43.8525],[-5.8725,43.8075],[-5.5125,43.6275],[-5.5125,43.8075],[-5.6475,43.8975],[-5.6475,43.9875],[-5.8725,44.0775],[-6.0075,44.2125],[-6.0525,44.3025],[-6.0525,44.5275],[-5.8275,44.7075],[-5.6025,44.7075],[-5.5125,44.6625],[-5.4225,44.5275],[-5.1525,44.5275],[-5.0625,44.6625],[-4.8375,44.6625],[-4.7925,44.7075],[-4.7925,44.8425],[-4.7025,44.9775],[-4.4325,44.9775],[-4.4325,45.1575],[-4.5225,45.2475],[-4.5225,45.3375],[-4.6125,45.3825],[-4.5675,45.7875],[-4.7025,45.9675],[-4.7025,46.1925],[-5.0625,46.3725],[-5.0625,46.4625],[-4.9725,46.5525],[-4.9725,46.6875],[-5.1075,46.8225],[-5.2875,46.9125],[-5.4225,46.9125],[-5.4675,46.8675],[-5.6025,46.9125],[-5.6925,47.0025],[-5.7375,47.2275],[-5.8725,47.3625],[-6.0525,47.4525],[-6.0075,47.6775],[-5.9175,47.7675],[-5.9175,47.9925],[-6.1425,48.2175],[-6.2325,48.3975],[-6.5025,48.6225],[-6.5025,48.8025],[-6.6375,48.8925],[-7.0425,48.8475],[-7.0875,48.8025],[-7.3575,48.8025],[-7.4475,48.7575],[-7.4475,48.7125],[-7.7175,48.4425],[-8.0325,48.3075],[-8.1675,48.3075],[-8.8425,48.6225],[-9.1125,48.6225],[-9.3375,48.7125],[-9.4725,48.6675]]]]}},{"type":"Feature","id":"Akwisia","properties":{"id":"Akwisia","tracedAreaKm2":13643},"geometry":{"type":"MultiPolygon","coordinates":[[[[85.8375,57.5775],[85.7475,57.6675],[85.7475,57.9375],[85.6575,58.0725],[85.5225,58.1175],[85.4325,58.2075],[85.4325,58.3425],[85.3875,58.3875],[85.2975,58.2975],[85.0275,58.2975],[84.8025,58.0275],[84.6675,58.0275],[84.5775,57.8925],[84.2625,57.8925],[84.0825,57.6675],[83.8575,57.6675],[83.7225,57.5775],[83.5875,57.5775],[83.5425,57.5325],[83.2725,57.5325],[83.1825,57.4425],[83.3625,57.3075],[83.5875,57.2625],[83.6775,57.1275],[83.6775,57.0375],[83.7225,57.0825],[84.3525,57.0825],[84.3975,57.0375],[85.1625,57.0825],[85.2075,57.0375],[85.2975,57.0375],[85.3875,57.1725],[85.5675,57.3075],[85.5675,57.4425],[85.6125,57.4875],[85.7475,57.4875],[85.8375,57.5775]]]]}},{"type":"Feature","id":"Kalei","properties":{"id":"Kalei","tracedAreaKm2":800715},"geometry":{"type":"MultiPolygon","coordinates":[[[[-78.4575,29.9925],[-78.5025,29.9925],[-78.6375,30.1725],[-79.1325,30.4425],[-79.4025,30.7125],[-79.4475,30.7125],[-79.6725,30.9375],[-79.6725,30.9825],[-80.3925,31.3425],[-80.4825,31.4775],[-80.5725,31.5225],[-80.7525,31.8375],[-81.1575,32.2425],[-81.3375,32.3325],[-81.5175,32.5575],[-81.6975,32.6025],[-81.8325,32.6925],[-82.1025,32.6925],[-82.3725,32.8275],[-82.4625,32.9175],[-82.4625,33.0075],[-82.5525,33.1875],[-82.7325,33.2775],[-82.8225,33.2775],[-83.0025,33.3675],[-83.3175,33.3675],[-84.2175,33.7725],[-84.6675,33.8625],[-84.9825,33.6825],[-85.1625,33.6825],[-85.3875,33.5475],[-85.5675,33.5475],[-85.6125,33.5025],[-85.7925,33.5025],[-85.8375,33.5475],[-85.9275,33.5025],[-86.0625,33.3225],[-86.1525,33.2775],[-86.6025,33.2325],[-86.9175,33.0075],[-87.0525,33.0075],[-87.1875,33.0975],[-87.3225,33.0975],[-87.3675,33.0525],[-87.6825,33.0525],[-87.9525,32.9175],[-88.2225,32.9175],[-88.6275,32.6925],[-88.8075,32.6925],[-88.8525,32.7375],[-89.2125,32.5125],[-89.4375,32.2425],[-89.4825,32.0175],[-89.5725,31.8825],[-89.5725,31.7475],[-89.5275,31.7025],[-89.5275,31.4775],[-89.4825,31.4325],[-89.4825,31.2525],[-89.3925,31.0275],[-88.8975,31.0275],[-88.8525,30.9825],[-88.8975,30.5325],[-88.9425,30.4425],[-89.1225,30.3075],[-89.1225,30.2175],[-89.2125,30.1275],[-89.3025,30.1275],[-89.3025,30.0375],[-89.3475,29.9925],[-89.3025,29.9475],[-89.3025,29.8575],[-89.1675,29.6775],[-89.1675,29.3625],[-88.8975,29.2275],[-88.8975,29.0025],[-88.9425,28.9575],[-88.9425,28.8675],[-89.0325,28.6875],[-89.2125,28.5975],[-89.2125,28.5075],[-89.1675,28.4175],[-89.0775,28.3725],[-89.0775,28.2375],[-88.9875,28.1475],[-88.9875,27.8775],[-88.8075,27.8775],[-88.7625,27.8325],[-88.6725,27.8775],[-88.4925,27.8775],[-88.4025,27.9675],[-88.2675,27.9675],[-88.1325,28.0575],[-88.0875,28.1475],[-87.7725,28.1475],[-87.5475,28.2375],[-87.6375,28.3725],[-87.6825,28.9125],[-87.6375,28.9575],[-87.4125,28.9575],[-87.3225,29.0475],[-87.0525,29.0475],[-87.0075,29.0025],[-87.0075,28.6875],[-86.9175,28.6875],[-86.7825,28.5975],[-86.7825,28.2825],[-86.8725,28.1475],[-87.0975,28.1025],[-87.2325,27.8775],[-87.2325,27.7875],[-87.1425,27.7425],[-87.1425,27.6525],[-87.0975,27.6525],[-87.0525,27.5625],[-86.8725,27.5625],[-86.8275,27.5175],[-86.8275,27.3375],[-86.7375,27.2475],[-86.2875,27.2025],[-86.2425,27.1575],[-86.2425,26.8425],[-86.3325,26.7525],[-86.7375,26.7525],[-86.7825,26.5725],[-86.8725,26.4825],[-87.0525,26.4375],[-87.0975,26.3475],[-87.5925,26.2575],[-87.5925,26.2125],[-87.3675,26.1225],[-87.3675,25.9425],[-87.3225,25.8975],[-87.0525,25.8525],[-86.9625,25.7625],[-86.9175,25.8075],[-86.5575,25.8075],[-86.4675,25.8975],[-86.2875,25.9425],[-86.1975,26.0325],[-86.1075,26.0325],[-86.0625,26.0775],[-85.7475,26.0775],[-85.6575,25.9425],[-85.4775,26.0775],[-85.3425,26.1225],[-85.2075,26.3025],[-85.1175,26.3025],[-85.1175,26.3475],[-84.9375,26.4825],[-84.9375,26.6625],[-84.8475,26.7525],[-84.6675,26.7525],[-84.6225,26.7975],[-84.3975,26.8425],[-84.2625,26.9325],[-84.2625,27.0225],[-84.1725,27.0675],[-84.1725,27.1125],[-84.2175,27.1125],[-84.2625,27.2025],[-84.3975,27.2925],[-84.3975,27.5625],[-84.3075,27.6075],[-84.3075,27.6975],[-84.2175,27.7425],[-84.1725,27.8325],[-84.0375,27.9225],[-83.9475,27.9225],[-83.8575,28.0575],[-83.9475,28.0575],[-84.0375,28.1475],[-84.0375,28.4175],[-83.9475,28.5975],[-83.8575,28.6875],[-83.7675,28.6875],[-83.7225,28.7325],[-83.7225,28.9125],[-83.6775,28.9575],[-83.4075,28.9575],[-83.2275,28.8225],[-82.9575,28.8225],[-82.8225,28.5975],[-82.6425,28.5975],[-82.5975,28.5525],[-82.5975,27.8775],[-82.5525,27.8325],[-82.5525,27.5175],[-82.9125,27.2475],[-82.9575,27.0675],[-83.0925,26.8875],[-83.0925,26.7525],[-82.9125,26.6625],[-82.9125,26.4375],[-82.8675,26.3475],[-82.7775,26.3475],[-82.7325,26.3025],[-82.7325,26.2125],[-82.6425,26.1225],[-82.6425,25.8525],[-82.6875,25.8075],[-82.9575,25.8075],[-83.0475,25.8525],[-83.2725,25.6725],[-83.6775,25.6725],[-83.7675,25.7175],[-83.7675,25.4475],[-83.8125,25.4025],[-83.9025,25.4025],[-83.9025,25.0425],[-83.9475,24.9975],[-84.0825,24.9975],[-84.1725,24.9075],[-84.4875,24.9075],[-84.6225,24.8175],[-84.7125,24.6825],[-85.0275,24.6825],[-85.1175,24.7275],[-85.2075,24.8625],[-85.4775,24.8625],[-85.5225,24.9075],[-85.6575,24.8175],[-85.6575,24.6825],[-85.7475,24.6375],[-85.9725,24.3675],[-86.3325,24.2325],[-86.6025,24.2325],[-86.7825,24.3225],[-87.1425,24.3225],[-87.1875,24.3675],[-87.2325,24.3675],[-87.2775,24.2775],[-87.9075,24.3225],[-88.0875,24.4575],[-88.1325,24.4125],[-88.4025,24.4125],[-88.6275,24.5925],[-88.6275,24.7725],[-88.8075,24.9075],[-89.2575,24.9075],[-89.3025,24.8625],[-89.4825,24.8625],[-89.5725,24.7275],[-89.7075,24.7275],[-89.7075,24.5925],[-89.7975,24.5475],[-89.7075,24.4125],[-89.7075,24.3225],[-89.4375,24.0975],[-89.4375,23.7825],[-89.4825,23.7375],[-89.7075,23.7375],[-89.7075,23.4675],[-89.5725,23.3325],[-89.3025,23.1975],[-89.2125,23.1975],[-89.1675,23.1525],[-89.0775,23.1525],[-89.0325,23.1975],[-88.7625,23.1975],[-88.4025,23.0175],[-88.1325,23.0175],[-87.9975,23.1075],[-87.5925,23.1075],[-87.2775,22.9275],[-87.1875,22.9275],[-86.7825,23.2875],[-86.6025,23.2875],[-86.3775,23.3775],[-86.1075,23.3775],[-85.9725,23.2875],[-85.6125,23.3325],[-85.5675,23.2875],[-85.2525,23.2875],[-85.1175,23.1975],[-84.6675,23.2425],[-84.2175,23.0175],[-84.0825,23.0175],[-83.8575,22.8825],[-83.6325,22.8825],[-83.4975,22.9725],[-83.2275,23.0175],[-82.9125,23.2425],[-82.6875,23.2875],[-82.3725,23.6025],[-82.3725,23.6925],[-82.1925,23.8275],[-82.1475,23.9175],[-82.1475,24.0975],[-82.0575,24.2325],[-81.7875,24.4125],[-81.5175,24.4125],[-81.3375,24.2775],[-81.0225,24.1425],[-80.9775,24.1875],[-80.7975,24.1875],[-80.7525,24.2325],[-80.3925,24.3225],[-80.1225,24.6375],[-80.1225,24.7275],[-80.4825,24.9975],[-80.5275,25.3575],[-80.6625,25.6275],[-80.6175,25.8525],[-80.4375,25.9875],[-80.3475,26.1675],[-80.3475,26.4375],[-80.4825,26.5275],[-80.4375,26.8425],[-80.3475,26.9325],[-80.2125,26.9775],[-80.0325,27.2925],[-79.8525,27.4275],[-79.8975,27.6975],[-79.8075,27.8325],[-79.7175,27.8775],[-79.4925,27.8775],[-79.2675,28.0125],[-79.0875,28.0575],[-79.0425,28.1475],[-78.9975,28.8675],[-78.7725,29.2725],[-78.7275,29.5875],[-78.5925,29.7675],[-78.4575,29.8575],[-78.4575,29.9925]]]]}},{"type":"Feature","id":"Tetlacatian","properties":{"id":"Tetlacatian","tracedAreaKm2":200996},"geometry":{"type":"MultiPolygon","coordinates":[[[[-80.7075,-15.1425],[-80.9325,-15.4125],[-81.2025,-15.5925],[-81.1125,-15.6375],[-80.9325,-15.8625],[-80.5275,-16.0875],[-80.5275,-16.1775],[-80.3925,-16.3125],[-80.2575,-16.3575],[-80.0325,-16.6275],[-79.9875,-16.8525],[-80.0775,-16.9425],[-80.0775,-17.1225],[-79.8975,-17.2575],[-79.8975,-17.3475],[-79.7625,-17.4375],[-79.7625,-17.5275],[-79.5825,-17.6625],[-79.5825,-18.0225],[-79.0875,-18.5175],[-79.0425,-18.5175],[-78.8625,-18.7425],[-78.7275,-18.8325],[-78.7275,-19.0125],[-78.6825,-19.0575],[-78.5925,-19.4175],[-78.3675,-19.7325],[-78.4125,-19.9575],[-78.0525,-20.1375],[-77.4675,-20.7225],[-77.2875,-20.8125],[-77.1075,-20.7225],[-77.0175,-20.6325],[-77.0175,-20.4975],[-77.1075,-20.4075],[-77.1075,-20.2725],[-76.9275,-20.0925],[-76.9275,-20.0475],[-76.7475,-19.9125],[-76.6125,-20.0025],[-76.3875,-19.9575],[-76.2975,-19.8225],[-76.1625,-19.7775],[-76.1175,-19.6425],[-75.9375,-19.5075],[-75.8025,-19.2825],[-75.7125,-19.2375],[-75.7125,-19.0575],[-75.9825,-18.9225],[-76.2075,-18.7425],[-76.2075,-18.7875],[-76.4325,-18.9675],[-76.7925,-18.9675],[-76.8375,-18.9225],[-76.8375,-18.7875],[-76.9725,-18.6975],[-76.9725,-18.4275],[-76.9275,-18.3825],[-76.9275,-18.2925],[-76.8825,-18.2475],[-76.7925,-18.2475],[-76.7475,-18.2025],[-76.7475,-18.1125],[-76.5675,-18.0225],[-76.5675,-17.8425],[-76.5225,-17.7525],[-76.4325,-17.7075],[-76.4325,-17.5275],[-76.5225,-17.4375],[-76.5225,-17.1675],[-76.3875,-17.0775],[-76.3875,-16.8075],[-76.2525,-16.7175],[-76.2525,-16.5825],[-76.2975,-16.5375],[-76.3875,-16.5375],[-76.4775,-16.4475],[-76.4775,-16.0425],[-76.3875,-15.9075],[-76.5675,-15.7725],[-76.5675,-15.4575],[-76.6575,-15.3675],[-76.6575,-15.1425],[-76.7925,-15.0525],[-77.7375,-15.0525],[-78.6825,-15.0525],[-79.6275,-15.0525],[-79.8525,-15.1875],[-79.9875,-15.1875],[-80.2125,-15.0525],[-80.5275,-15.0525],[-80.7075,-15.1425]]]]}}]}